
use jobboard;

INSERT into applicant (ID, FirstName, LastName, DOB, Email, PasswordHASH, Phone, StreetAddress, City, State, Zip)
values (1, 'Jakob', 'Moore', '1978-1-6', 'jmoore0@netscape.com',
        '$2a$04$oP1GenruvjoiwPNmyTTiHu5aEDM2Rjdfbb1RABJP04IAG87TXQjJ2', '602-285-2672', '802 Blackbird Circle',
        'Phoenix', 'Arizona', '85077');
insert into applicant (ID, FirstName, LastName, DOB, Email, PasswordHASH, Phone, StreetAddress, City, State, Zip)
values (2, 'Lynnett', 'Sloss', '2007-11-23', 'lsloss1@wikimedia.org',
        '$2a$04$pXKFwGQze31UisEbwqI9BO4gQakxj3yqoJQUy5NVlV94rn29R0Ijy', '515-750-1658', '19023 Knutson Park',
        'Des Moines', 'Iowa', '50393');
insert into applicant (ID, FirstName, LastName, DOB, Email, PasswordHASH, Phone, StreetAddress, City, State, Zip)
values (3, 'Vinni', 'Kaye', '1960-7-10', 'vkaye2@hatena.ne.jp',
        '$2a$04$YfGKvQGoe/7rTROUwqwPquFcIa4HcFxtQ1FM0eanhtEFj6PjImd4u', '415-123-5783', '326 Fairfield Plaza',
        'San Francisco', 'California', '94164');
insert into applicant (ID, FirstName, LastName, DOB, Email, PasswordHASH, Phone, StreetAddress, City, State, Zip)
values (4, 'Arri', 'Vanns', '1966-11-25', 'avanns3@imageshack.us',
        '$2a$04$DLOzXiRiOoN25B50.jU09uSU/7xtG6o.GYEbfKdxDe.iGqOpxfcZu', '812-203-4104', '131 Columbus Plaza',
        'Evansville', 'Indiana', '47737');
insert into applicant (ID, FirstName, LastName, DOB, Email, PasswordHASH, Phone, StreetAddress, City, State, Zip)
values (5, 'Yard', 'Verchambre', '1966-10-6', 'yverchambre4@bing.com',
        '$2a$04$TWlJIx9BGpNs569IQdcHfeldJGouaYlPuj8fkODUFoSzoarkX5uii', '414-559-6678', '5 Lindbergh Hill', 'Milwaukee',
        'Wisconsin', '53215');
insert into applicant (ID, FirstName, LastName, DOB, Email, PasswordHASH, Phone, StreetAddress, City, State, Zip)
values (6, 'Guenevere', 'Traut', '1988-12-5', 'gtraut5@i2i.jp',
        '$2a$04$tFUSVuxwOYirP8z1oVmLVuv0v0CQzV557YW/OiAx21OWyHrbVtGG2', '203-583-0171', '6 Drewry Crossing',
        'Waterbury', 'Connecticut', '06705');
insert into applicant (ID, FirstName, LastName, DOB, Email, PasswordHASH, Phone, StreetAddress, City, State, Zip)
values (7, 'Julita', 'Feeham', '2004-5-24', 'jfeeham6@paginegialle.it',
        '$2a$04$t3/olklrgRgvl60im4nzbuUUW3D3QMNo1PbAvllyG41m3isu8OYre', '614-379-7235', '4880 Sugar Hill', 'Columbus',
        'Ohio', '43240');
insert into applicant (ID, FirstName, LastName, DOB, Email, PasswordHASH, Phone, StreetAddress, City, State, Zip)
values (8, 'Jessey', 'Smither', '1994-11-12', 'jsmither7@sun.com',
        '$2a$04$DgMR4IKFPTHtMIibYGm54.p5Wro.EjX1OuwSM8NN3LmHydIO4/qkm', '402-411-7733', '00 Service Circle', 'Omaha',
        'Nebraska', '68179');
insert into applicant (ID, FirstName, LastName, DOB, Email, PasswordHASH, Phone, StreetAddress, City, State, Zip)
values (9, 'Lilias', 'Smallsman', '1998-1-19', 'lsmallsman8@si.edu',
        '$2a$04$o87dX8uy3nJKT.5s.ZohpOYZvxP3E2bXyh.flLOU2AmjeUmmVNjZy', '314-121-7981', '326 Thierer Plaza',
        'Saint Louis', 'Missouri', '63126');
insert into applicant (ID, FirstName, LastName, DOB, Email, PasswordHASH, Phone, StreetAddress, City, State, Zip)
values (10, 'Nonna', 'Roakes', '1986-7-25', 'nroakes9@github.io',
        '$2a$04$rKUJBLo2icA/KUafX6XCO.7pobARxNm3FFlBV3EvYvFEGTN5wvcPS', '917-242-7118', '570 Florence Terrace',
        'Jamaica', 'New York', '11436');
insert into applicant (ID, FirstName, LastName, DOB, Email, PasswordHASH, Phone, StreetAddress, City, State, Zip)
values (11, 'Winne', 'Kuhnke', '1977-8-5', 'wkuhnkea@cyberchimps.com',
        '$2a$04$3/Xd.EtRPm2nIorONbdwwuwHoRAB5JSwQnKvPmtpY1wCmuFI.k6V6', '718-886-6515', '90971 Redwing Trail', 'Bronx',
        'New York', '10474');
insert into applicant (ID, FirstName, LastName, DOB, Email, PasswordHASH, Phone, StreetAddress, City, State, Zip)
values (12, 'Robinett', 'Schoenrock', '1959-6-28', 'rschoenrockb@nature.com',
        '$2a$04$8KU2g3WZMeNYZY/fApo0TeC94U1KOsfAy6z026s92TZ3XT8fhykQq', '504-176-1549', '84 Northport Parkway',
        'New Orleans', 'Louisiana', '70179');
insert into applicant (ID, FirstName, LastName, DOB, Email, PasswordHASH, Phone, StreetAddress, City, State, Zip)
values (13, 'Lou', 'Seth', '2001-6-1', 'lsethc@behance.net',
        '$2a$04$pLbMFixadf8EgSuxBZRUh.MbFJNZu2LWhk5cp97p3vxXkKoa0M5QS', '410-752-9203', '2 Jenifer Crossing', 'Ridgely',
        'Maryland', '21684');
insert into applicant (ID, FirstName, LastName, DOB, Email, PasswordHASH, Phone, StreetAddress, City, State, Zip)
values (14, 'Modesty', 'Shall', '1973-7-1', 'mshalld@smh.com.au',
        '$2a$04$vGz23UptNqNXirvovYwqJeSgCgDiQGwTIm3EBS44a2Y0wb.c8um9G', '808-923-9099', '1133 Muir Road', 'Honolulu',
        'Hawaii', '96840');
insert into applicant (ID, FirstName, LastName, DOB, Email, PasswordHASH, Phone, StreetAddress, City, State, Zip)
values (15, 'Kalie', 'Ditter', '1983-7-9', 'kdittere@youtu.be',
        '$2a$04$o2Z4KTDdbXpW0pJhgQxUZ.QxnOh/ZJGGnzEVIIHvBq/6vXW0TD2Iy', '414-943-9022', '27 Eagle Crest Street',
        'Milwaukee', 'Wisconsin', '53220');
insert into applicant (ID, FirstName, LastName, DOB, Email, PasswordHASH, Phone, StreetAddress, City, State, Zip)
values (16, 'Bealle', 'Lemerle', '1989-8-23', 'blemerlef@friendfeed.com',
        '$2a$04$ZPpB0Y84EbmkjoGWkUeKGezMaavO2LlyduYOGHq1zmb5LbY3iS2XG', '214-406-8346', '11262 Derek Parkway', 'Dallas',
        'Texas', '75397');
insert into applicant (ID, FirstName, LastName, DOB, Email, PasswordHASH, Phone, StreetAddress, City, State, Zip)
values (17, 'Conny', 'Kilfoyle', '1970-4-24', 'ckilfoyleg@mail.ru',
        '$2a$04$TLEEIzIsf95OhAM3T.Tm0O/JZDH2qZ30H/uY0zNLMR6Nn5CUTlez.', '727-465-6935', '6 Oak Valley Court',
        'Saint Petersburg', 'Florida', '33737');
insert into applicant (ID, FirstName, LastName, DOB, Email, PasswordHASH, Phone, StreetAddress, City, State, Zip)
values (18, 'Alix', 'Aneley', '1991-2-26', 'aaneleyh@feedburner.com',
        '$2a$04$JFO3kHnefEHOKdj7/8N0W.kGzo9cBVeCzMcWXg6U/kZiGuQabfMMa', '912-637-0147', '8 Di Loreto Center',
        'Savannah', 'Georgia', '31422');
insert into applicant (ID, FirstName, LastName, DOB, Email, PasswordHASH, Phone, StreetAddress, City, State, Zip)
values (19, 'Blayne', 'Hembrow', '1977-6-7', 'bhembrowi@hubpages.com',
        '$2a$04$QS8NXe0.DDzxEexn7WDo5OH.1Csj2HmcDsT.c2HZLEn5vX16A96uO', '602-371-9701', '8 Saint Paul Plaza', 'Phoenix',
        'Arizona', '85020');
insert into applicant (ID, FirstName, LastName, DOB, Email, PasswordHASH, Phone, StreetAddress, City, State, Zip)
values (20, 'Bride', 'Soot', '1973-1-22', 'bsootj@blog.com',
        '$2a$04$dWI4bGwXlgMPs5bYIRjUP.eRAPhlL6TGRrjP3o4J3L3NXpv5cAI2i', '509-837-5792', '77 Oak Drive', 'Spokane',
        'Washington', '99210');
insert into applicant (ID, FirstName, LastName, DOB, Email, PasswordHASH, Phone, StreetAddress, City, State, Zip)
values (21, 'Therine', 'Pablos', '1994-5-27', 'tpablosk@histats.com',
        '$2a$04$e./k.TcdSruC5Frlv7iRmeHaje7Yj0S8wlLNtdYtaOEtAXPzZAS9u', '325-243-7935', '741 Donald Alley', 'Abilene',
        'Texas', '79699');
insert into applicant (ID, FirstName, LastName, DOB, Email, PasswordHASH, Phone, StreetAddress, City, State, Zip)
values (22, 'Beilul', 'Starrs', '1994-4-9', 'bstarrsl@naver.com',
        '$2a$04$OuDPXAArf/lmEFWi84W3I.vS/Cp3nhRWVtXx1.t2PHAKYFo.Aw2im', '305-670-9632', '07 Redwing Court', 'Miami',
        'Florida', '33142');
insert into applicant (ID, FirstName, LastName, DOB, Email, PasswordHASH, Phone, StreetAddress, City, State, Zip)
values (23, 'Ermengarde', 'Sidey', '1969-3-4', 'esideym@delicious.com',
        '$2a$04$jJUZzoJrf24OxLHKrqgcxe.YSI3MFU7sZ7HzCTQrxkzSXXI/P187a', '720-699-6490', '5 Cambridge Avenue', 'Denver',
        'Colorado', '80255');
insert into applicant (ID, FirstName, LastName, DOB, Email, PasswordHASH, Phone, StreetAddress, City, State, Zip)
values (24, 'Katharyn', 'Lattos', '1964-3-31', 'klattosn@amazon.de',
        '$2a$04$ZCqga3KqW3DfEgzEY9opTe4gs/s3K/FGSoMKtu0Y7tFO8307h/XXG', '310-188-2376', '41 Straubel Lane',
        'San Francisco', 'California', '94105');
insert into applicant (ID, FirstName, LastName, DOB, Email, PasswordHASH, Phone, StreetAddress, City, State, Zip)
values (25, 'Emlynn', 'Gartsyde', '1995-4-18', 'egartsydeo@sina.com.cn',
        '$2a$04$7ZuKMMx44vd5EWfuFqVcKeYPYGoVPWh/EsTi04Nk21js49ucSW05y', '334-742-1754', '992 Little Fleur Trail',
        'Montgomery', 'Alabama', '36195');
insert into applicant (ID, FirstName, LastName, DOB, Email, PasswordHASH, Phone, StreetAddress, City, State, Zip)
values (26, 'Abrahan', 'Jakubovicz', '1993-11-8', 'ajakuboviczp@google.com.au',
        '$2a$04$K5VG6MvSUMvVAEcahWq0HOpZ3nmAe/ioZEi/uN.oUn8R2h3SvWMHS', '808-886-2271', '080 Manitowish Alley',
        'Honolulu', 'Hawaii', '96840');
insert into applicant (ID, FirstName, LastName, DOB, Email, PasswordHASH, Phone, StreetAddress, City, State, Zip)
values (27, 'Donn', 'Bolt', '1992-12-9', 'dboltq@bluehost.com',
        '$2a$04$HrVvkLJ3SPi3.3qpNZycGuo3YOdQ1DQADEFd5VUq5UkOq86l4AfEi', '571-908-4256', '6 Bellgrove Place',
        'Merrifield', 'Virginia', '22119');
insert into applicant (ID, FirstName, LastName, DOB, Email, PasswordHASH, Phone, StreetAddress, City, State, Zip)
values (28, 'Adiana', 'Hassin', '2002-7-20', 'ahassinr@clickbank.net',
        '$2a$04$EFrEGMuTyFnQCSomilprdOJBy58yLsZFTeH7HSz8oIoJ5arTSqEYW', '562-403-3332', '8274 Del Sol Crossing',
        'Los Angeles', 'California', '90015');
insert into applicant (ID, FirstName, LastName, DOB, Email, PasswordHASH, Phone, StreetAddress, City, State, Zip)
values (29, 'Giffy', 'Jagels', '1967-2-1', 'gjagelss@simplemachines.org',
        '$2a$04$aBmMPz7ACHdGhOnrSkDFn.kDHzGcVj92MUvJVfAFyyppF5byDP246', '917-925-2348', '25693 Buell Way', 'Jamaica',
        'New York', '11436');
insert into applicant (ID, FirstName, LastName, DOB, Email, PasswordHASH, Phone, StreetAddress, City, State, Zip)
values (30, 'Mallory', 'Allibon', '1985-9-10', 'mallibont@usgs.gov',
        '$2a$04$x.YcVfcBbI7Xoj8VKNqbGeO2s7yoOfSv34gdEHhBcZl9SbOIGy3ri', '314-165-0048', '487 Fremont Junction',
        'Saint Louis', 'Missouri', '63196');
insert into applicant (ID, FirstName, LastName, DOB, Email, PasswordHASH, Phone, StreetAddress, City, State, Zip)
values (31, 'Eloisa', 'Plessing', '1988-3-16', 'eplessingu@uol.com.br',
        '$2a$04$GdXpY2Y.5CVQdCSNTQ5QUu7qV6g29Nlwmlzv3J4gWc2.TUgxXJH1y', '727-463-4875', '4 Everett Way', 'Clearwater',
        'Florida', '34620');
insert into applicant (ID, FirstName, LastName, DOB, Email, PasswordHASH, Phone, StreetAddress, City, State, Zip)
values (32, 'Carlota', 'Pinchen', '2005-9-22', 'cpinchenv@so-net.ne.jp',
        '$2a$04$zzSXQh189IiuqpQP85dpzeEKlWsiNyHp58H.L1yxJHSqzLlWn93By', '936-551-2980', '5 Cascade Center', 'Beaumont',
        'Texas', '77713');
insert into applicant (ID, FirstName, LastName, DOB, Email, PasswordHASH, Phone, StreetAddress, City, State, Zip)
values (33, 'Gratia', 'Nisius', '1969-6-9', 'gnisiusw@storify.com',
        '$2a$04$bJcUqWoPRwTqlib950RayeIrpeEMvyFscmcDGZ0l4e.po3Sxd.W6a', '339-346-3909', '23826 Carpenter Lane', 'Lynn',
        'Massachusetts', '01905');
insert into applicant (ID, FirstName, LastName, DOB, Email, PasswordHASH, Phone, StreetAddress, City, State, Zip)
values (34, 'Moe', 'Czapla', '1958-7-15', 'mczaplax@miitbeian.gov.cn',
        '$2a$04$G1edeZZFleR/3pyxKzZgb.F/ATIqVmT.A6kVgBD.a98SHHNKozUY2', '804-153-7102', '844 Lerdahl Alley', 'Richmond',
        'Virginia', '23208');
insert into applicant (ID, FirstName, LastName, DOB, Email, PasswordHASH, Phone, StreetAddress, City, State, Zip)
values (35, 'Abramo', 'Flucks', '1965-10-19', 'aflucksy@bloglines.com',
        '$2a$04$rvdeAXOFgMMva.WRZKCGhuxKvrH7waZ9v4zL2xLEtG0Jd6Xl6hMCu', '612-823-3750', '45 Fisk Drive', 'Saint Paul',
        'Minnesota', '55123');
insert into applicant (ID, FirstName, LastName, DOB, Email, PasswordHASH, Phone, StreetAddress, City, State, Zip)
values (36, 'Mei', 'Goldby', '1971-7-24', 'mgoldbyz@cnet.com',
        '$2a$04$ENQnS8dBZkzDVpsMbcnU6ePmrKtPJG84xILpZVe3YflvaybThjts2', '610-272-8733', '792 Corscot Drive',
        'Allentown', 'Pennsylvania', '18105');
insert into applicant (ID, FirstName, LastName, DOB, Email, PasswordHASH, Phone, StreetAddress, City, State, Zip)
values (37, 'Lilli', 'Egar', '2005-2-5', 'legar10@liveinternet.ru',
        '$2a$04$4DSOT0XobSxOyXcTtEg0DuuR0YaTBA43kfyX8o5XmqFmct5zTCgAa', '919-141-5191', '70 Randy Crossing', 'Raleigh',
        'North Carolina', '27610');
insert into applicant (ID, FirstName, LastName, DOB, Email, PasswordHASH, Phone, StreetAddress, City, State, Zip)
values (38, 'Carlyle', 'Ropkins', '2002-1-3', 'cropkins11@seattletimes.com',
        '$2a$04$XjE3IjYsy56NICNsHDX7Yu3eih.hOxpxSecosYuy23e2WnKAlKI4.', '817-769-9683', '3 Clarendon Crossing',
        'Fort Worth', 'Texas', '76129');
insert into applicant (ID, FirstName, LastName, DOB, Email, PasswordHASH, Phone, StreetAddress, City, State, Zip)
values (39, 'York', 'Thurstan', '1998-1-3', 'ythurstan12@webnode.com',
        '$2a$04$tx7v6oYxiaVLi4UfqWjRe.QooH1oId2.14CreyP74xgsSEKXOYJre', '812-742-6915', '264 Mockingbird Lane',
        'Evansville', 'Indiana', '47747');
insert into applicant (ID, FirstName, LastName, DOB, Email, PasswordHASH, Phone, StreetAddress, City, State, Zip)
values (40, 'Shirlene', 'Yoxall', '1966-1-3', 'syoxall13@unesco.org',
        '$2a$04$X7bAl8PbA/DfR75b4GuOAOQT4eOXq4Hu3J8sax3jsSue3utJ4FsVi', '312-339-2759', '93675 Caliangt Trail',
        'Chicago', 'Illinois', '60609');
insert into applicant (ID, FirstName, LastName, DOB, Email, PasswordHASH, Phone, StreetAddress, City, State, Zip)
values (41, 'Kassia', 'Wenn', '1986-10-18', 'kwenn14@ibm.com',
        '$2a$04$fLLGu6aG2OkUAr5Vve9Lne5W62KUyZHsryy51QOnTjGU4xF5Yu/Km', '360-208-9942', '4 Acker Junction', 'Seattle',
        'Washington', '98158');
insert into applicant (ID, FirstName, LastName, DOB, Email, PasswordHASH, Phone, StreetAddress, City, State, Zip)
values (42, 'Martin', 'Paulmann', '1994-8-27', 'mpaulmann15@cloudflare.com',
        '$2a$04$RQFSsJVF8abyzRG7o2fetOcx3IgqnHDroxRD.eyZ2ScsOD6v.kbc2', '808-113-5534', '64 Nevada Place', 'Honolulu',
        'Hawaii', '96845');
insert into applicant (ID, FirstName, LastName, DOB, Email, PasswordHASH, Phone, StreetAddress, City, State, Zip)
values (43, 'Ursuline', 'Tuminini', '1972-11-22', 'utuminini16@fema.gov',
        '$2a$04$0p85VKH/NjQBW223jBCAdOjsGKOOAaUDDblh1gOW57LiCwAOpUCjS', '513-395-1531', '676 Prairie Rose Circle',
        'Cincinnati', 'Ohio', '45271');
insert into applicant (ID, FirstName, LastName, DOB, Email, PasswordHASH, Phone, StreetAddress, City, State, Zip)
values (44, 'Melamie', 'Moland', '1980-5-7', 'mmoland17@hibu.com',
        '$2a$04$MDum68MpAZmwULIwFNWkAe0BnhaefCK0xa3u3N292KBz6SBssloKm', '916-249-0536', '6998 Monument Lane',
        'Sacramento', 'California', '94263');
insert into applicant (ID, FirstName, LastName, DOB, Email, PasswordHASH, Phone, StreetAddress, City, State, Zip)
values (45, 'Shelley', 'Sudran', '2002-3-2', 'ssudran18@omniture.com',
        '$2a$04$vqDNyROly9mdqLRiZVtOJ.lMUWGpCHoec4et4uKLvOiCGGJ6miWYO', '509-362-5595', '7445 Hintze Point', 'Spokane',
        'Washington', '99210');
insert into applicant (ID, FirstName, LastName, DOB, Email, PasswordHASH, Phone, StreetAddress, City, State, Zip)
values (46, 'Bryana', 'Bolles', '2004-6-5', 'bbolles19@woothemes.com',
        '$2a$04$2J7ZMjd15Y4JeNm7i8DnG.zJ8MWdGibD0xtmhUqLn7fElDhf2RsG2', '225-710-0795', '99023 Burning Wood Place',
        'Baton Rouge', 'Louisiana', '70894');
insert into applicant (ID, FirstName, LastName, DOB, Email, PasswordHASH, Phone, StreetAddress, City, State, Zip)
values (47, 'Enrika', 'Saunderson', '1964-12-12', 'esaunderson1a@csmonitor.com',
        '$2a$04$ksj1GcIIzA0cKRmh0iAM9eY/HBbaQtEUqHkfDLBLzsWrOI3ev7Qx6', '520-603-8243', '4 Burrows Terrace', 'Tucson',
        'Arizona', '85743');
insert into applicant (ID, FirstName, LastName, DOB, Email, PasswordHASH, Phone, StreetAddress, City, State, Zip)
values (48, 'Davin', 'Leedal', '1999-1-16', 'dleedal1b@ovh.net',
        '$2a$04$G8S3rQzh6TuqZBJR4OZH6OnXcg88nTSJCrC0gtU2sjceziu4CyAFO', '720-843-6616', '4284 Pine View Plaza',
        'Arvada', 'Colorado', '80005');
insert into applicant (ID, FirstName, LastName, DOB, Email, PasswordHASH, Phone, StreetAddress, City, State, Zip)
values (49, 'Marnie', 'De Roeck', '1985-7-17', 'mderoeck1c@naver.com',
        '$2a$04$SdB9ZOJg6GUzudg6RRs1geZaSH0b.fsRJTSdu4vDOEL1j2h0G7Dym', '713-767-9035', '78356 Maple Hill', 'Houston',
        'Texas', '77260');
insert into applicant (ID, FirstName, LastName, DOB, Email, PasswordHASH, Phone, StreetAddress, City, State, Zip)
values (50, 'Binky', 'Scarfe', '1966-10-20', 'bscarfe1d@rakuten.co.jp',
        '$2a$04$xekifd29obqEvt7IIkBJY.P1OOO2sNDnyIXqVKtM6xg.j/iVrsxbW', '952-887-3811', '5758 Autumn Leaf Plaza',
        'Young America', 'Minnesota', '55551');

-- wants


insert into wants (WantID, ApplicantID, WantDescription)
values (1, '27', 'nam congue risus semper porta volutpat quam');
insert into wants (WantID, ApplicantID, WantDescription)
values (2, '4', 'eu pede');
insert into wants (WantID, ApplicantID, WantDescription)
values (3, '32', 'lacinia');
insert into wants (WantID, ApplicantID, WantDescription)
values (4, '15', 'nulla tellus in sagittis dui vel nisl');
insert into wants (WantID, ApplicantID, WantDescription)
values (5, '9', 'in libero ut massa volutpat convallis morbi');
insert into wants (WantID, ApplicantID, WantDescription)
values (6, '36', 'orci mauris lacinia sapien');
insert into wants (WantID, ApplicantID, WantDescription)
values (7, '11', 'justo maecenas rhoncus aliquam lacus morbi quis tortor');
insert into wants (WantID, ApplicantID, WantDescription)
values (8, '35', 'feugiat non pretium quis lectus suspendisse');
insert into wants (WantID, ApplicantID, WantDescription)
values (9, '39', 'justo nec condimentum neque sapien');
insert into wants (WantID, ApplicantID, WantDescription)
values (10, '43', 'pede morbi porttitor lorem id ligula');
insert into wants (WantID, ApplicantID, WantDescription)
values (11, '37', 'et magnis dis parturient');
insert into wants (WantID, ApplicantID, WantDescription)
values (12, '40', 'augue aliquam erat volutpat in congue etiam justo');
insert into wants (WantID, ApplicantID, WantDescription)
values (13, '18', 'eleifend quam a odio in hac');
insert into wants (WantID, ApplicantID, WantDescription)
values (14, '30', 'nunc purus phasellus in felis donec semper');
insert into wants (WantID, ApplicantID, WantDescription)
values (15, '3', 'mi nulla');
insert into wants (WantID, ApplicantID, WantDescription)
values (16, '23', 'orci luctus et ultrices posuere cubilia curae donec');
insert into wants (WantID, ApplicantID, WantDescription)
values (17, '34', 'aliquet massa id lobortis convallis tortor risus dapibus');
insert into wants (WantID, ApplicantID, WantDescription)
values (18, '10', 'nibh in lectus pellentesque at nulla suspendisse potenti');
insert into wants (WantID, ApplicantID, WantDescription)
values (19, '22', 'a odio');
insert into wants (WantID, ApplicantID, WantDescription)
values (20, '46', 'cursus urna ut tellus nulla ut erat');
insert into wants (WantID, ApplicantID, WantDescription)
values (21, '38', 'lorem ipsum dolor sit');
insert into wants (WantID, ApplicantID, WantDescription)
values (22, '31', 'porttitor lorem id ligula suspendisse');
insert into wants (WantID, ApplicantID, WantDescription)
values (23, '8', 'tempor turpis nec euismod scelerisque quam');
insert into wants (WantID, ApplicantID, WantDescription)
values (24, '26', 'faucibus accumsan odio curabitur convallis');
insert into wants (WantID, ApplicantID, WantDescription)
values (25, '33', 'nec sem duis aliquam');
insert into wants (WantID, ApplicantID, WantDescription)
values (26, '25', 'dolor vel est donec odio justo');
insert into wants (WantID, ApplicantID, WantDescription)
values (27, '48', 'amet cursus id turpis integer');
insert into wants (WantID, ApplicantID, WantDescription)
values (28, '28', 'nec molestie sed justo pellentesque viverra pede ac');
insert into wants (WantID, ApplicantID, WantDescription)
values (29, '41', 'rutrum ac lobortis');
insert into wants (WantID, ApplicantID, WantDescription)
values (30, '45', 'donec');
insert into wants (WantID, ApplicantID, WantDescription)
values (31, '24', 'at nunc commodo placerat praesent');
insert into wants (WantID, ApplicantID, WantDescription)
values (32, '42', 'fringilla rhoncus mauris enim');
insert into wants (WantID, ApplicantID, WantDescription)
values (33, '50', 'vel dapibus at diam nam tristique tortor eu');
insert into wants (WantID, ApplicantID, WantDescription)
values (34, '1', 'velit id pretium');
insert into wants (WantID, ApplicantID, WantDescription)
values (35, '2', 'nunc donec quis');
insert into wants (WantID, ApplicantID, WantDescription)
values (36, '12', 'vestibulum sagittis sapien cum sociis natoque');
insert into wants (WantID, ApplicantID, WantDescription)
values (37, '13', 'at lorem integer tincidunt');
insert into wants (WantID, ApplicantID, WantDescription)
values (38, '29', 'neque aenean auctor gravida sem praesent id');
insert into wants (WantID, ApplicantID, WantDescription)
values (39, '21', 'elit sodales scelerisque mauris sit amet');
insert into wants (WantID, ApplicantID, WantDescription)
values (40, '6', 'id pretium iaculis diam erat fermentum justo');
insert into wants (WantID, ApplicantID, WantDescription)
values (41, '5', 'tempus vivamus in felis eu sapien');
insert into wants (WantID, ApplicantID, WantDescription)
values (42, '16', 'vel augue');
insert into wants (WantID, ApplicantID, WantDescription)
values (43, '19', 'interdum mauris ullamcorper purus');
insert into wants (WantID, ApplicantID, WantDescription)
values (44, '17', 'leo pellentesque ultrices mattis odio donec vitae nisi');
insert into wants (WantID, ApplicantID, WantDescription)
values (45, '47', 'vestibulum sit amet cursus id');
insert into wants (WantID, ApplicantID, WantDescription)
values (46, '44', 'sodales sed tincidunt eu felis');
insert into wants (WantID, ApplicantID, WantDescription)
values (47, '49', 'aliquet massa');
insert into wants (WantID, ApplicantID, WantDescription)
values (48, '14', 'cras in purus eu');
insert into wants (WantID, ApplicantID, WantDescription)
values (49, '7', 'turpis integer aliquet massa id');
insert into wants (WantID, ApplicantID, WantDescription)
values (50, '20', 'lectus in est risus auctor sed');

-- pdf resume


insert into pdf_resume (pdfID, ApplicantID, PdfFilename)
values (1, '21', 'amet.pdf');
insert into pdf_resume (pdfID, ApplicantID, PdfFilename)
values (2, '2', 'proin.pdf');
insert into pdf_resume (pdfID, ApplicantID, PdfFilename)
values (3, '19', 'maecenas.pdf');
insert into pdf_resume (pdfID, ApplicantID, PdfFilename)
values (4, '30', 'sagittis.pdf');
insert into pdf_resume (pdfID, ApplicantID, PdfFilename)
values (5, '28', 'volutpat.pdf');
insert into pdf_resume (pdfID, ApplicantID, PdfFilename)
values (6, '35', 'in.pdf');
insert into pdf_resume (pdfID, ApplicantID, PdfFilename)
values (7, '11', 'vehicula.pdf');
insert into pdf_resume (pdfID, ApplicantID, PdfFilename)
values (8, '36', 'nisi.pdf');
insert into pdf_resume (pdfID, ApplicantID, PdfFilename)
values (9, '40', 'in.pdf');
insert into pdf_resume (pdfID, ApplicantID, PdfFilename)
values (10, '45', 'penatibus.pdf');
insert into pdf_resume (pdfID, ApplicantID, PdfFilename)
values (11, '46', 'mauris.pdf');
insert into pdf_resume (pdfID, ApplicantID, PdfFilename)
values (12, '17', 'morbi.pdf');
insert into pdf_resume (pdfID, ApplicantID, PdfFilename)
values (13, '50', 'rutrum.pdf');
insert into pdf_resume (pdfID, ApplicantID, PdfFilename)
values (14, '16', 'a.pdf');
insert into pdf_resume (pdfID, ApplicantID, PdfFilename)
values (15, '27', 'odio.pdf');
insert into pdf_resume (pdfID, ApplicantID, PdfFilename)
values (16, '5', 'nunc.pdf');
insert into pdf_resume (pdfID, ApplicantID, PdfFilename)
values (17, '39', 'in.pdf');
insert into pdf_resume (pdfID, ApplicantID, PdfFilename)
values (18, '8', 'nibh.pdf');
insert into pdf_resume (pdfID, ApplicantID, PdfFilename)
values (19, '18', 'integer.pdf');
insert into pdf_resume (pdfID, ApplicantID, PdfFilename)
values (20, '41', 'felis.pdf');
insert into pdf_resume (pdfID, ApplicantID, PdfFilename)
values (21, '32', 'pede.pdf');
insert into pdf_resume (pdfID, ApplicantID, PdfFilename)
values (22, '10', 'pharetra.pdf');
insert into pdf_resume (pdfID, ApplicantID, PdfFilename)
values (23, '1', 'aliquet.pdf');
insert into pdf_resume (pdfID, ApplicantID, PdfFilename)
values (24, '12', 'posuere.pdf');
insert into pdf_resume (pdfID, ApplicantID, PdfFilename)
values (25, '33', 'dictumst.pdf');
insert into pdf_resume (pdfID, ApplicantID, PdfFilename)
values (26, '38', 'sapien.pdf');
insert into pdf_resume (pdfID, ApplicantID, PdfFilename)
values (27, '14', 'posuere.pdf');
insert into pdf_resume (pdfID, ApplicantID, PdfFilename)
values (28, '47', 'ipsum.pdf');
insert into pdf_resume (pdfID, ApplicantID, PdfFilename)
values (29, '25', 'lobortis.pdf');
insert into pdf_resume (pdfID, ApplicantID, PdfFilename)
values (30, '43', 'lacinia.pdf');
insert into pdf_resume (pdfID, ApplicantID, PdfFilename)
values (31, '22', 'consectetuer.pdf');
insert into pdf_resume (pdfID, ApplicantID, PdfFilename)
values (32, '13', 'pellentesque.pdf');
insert into pdf_resume (pdfID, ApplicantID, PdfFilename)
values (33, '29', 'eleifend.pdf');
insert into pdf_resume (pdfID, ApplicantID, PdfFilename)
values (34, '44', 'nunc.pdf');
insert into pdf_resume (pdfID, ApplicantID, PdfFilename)
values (35, '4', 'nibh.pdf');
insert into pdf_resume (pdfID, ApplicantID, PdfFilename)
values (36, '7', 'in.pdf');
insert into pdf_resume (pdfID, ApplicantID, PdfFilename)
values (37, '49', 'vitae.pdf');
insert into pdf_resume (pdfID, ApplicantID, PdfFilename)
values (38, '6', 'vestibulum.pdf');
insert into pdf_resume (pdfID, ApplicantID, PdfFilename)
values (39, '48', 'aliquam.pdf');
insert into pdf_resume (pdfID, ApplicantID, PdfFilename)
values (40, '9', 'arcu.pdf');
insert into pdf_resume (pdfID, ApplicantID, PdfFilename)
values (41, '24', 'vel.pdf');
insert into pdf_resume (pdfID, ApplicantID, PdfFilename)
values (42, '3', 'aliquam.pdf');
insert into pdf_resume (pdfID, ApplicantID, PdfFilename)
values (43, '42', 'augue.pdf');
insert into pdf_resume (pdfID, ApplicantID, PdfFilename)
values (44, '26', 'odio.pdf');
insert into pdf_resume (pdfID, ApplicantID, PdfFilename)
values (45, '20', 'eu.pdf');
insert into pdf_resume (pdfID, ApplicantID, PdfFilename)
values (46, '15', 'nisl.pdf');
insert into pdf_resume (pdfID, ApplicantID, PdfFilename)
values (47, '23', 'eu.pdf');
insert into pdf_resume (pdfID, ApplicantID, PdfFilename)
values (48, '31', 'semper.pdf');
insert into pdf_resume (pdfID, ApplicantID, PdfFilename)
values (49, '37', 'pede.pdf');
insert into pdf_resume (pdfID, ApplicantID, PdfFilename)
values (50, '34', 'nisl.pdf');


-- company


insert into company (CompanyID, Name, about)
values (1, 'Divanoodle',
        'Donec semper sapien a libero. Nam dui. Proin leo odio, porttitor id, consequat in, consequat ut, nulla.');
insert into company (CompanyID, Name, about)
values (2, 'Browsetype',
        'Maecenas tincidunt lacus at velit. Vivamus vel nulla eget eros elementum pellentesque. Quisque porta volutpat erat. Quisque erat eros, viverra eget, congue eget, semper rutrum, nulla. Nunc purus.');
insert into company (CompanyID, Name, about)
values (3, 'Mynte', 'Etiam vel augue. Vestibulum rutrum rutrum neque.');
insert into company (CompanyID, Name, about)
values (4, 'Feedbug',
        'Proin leo odio, porttitor id, consequat in, consequat ut, nulla. Sed accumsan felis. Ut at dolor quis odio consequat varius.');
insert into company (CompanyID, Name, about)
values (5, 'Browsedrive',
        'Aliquam sit amet diam in magna bibendum imperdiet. Nullam orci pede, venenatis non, sodales sed, tincidunt eu, felis. Fusce posuere felis sed lacus.');
insert into company (CompanyID, Name, about)
values (6, 'Blognation',
        'Donec odio justo, sollicitudin ut, suscipit a, feugiat et, eros. Vestibulum ac est lacinia nisi venenatis tristique. Fusce congue, diam id ornare imperdiet, sapien urna pretium nisl, ut volutpat sapien arcu sed augue.');
insert into company (CompanyID, Name, about)
values (7, 'Twitternation', 'Cum sociis natoque penatibus et magnis dis parturient montes, nascetur ridiculus mus.');
insert into company (CompanyID, Name, about)
values (8, 'Pixope',
        'Nulla facilisi. Cras non velit nec nisi vulputate nonummy. Maecenas tincidunt lacus at velit. Vivamus vel nulla eget eros elementum pellentesque. Quisque porta volutpat erat.');
insert into company (CompanyID, Name, about)
values (9, 'Mydo',
        'Proin leo odio, porttitor id, consequat in, consequat ut, nulla. Sed accumsan felis. Ut at dolor quis odio consequat varius. Integer ac leo. Pellentesque ultrices mattis odio.');
insert into company (CompanyID, Name, about)
values (10, 'Reallinks',
        'Donec vitae nisi. Nam ultrices, libero non mattis pulvinar, nulla pede ullamcorper augue, a suscipit nulla elit ac nulla. Sed vel enim sit amet nunc viverra dapibus. Nulla suscipit ligula in lacus.');
insert into company (CompanyID, Name, about)
values (11, 'Tazz',
        'Donec ut dolor. Morbi vel lectus in quam fringilla rhoncus. Mauris enim leo, rhoncus sed, vestibulum sit amet, cursus id, turpis. Integer aliquet, massa id lobortis convallis, tortor risus dapibus augue, vel accumsan tellus nisi eu orci. Mauris lacinia sapien quis libero.');
insert into company (CompanyID, Name, about)
values (12, 'Topdrive',
        'Pellentesque viverra pede ac diam. Cras pellentesque volutpat dui. Maecenas tristique, est et tempus semper, est quam pharetra magna, ac consequat metus sapien ut nunc. Vestibulum ante ipsum primis in faucibus orci luctus et ultrices posuere cubilia Curae; Mauris viverra diam vitae quam. Suspendisse potenti.');
insert into company (CompanyID, Name, about)
values (13, 'Katz', 'Nulla tempus.');
insert into company (CompanyID, Name, about)
values (14, 'Wordpedia',
        'Sed sagittis. Nam congue, risus semper porta volutpat, quam pede lobortis ligula, sit amet eleifend pede libero quis orci. Nullam molestie nibh in lectus. Pellentesque at nulla.');
insert into company (CompanyID, Name, about)
values (15, 'Dazzlesphere',
        'In est risus, auctor sed, tristique in, tempus sit amet, sem. Fusce consequat. Nulla nisl. Nunc nisl.');
insert into company (CompanyID, Name, about)
values (16, 'Eabox', 'Integer tincidunt ante vel ipsum. Praesent blandit lacinia erat.');
insert into company (CompanyID, Name, about)
values (17, 'Blognation',
        'Nam ultrices, libero non mattis pulvinar, nulla pede ullamcorper augue, a suscipit nulla elit ac nulla. Sed vel enim sit amet nunc viverra dapibus.');
insert into company (CompanyID, Name, about)
values (18, 'Oyoloo', 'Maecenas pulvinar lobortis est.');
insert into company (CompanyID, Name, about)
values (19, 'Skimia', 'Sed ante.');
insert into company (CompanyID, Name, about)
values (20, 'Aimbo',
        'Aliquam augue quam, sollicitudin vitae, consectetuer eget, rutrum at, lorem. Integer tincidunt ante vel ipsum. Praesent blandit lacinia erat. Vestibulum sed magna at nunc commodo placerat.');
insert into company (CompanyID, Name, about)
values (21, 'Dynava',
        'Integer aliquet, massa id lobortis convallis, tortor risus dapibus augue, vel accumsan tellus nisi eu orci.');
insert into company (CompanyID, Name, about)
values (22, 'Rhynyx', 'Suspendisse potenti. In eleifend quam a odio.');
insert into company (CompanyID, Name, about)
values (23, 'Pixonyx',
        'Integer pede justo, lacinia eget, tincidunt eget, tempus vel, pede. Morbi porttitor lorem id ligula. Suspendisse ornare consequat lectus. In est risus, auctor sed, tristique in, tempus sit amet, sem.');
insert into company (CompanyID, Name, about)
values (24, 'Shuffledrive',
        'Quisque arcu libero, rutrum ac, lobortis vel, dapibus at, diam. Nam tristique tortor eu pede.');
insert into company (CompanyID, Name, about)
values (25, 'Divanoodle',
        'Vestibulum sed magna at nunc commodo placerat. Praesent blandit. Nam nulla. Integer pede justo, lacinia eget, tincidunt eget, tempus vel, pede. Morbi porttitor lorem id ligula.');
insert into company (CompanyID, Name, about)
values (26, 'Thoughtbridge',
        'Nunc rhoncus dui vel sem. Sed sagittis. Nam congue, risus semper porta volutpat, quam pede lobortis ligula, sit amet eleifend pede libero quis orci. Nullam molestie nibh in lectus.');
insert into company (CompanyID, Name, about)
values (27, 'Zoozzy', 'Etiam vel augue. Vestibulum rutrum rutrum neque. Aenean auctor gravida sem.');
insert into company (CompanyID, Name, about)
values (28, 'Twinder',
        'Aliquam augue quam, sollicitudin vitae, consectetuer eget, rutrum at, lorem. Integer tincidunt ante vel ipsum. Praesent blandit lacinia erat. Vestibulum sed magna at nunc commodo placerat.');
insert into company (CompanyID, Name, about)
values (29, 'Meembee',
        'Aenean lectus. Pellentesque eget nunc. Donec quis orci eget orci vehicula condimentum. Curabitur in libero ut massa volutpat convallis. Morbi odio odio, elementum eu, interdum eu, tincidunt in, leo.');
insert into company (CompanyID, Name, about)
values (30, 'Brainsphere',
        'Lorem ipsum dolor sit amet, consectetuer adipiscing elit. Proin interdum mauris non ligula pellentesque ultrices.');
insert into company (CompanyID, Name, about)
values (31, 'Avavee',
        'In est risus, auctor sed, tristique in, tempus sit amet, sem. Fusce consequat. Nulla nisl. Nunc nisl.');
insert into company (CompanyID, Name, about)
values (32, 'Jazzy',
        'Cum sociis natoque penatibus et magnis dis parturient montes, nascetur ridiculus mus. Etiam vel augue. Vestibulum rutrum rutrum neque.');
insert into company (CompanyID, Name, about)
values (33, 'Trilith',
        'Fusce lacus purus, aliquet at, feugiat non, pretium quis, lectus. Suspendisse potenti. In eleifend quam a odio. In hac habitasse platea dictumst. Maecenas ut massa quis augue luctus tincidunt.');
insert into company (CompanyID, Name, about)
values (34, 'Wordpedia', 'Integer tincidunt ante vel ipsum.');
insert into company (CompanyID, Name, about)
values (35, 'Blogpad',
        'Nullam orci pede, venenatis non, sodales sed, tincidunt eu, felis. Fusce posuere felis sed lacus. Morbi sem mauris, laoreet ut, rhoncus aliquet, pulvinar sed, nisl. Nunc rhoncus dui vel sem. Sed sagittis.');
insert into company (CompanyID, Name, about)
values (36, 'Oyonder', 'Pellentesque viverra pede ac diam.');
insert into company (CompanyID, Name, about)
values (37, 'Centizu',
        'Integer ac leo. Pellentesque ultrices mattis odio. Donec vitae nisi. Nam ultrices, libero non mattis pulvinar, nulla pede ullamcorper augue, a suscipit nulla elit ac nulla.');
insert into company (CompanyID, Name, about)
values (38, 'Flashpoint',
        'Morbi vel lectus in quam fringilla rhoncus. Mauris enim leo, rhoncus sed, vestibulum sit amet, cursus id, turpis.');
insert into company (CompanyID, Name, about)
values (39, 'Oyoloo', 'Fusce lacus purus, aliquet at, feugiat non, pretium quis, lectus. Suspendisse potenti.');
insert into company (CompanyID, Name, about)
values (40, 'Shufflester',
        'Curabitur convallis. Duis consequat dui nec nisi volutpat eleifend. Donec ut dolor. Morbi vel lectus in quam fringilla rhoncus. Mauris enim leo, rhoncus sed, vestibulum sit amet, cursus id, turpis.');
insert into company (CompanyID, Name, about)
values (41, 'Brainsphere',
        'Donec ut dolor. Morbi vel lectus in quam fringilla rhoncus. Mauris enim leo, rhoncus sed, vestibulum sit amet, cursus id, turpis. Integer aliquet, massa id lobortis convallis, tortor risus dapibus augue, vel accumsan tellus nisi eu orci. Mauris lacinia sapien quis libero.');
insert into company (CompanyID, Name, about)
values (42, 'Oyope', 'Nulla ut erat id mauris vulputate elementum. Nullam varius. Nulla facilisi.');
insert into company (CompanyID, Name, about)
values (43, 'Twimbo', 'Nulla facilisi. Cras non velit nec nisi vulputate nonummy.');
insert into company (CompanyID, Name, about)
values (44, 'Midel', 'Proin risus.');
insert into company (CompanyID, Name, about)
values (45, 'Reallinks',
        'Vestibulum quam sapien, varius ut, blandit non, interdum in, ante. Vestibulum ante ipsum primis in faucibus orci luctus et ultrices posuere cubilia Curae; Duis faucibus accumsan odio. Curabitur convallis.');
insert into company (CompanyID, Name, about)
values (46, 'Reallinks',
        'Cras non velit nec nisi vulputate nonummy. Maecenas tincidunt lacus at velit. Vivamus vel nulla eget eros elementum pellentesque. Quisque porta volutpat erat. Quisque erat eros, viverra eget, congue eget, semper rutrum, nulla.');
insert into company (CompanyID, Name, about)
values (47, 'Thoughtmix',
        'Cum sociis natoque penatibus et magnis dis parturient montes, nascetur ridiculus mus. Vivamus vestibulum sagittis sapien.');
insert into company (CompanyID, Name, about)
values (48, 'Realcube',
        'Donec posuere metus vitae ipsum. Aliquam non mauris. Morbi non lectus. Aliquam sit amet diam in magna bibendum imperdiet.');
insert into company (CompanyID, Name, about)
values (49, 'Wikivu',
        'Donec posuere metus vitae ipsum. Aliquam non mauris. Morbi non lectus. Aliquam sit amet diam in magna bibendum imperdiet. Nullam orci pede, venenatis non, sodales sed, tincidunt eu, felis.');
insert into company (CompanyID, Name, about)
values (50, 'Flipstorm',
        'Vivamus tortor. Duis mattis egestas metus. Aenean fermentum. Donec ut mauris eget massa tempor convallis.');


-- job


insert into job (JobID, CompanyID, Title, Description, Salary, LocationTownCity, LocationState, ApplicationDeadline)
values (1, '20', 'Cost Accountant',
        'Nam ultrices, libero non mattis pulvinar, nulla pede ullamcorper augue, a suscipit nulla elit ac nulla.',
        '$529049.65', 'Lianghe', null, '4/26/2024');
insert into job (JobID, CompanyID, Title, Description, Salary, LocationTownCity, LocationState, ApplicationDeadline)
values (2, '32', 'Junior Executive',
        'Nullam sit amet turpis elementum ligula vehicula consequat. Morbi a ipsum. Integer a nibh.', '$536404.35',
        'Carletonville', null, '10/4/2023');
insert into job (JobID, CompanyID, Title, Description, Salary, LocationTownCity, LocationState, ApplicationDeadline)
values (3, '22', 'Quality Control Specialist', 'Aliquam erat volutpat. In congue.', '$300424.19', '‘Anātā', null,
        '4/18/2024');
insert into job (JobID, CompanyID, Title, Description, Salary, LocationTownCity, LocationState, ApplicationDeadline)
values (4, '1', 'Accounting Assistant IV',
        'Mauris lacinia sapien quis libero. Nullam sit amet turpis elementum ligula vehicula consequat. Morbi a ipsum. Integer a nibh. In quis justo. Maecenas rhoncus aliquam lacus. Morbi quis tortor id nulla ultrices aliquet. Maecenas leo odio, condimentum id, luctus nec, molestie sed, justo. Pellentesque viverra pede ac diam. Cras pellentesque volutpat dui.',
        '$334174.37', 'Lyuban’', null, '7/16/2024');
insert into job (JobID, CompanyID, Title, Description, Salary, LocationTownCity, LocationState, ApplicationDeadline)
values (5, '21', 'Chief Design Engineer',
        'Aliquam erat volutpat. In congue. Etiam justo. Etiam pretium iaculis justo. In hac habitasse platea dictumst. Etiam faucibus cursus urna. Ut tellus. Nulla ut erat id mauris vulputate elementum.',
        '$365794.55', 'Lucun', null, '12/6/2023');
insert into job (JobID, CompanyID, Title, Description, Salary, LocationTownCity, LocationState, ApplicationDeadline)
values (6, '25', 'Developer I',
        'Morbi quis tortor id nulla ultrices aliquet. Maecenas leo odio, condimentum id, luctus nec, molestie sed, justo. Pellentesque viverra pede ac diam. Cras pellentesque volutpat dui. Maecenas tristique, est et tempus semper, est quam pharetra magna, ac consequat metus sapien ut nunc. Vestibulum ante ipsum primis in faucibus orci luctus et ultrices posuere cubilia Curae; Mauris viverra diam vitae quam. Suspendisse potenti. Nullam porttitor lacus at turpis. Donec posuere metus vitae ipsum. Aliquam non mauris.',
        '$576488.25', 'Atlantis', null, '7/20/2023');
insert into job (JobID, CompanyID, Title, Description, Salary, LocationTownCity, LocationState, ApplicationDeadline)
values (7, '13', 'Actuary',
        'Morbi vestibulum, velit id pretium iaculis, diam erat fermentum justo, nec condimentum neque sapien placerat ante. Nulla justo. Aliquam quis turpis eget elit sodales scelerisque.',
        '$454210.96', 'Maloyaroslavets', null, '4/12/2024');
insert into job (JobID, CompanyID, Title, Description, Salary, LocationTownCity, LocationState, ApplicationDeadline)
values (8, '37', 'Administrative Assistant IV',
        'Duis consequat dui nec nisi volutpat eleifend. Donec ut dolor. Morbi vel lectus in quam fringilla rhoncus. Mauris enim leo, rhoncus sed, vestibulum sit amet, cursus id, turpis. Integer aliquet, massa id lobortis convallis, tortor risus dapibus augue, vel accumsan tellus nisi eu orci. Mauris lacinia sapien quis libero.',
        '$530009.28', 'Glatik', null, '7/8/2023');
insert into job (JobID, CompanyID, Title, Description, Salary, LocationTownCity, LocationState, ApplicationDeadline)
values (9, '50', 'Database Administrator II', 'Integer ac neque.', '$453767.51', 'Masaling', null, '6/18/2024');
insert into job (JobID, CompanyID, Title, Description, Salary, LocationTownCity, LocationState, ApplicationDeadline)
values (10, '2', 'GIS Technical Architect',
        'Nullam molestie nibh in lectus. Pellentesque at nulla. Suspendisse potenti. Cras in purus eu magna vulputate luctus. Cum sociis natoque penatibus et magnis dis parturient montes, nascetur ridiculus mus. Vivamus vestibulum sagittis sapien. Cum sociis natoque penatibus et magnis dis parturient montes, nascetur ridiculus mus. Etiam vel augue. Vestibulum rutrum rutrum neque.',
        '$48895.30', 'Oslo', 'Oslo', '10/31/2023');
insert into job (JobID, CompanyID, Title, Description, Salary, LocationTownCity, LocationState, ApplicationDeadline)
values (11, '31', 'Registered Nurse',
        'In blandit ultrices enim. Lorem ipsum dolor sit amet, consectetuer adipiscing elit. Proin interdum mauris non ligula pellentesque ultrices. Phasellus id sapien in sapien iaculis congue. Vivamus metus arcu, adipiscing molestie, hendrerit at, vulputate vitae, nisl. Aenean lectus. Pellentesque eget nunc. Donec quis orci eget orci vehicula condimentum. Curabitur in libero ut massa volutpat convallis. Morbi odio odio, elementum eu, interdum eu, tincidunt in, leo.',
        '$277255.91', 'Sampungu', null, '3/7/2023');
insert into job (JobID, CompanyID, Title, Description, Salary, LocationTownCity, LocationState, ApplicationDeadline)
values (12, '39', 'Web Designer II',
        'Proin eu mi. Nulla ac enim. In tempor, turpis nec euismod scelerisque, quam turpis adipiscing lorem, vitae mattis nibh ligula nec sem. Duis aliquam convallis nunc. Proin at turpis a pede posuere nonummy. Integer non velit. Donec diam neque, vestibulum eget, vulputate ut, ultrices vel, augue. Vestibulum ante ipsum primis in faucibus orci luctus et ultrices posuere cubilia Curae; Donec pharetra, magna vestibulum aliquet ultrices, erat tortor sollicitudin mi, sit amet lobortis sapien sapien non mi. Integer ac neque.',
        '$951440.99', 'Xilian', null, '3/31/2023');
insert into job (JobID, CompanyID, Title, Description, Salary, LocationTownCity, LocationState, ApplicationDeadline)
values (13, '35', 'Sales Representative', 'Morbi non lectus. Aliquam sit amet diam in magna bibendum imperdiet.',
        '$664750.04', 'Tangxian', null, '11/12/2024');
insert into job (JobID, CompanyID, Title, Description, Salary, LocationTownCity, LocationState, ApplicationDeadline)
values (14, '46', 'Analyst Programmer',
        'Quisque erat eros, viverra eget, congue eget, semper rutrum, nulla. Nunc purus. Phasellus in felis. Donec semper sapien a libero. Nam dui. Proin leo odio, porttitor id, consequat in, consequat ut, nulla. Sed accumsan felis. Ut at dolor quis odio consequat varius. Integer ac leo.',
        '$696941.54', 'Larvik', 'Vestfold', '8/30/2023');
insert into job (JobID, CompanyID, Title, Description, Salary, LocationTownCity, LocationState, ApplicationDeadline)
values (15, '16', 'Help Desk Operator',
        'Nulla suscipit ligula in lacus. Curabitur at ipsum ac tellus semper interdum. Mauris ullamcorper purus sit amet nulla. Quisque arcu libero, rutrum ac, lobortis vel, dapibus at, diam. Nam tristique tortor eu pede.',
        '$40511.87', 'Shuangchahe', null, '7/9/2023');
insert into job (JobID, CompanyID, Title, Description, Salary, LocationTownCity, LocationState, ApplicationDeadline)
values (16, '7', 'Paralegal',
        'Duis bibendum. Morbi non quam nec dui luctus rutrum. Nulla tellus. In sagittis dui vel nisl. Duis ac nibh. Fusce lacus purus, aliquet at, feugiat non, pretium quis, lectus.',
        '$512613.49', 'Vestmannaeyjar', null, '7/9/2023');
insert into job (JobID, CompanyID, Title, Description, Salary, LocationTownCity, LocationState, ApplicationDeadline)
values (17, '49', 'Software Engineer II',
        'Aenean auctor gravida sem. Praesent id massa id nisl venenatis lacinia. Aenean sit amet justo. Morbi ut odio. Cras mi pede, malesuada in, imperdiet et, commodo vulputate, justo. In blandit ultrices enim.',
        '$815894.56', 'Dongjin', null, '6/16/2023');
insert into job (JobID, CompanyID, Title, Description, Salary, LocationTownCity, LocationState, ApplicationDeadline)
values (18, '43', 'Internal Auditor',
        'Proin leo odio, porttitor id, consequat in, consequat ut, nulla. Sed accumsan felis. Ut at dolor quis odio consequat varius.',
        '$192413.18', 'Wangtuan', null, '7/29/2024');
insert into job (JobID, CompanyID, Title, Description, Salary, LocationTownCity, LocationState, ApplicationDeadline)
values (19, '24', 'Cost Accountant',
        'Fusce posuere felis sed lacus. Morbi sem mauris, laoreet ut, rhoncus aliquet, pulvinar sed, nisl. Nunc rhoncus dui vel sem. Sed sagittis. Nam congue, risus semper porta volutpat, quam pede lobortis ligula, sit amet eleifend pede libero quis orci.',
        '$113638.68', 'Mungyeong', null, '6/25/2023');
insert into job (JobID, CompanyID, Title, Description, Salary, LocationTownCity, LocationState, ApplicationDeadline)
values (20, '6', 'Geological Engineer',
        'Duis bibendum, felis sed interdum venenatis, turpis enim blandit mi, in porttitor pede justo eu massa.',
        '$839194.79', 'Granard', null, '10/8/2023');
insert into job (JobID, CompanyID, Title, Description, Salary, LocationTownCity, LocationState, ApplicationDeadline)
values (21, '30', 'Staff Accountant I',
        'Maecenas pulvinar lobortis est. Phasellus sit amet erat. Nulla tempus. Vivamus in felis eu sapien cursus vestibulum. Proin eu mi. Nulla ac enim. In tempor, turpis nec euismod scelerisque, quam turpis adipiscing lorem, vitae mattis nibh ligula nec sem. Duis aliquam convallis nunc. Proin at turpis a pede posuere nonummy.',
        '$219704.77', 'Bahaodi', null, '12/11/2023');
insert into job (JobID, CompanyID, Title, Description, Salary, LocationTownCity, LocationState, ApplicationDeadline)
values (22, '29', 'Physical Therapy Assistant',
        'Cras non velit nec nisi vulputate nonummy. Maecenas tincidunt lacus at velit. Vivamus vel nulla eget eros elementum pellentesque. Quisque porta volutpat erat. Quisque erat eros, viverra eget, congue eget, semper rutrum, nulla.',
        '$519507.60', 'Kumla', 'Örebro', '1/26/2023');
insert into job (JobID, CompanyID, Title, Description, Salary, LocationTownCity, LocationState, ApplicationDeadline)
values (23, '15', 'Structural Engineer',
        'Donec semper sapien a libero. Nam dui. Proin leo odio, porttitor id, consequat in, consequat ut, nulla. Sed accumsan felis. Ut at dolor quis odio consequat varius. Integer ac leo. Pellentesque ultrices mattis odio.',
        '$923958.76', 'Orlândia', null, '2/15/2024');
insert into job (JobID, CompanyID, Title, Description, Salary, LocationTownCity, LocationState, ApplicationDeadline)
values (24, '17', 'Recruiter', 'Etiam faucibus cursus urna. Ut tellus.', '$110415.66', 'Longquan', null, '6/19/2023');
insert into job (JobID, CompanyID, Title, Description, Salary, LocationTownCity, LocationState, ApplicationDeadline)
values (25, '27', 'Associate Professor', 'In est risus, auctor sed, tristique in, tempus sit amet, sem.', '$211743.37',
        'Malino', null, '8/4/2024');
insert into job (JobID, CompanyID, Title, Description, Salary, LocationTownCity, LocationState, ApplicationDeadline)
values (26, '44', 'Statistician I',
        'Aenean auctor gravida sem. Praesent id massa id nisl venenatis lacinia. Aenean sit amet justo. Morbi ut odio. Cras mi pede, malesuada in, imperdiet et, commodo vulputate, justo. In blandit ultrices enim. Lorem ipsum dolor sit amet, consectetuer adipiscing elit. Proin interdum mauris non ligula pellentesque ultrices.',
        '$379999.07', 'Blagoveshchenka', null, '10/4/2023');
insert into job (JobID, CompanyID, Title, Description, Salary, LocationTownCity, LocationState, ApplicationDeadline)
values (27, '48', 'Research Assistant I',
        'Nulla facilisi. Cras non velit nec nisi vulputate nonummy. Maecenas tincidunt lacus at velit. Vivamus vel nulla eget eros elementum pellentesque. Quisque porta volutpat erat. Quisque erat eros, viverra eget, congue eget, semper rutrum, nulla.',
        '$283486.22', 'Baofeng', null, '6/18/2024');
insert into job (JobID, CompanyID, Title, Description, Salary, LocationTownCity, LocationState, ApplicationDeadline)
values (28, '34', 'Business Systems Development Analyst',
        'In tempor, turpis nec euismod scelerisque, quam turpis adipiscing lorem, vitae mattis nibh ligula nec sem. Duis aliquam convallis nunc.',
        '$647422.88', 'Las Parejas', null, '10/18/2023');
insert into job (JobID, CompanyID, Title, Description, Salary, LocationTownCity, LocationState, ApplicationDeadline)
values (29, '38', 'Editor',
        'Suspendisse potenti. Cras in purus eu magna vulputate luctus. Cum sociis natoque penatibus et magnis dis parturient montes, nascetur ridiculus mus. Vivamus vestibulum sagittis sapien. Cum sociis natoque penatibus et magnis dis parturient montes, nascetur ridiculus mus.',
        '$400245.09', 'Sanjiangkou', null, '6/18/2023');
insert into job (JobID, CompanyID, Title, Description, Salary, LocationTownCity, LocationState, ApplicationDeadline)
values (30, '4', 'Environmental Specialist', 'Integer tincidunt ante vel ipsum.', '$301178.62', 'Tembol', null,
        '10/18/2023');
insert into job (JobID, CompanyID, Title, Description, Salary, LocationTownCity, LocationState, ApplicationDeadline)
values (31, '36', 'Teacher',
        'Nam nulla. Integer pede justo, lacinia eget, tincidunt eget, tempus vel, pede. Morbi porttitor lorem id ligula. Suspendisse ornare consequat lectus. In est risus, auctor sed, tristique in, tempus sit amet, sem. Fusce consequat. Nulla nisl.',
        '$872853.75', 'Tucupido', null, '11/4/2024');
insert into job (JobID, CompanyID, Title, Description, Salary, LocationTownCity, LocationState, ApplicationDeadline)
values (32, '18', 'Research Nurse',
        'Suspendisse potenti. In eleifend quam a odio. In hac habitasse platea dictumst. Maecenas ut massa quis augue luctus tincidunt. Nulla mollis molestie lorem. Quisque ut erat.',
        '$6524.25', 'Hexing', null, '7/17/2023');
insert into job (JobID, CompanyID, Title, Description, Salary, LocationTownCity, LocationState, ApplicationDeadline)
values (33, '9', 'VP Quality Control',
        'Nam ultrices, libero non mattis pulvinar, nulla pede ullamcorper augue, a suscipit nulla elit ac nulla.',
        '$72770.20', 'Ciénaga', null, '12/22/2023');
insert into job (JobID, CompanyID, Title, Description, Salary, LocationTownCity, LocationState, ApplicationDeadline)
values (34, '3', 'Marketing Assistant',
        'In hac habitasse platea dictumst. Maecenas ut massa quis augue luctus tincidunt. Nulla mollis molestie lorem. Quisque ut erat. Curabitur gravida nisi at nibh. In hac habitasse platea dictumst. Aliquam augue quam, sollicitudin vitae, consectetuer eget, rutrum at, lorem. Integer tincidunt ante vel ipsum. Praesent blandit lacinia erat.',
        '$790286.84', 'Daliuhao', null, '9/7/2024');
insert into job (JobID, CompanyID, Title, Description, Salary, LocationTownCity, LocationState, ApplicationDeadline)
values (35, '47', 'Marketing Manager',
        'Maecenas tristique, est et tempus semper, est quam pharetra magna, ac consequat metus sapien ut nunc.',
        '$843243.42', 'Pategi', null, '6/27/2024');
insert into job (JobID, CompanyID, Title, Description, Salary, LocationTownCity, LocationState, ApplicationDeadline)
values (36, '33', 'Account Coordinator',
        'Morbi odio odio, elementum eu, interdum eu, tincidunt in, leo. Maecenas pulvinar lobortis est. Phasellus sit amet erat. Nulla tempus. Vivamus in felis eu sapien cursus vestibulum. Proin eu mi. Nulla ac enim.',
        '$169368.95', 'Liutao', null, '7/1/2023');
insert into job (JobID, CompanyID, Title, Description, Salary, LocationTownCity, LocationState, ApplicationDeadline)
values (37, '5', 'Account Coordinator',
        'In quis justo. Maecenas rhoncus aliquam lacus. Morbi quis tortor id nulla ultrices aliquet.', '$285831.64',
        'Saintes', 'Poitou-Charentes', '6/28/2024');
insert into job (JobID, CompanyID, Title, Description, Salary, LocationTownCity, LocationState, ApplicationDeadline)
values (38, '42', 'Research Associate',
        'In hac habitasse platea dictumst. Morbi vestibulum, velit id pretium iaculis, diam erat fermentum justo, nec condimentum neque sapien placerat ante.',
        '$881547.91', 'Waekolong', null, '4/5/2023');
insert into job (JobID, CompanyID, Title, Description, Salary, LocationTownCity, LocationState, ApplicationDeadline)
values (39, '10', 'Chemical Engineer',
        'In hac habitasse platea dictumst. Morbi vestibulum, velit id pretium iaculis, diam erat fermentum justo, nec condimentum neque sapien placerat ante. Nulla justo. Aliquam quis turpis eget elit sodales scelerisque.',
        '$875192.63', 'Clanwilliam', null, '11/11/2024');
insert into job (JobID, CompanyID, Title, Description, Salary, LocationTownCity, LocationState, ApplicationDeadline)
values (40, '26', 'Structural Analysis Engineer', 'Donec dapibus. Duis at velit eu est congue elementum.', '$964727.49',
        'Samangawah', null, '5/5/2024');
insert into job (JobID, CompanyID, Title, Description, Salary, LocationTownCity, LocationState, ApplicationDeadline)
values (41, '14', 'Legal Assistant',
        'In congue. Etiam justo. Etiam pretium iaculis justo. In hac habitasse platea dictumst. Etiam faucibus cursus urna. Ut tellus. Nulla ut erat id mauris vulputate elementum. Nullam varius.',
        '$45317.08', 'Hrvatini', null, '8/5/2023');
insert into job (JobID, CompanyID, Title, Description, Salary, LocationTownCity, LocationState, ApplicationDeadline)
values (42, '41', 'Recruiter', 'Donec diam neque, vestibulum eget, vulputate ut, ultrices vel, augue.', '$278902.06',
        'Fort Dauphin', null, '4/17/2024');
insert into job (JobID, CompanyID, Title, Description, Salary, LocationTownCity, LocationState, ApplicationDeadline)
values (43, '40', 'Sales Representative',
        'Cum sociis natoque penatibus et magnis dis parturient montes, nascetur ridiculus mus. Etiam vel augue. Vestibulum rutrum rutrum neque. Aenean auctor gravida sem. Praesent id massa id nisl venenatis lacinia. Aenean sit amet justo.',
        '$368248.68', 'Lyuboml’', null, '6/8/2024');
insert into job (JobID, CompanyID, Title, Description, Salary, LocationTownCity, LocationState, ApplicationDeadline)
values (44, '12', 'Software Consultant',
        'Vestibulum ante ipsum primis in faucibus orci luctus et ultrices posuere cubilia Curae; Donec pharetra, magna vestibulum aliquet ultrices, erat tortor sollicitudin mi, sit amet lobortis sapien sapien non mi. Integer ac neque. Duis bibendum. Morbi non quam nec dui luctus rutrum. Nulla tellus. In sagittis dui vel nisl. Duis ac nibh.',
        '$212060.25', 'Panitian', null, '7/20/2024');
insert into job (JobID, CompanyID, Title, Description, Salary, LocationTownCity, LocationState, ApplicationDeadline)
values (45, '8', 'Sales Representative',
        'Morbi porttitor lorem id ligula. Suspendisse ornare consequat lectus. In est risus, auctor sed, tristique in, tempus sit amet, sem. Fusce consequat. Nulla nisl. Nunc nisl. Duis bibendum, felis sed interdum venenatis, turpis enim blandit mi, in porttitor pede justo eu massa. Donec dapibus. Duis at velit eu est congue elementum.',
        '$734118.11', 'Sofia', null, '6/27/2024');
insert into job (JobID, CompanyID, Title, Description, Salary, LocationTownCity, LocationState, ApplicationDeadline)
values (46, '28', 'Account Representative I', 'Donec ut mauris eget massa tempor convallis.', '$717194.84',
        'Great Neck', 'New York', '8/14/2024');
insert into job (JobID, CompanyID, Title, Description, Salary, LocationTownCity, LocationState, ApplicationDeadline)
values (47, '23', 'Structural Engineer', 'Duis ac nibh.', '$79643.09', 'Paris La Défense', 'Île-de-France',
        '11/30/2023');
insert into job (JobID, CompanyID, Title, Description, Salary, LocationTownCity, LocationState, ApplicationDeadline)
values (48, '11', 'Senior Developer',
        'Fusce posuere felis sed lacus. Morbi sem mauris, laoreet ut, rhoncus aliquet, pulvinar sed, nisl. Nunc rhoncus dui vel sem. Sed sagittis. Nam congue, risus semper porta volutpat, quam pede lobortis ligula, sit amet eleifend pede libero quis orci. Nullam molestie nibh in lectus. Pellentesque at nulla. Suspendisse potenti. Cras in purus eu magna vulputate luctus. Cum sociis natoque penatibus et magnis dis parturient montes, nascetur ridiculus mus.',
        '$289995.12', 'Ciwaru', null, '8/13/2024');
insert into job (JobID, CompanyID, Title, Description, Salary, LocationTownCity, LocationState, ApplicationDeadline)
values (49, '45', 'Nurse',
        'Etiam vel augue. Vestibulum rutrum rutrum neque. Aenean auctor gravida sem. Praesent id massa id nisl venenatis lacinia. Aenean sit amet justo. Morbi ut odio.',
        '$328642.04', 'Kōnan', null, '1/21/2024');
insert into job (JobID, CompanyID, Title, Description, Salary, LocationTownCity, LocationState, ApplicationDeadline)
values (50, '19', 'VP Sales',
        'Nulla tempus. Vivamus in felis eu sapien cursus vestibulum. Proin eu mi. Nulla ac enim. In tempor, turpis nec euismod scelerisque, quam turpis adipiscing lorem, vitae mattis nibh ligula nec sem. Duis aliquam convallis nunc. Proin at turpis a pede posuere nonummy. Integer non velit. Donec diam neque, vestibulum eget, vulputate ut, ultrices vel, augue. Vestibulum ante ipsum primis in faucibus orci luctus et ultrices posuere cubilia Curae; Donec pharetra, magna vestibulum aliquet ultrices, erat tortor sollicitudin mi, sit amet lobortis sapien sapien non mi.',
        '$446908.67', 'Čapljina', null, '9/27/2024');


-- benefits


insert into benefits (BenefitID, JobID, BenefitDescription)
values (1, '48',
        'Morbi non lectus. Aliquam sit amet diam in magna bibendum imperdiet. Nullam orci pede, venenatis non, sodales sed, tincidunt eu, felis. Fusce posuere felis sed lacus. Morbi sem mauris, laoreet ut, rhoncus aliquet, pulvinar sed, nisl. Nunc rhoncus dui vel sem. Sed sagittis. Nam congue, risus semper porta volutpat, quam pede lobortis ligula, sit amet eleifend pede libero quis orci.');
insert into benefits (BenefitID, JobID, BenefitDescription)
values (2, '49', 'Mauris sit amet eros. Suspendisse accumsan tortor quis turpis.');
insert into benefits (BenefitID, JobID, BenefitDescription)
values (3, '7',
        'Vivamus metus arcu, adipiscing molestie, hendrerit at, vulputate vitae, nisl. Aenean lectus. Pellentesque eget nunc.');
insert into benefits (BenefitID, JobID, BenefitDescription)
values (4, '8',
        'In blandit ultrices enim. Lorem ipsum dolor sit amet, consectetuer adipiscing elit. Proin interdum mauris non ligula pellentesque ultrices. Phasellus id sapien in sapien iaculis congue. Vivamus metus arcu, adipiscing molestie, hendrerit at, vulputate vitae, nisl. Aenean lectus.');
insert into benefits (BenefitID, JobID, BenefitDescription)
values (5, '5',
        'Cum sociis natoque penatibus et magnis dis parturient montes, nascetur ridiculus mus. Vivamus vestibulum sagittis sapien. Cum sociis natoque penatibus et magnis dis parturient montes, nascetur ridiculus mus. Etiam vel augue. Vestibulum rutrum rutrum neque. Aenean auctor gravida sem. Praesent id massa id nisl venenatis lacinia. Aenean sit amet justo. Morbi ut odio.');
insert into benefits (BenefitID, JobID, BenefitDescription)
values (6, '17',
        'Pellentesque ultrices mattis odio. Donec vitae nisi. Nam ultrices, libero non mattis pulvinar, nulla pede ullamcorper augue, a suscipit nulla elit ac nulla. Sed vel enim sit amet nunc viverra dapibus.');
insert into benefits (BenefitID, JobID, BenefitDescription)
values (7, '13',
        'Suspendisse potenti. Nullam porttitor lacus at turpis. Donec posuere metus vitae ipsum. Aliquam non mauris. Morbi non lectus. Aliquam sit amet diam in magna bibendum imperdiet. Nullam orci pede, venenatis non, sodales sed, tincidunt eu, felis. Fusce posuere felis sed lacus. Morbi sem mauris, laoreet ut, rhoncus aliquet, pulvinar sed, nisl. Nunc rhoncus dui vel sem.');
insert into benefits (BenefitID, JobID, BenefitDescription)
values (8, '25',
        'Morbi vestibulum, velit id pretium iaculis, diam erat fermentum justo, nec condimentum neque sapien placerat ante. Nulla justo. Aliquam quis turpis eget elit sodales scelerisque.');
insert into benefits (BenefitID, JobID, BenefitDescription)
values (9, '34',
        'Morbi ut odio. Cras mi pede, malesuada in, imperdiet et, commodo vulputate, justo. In blandit ultrices enim. Lorem ipsum dolor sit amet, consectetuer adipiscing elit. Proin interdum mauris non ligula pellentesque ultrices.');
insert into benefits (BenefitID, JobID, BenefitDescription)
values (10, '14',
        'Duis consequat dui nec nisi volutpat eleifend. Donec ut dolor. Morbi vel lectus in quam fringilla rhoncus. Mauris enim leo, rhoncus sed, vestibulum sit amet, cursus id, turpis. Integer aliquet, massa id lobortis convallis, tortor risus dapibus augue, vel accumsan tellus nisi eu orci. Mauris lacinia sapien quis libero.');
insert into benefits (BenefitID, JobID, BenefitDescription)
values (11, '22',
        'Nam dui. Proin leo odio, porttitor id, consequat in, consequat ut, nulla. Sed accumsan felis. Ut at dolor quis odio consequat varius. Integer ac leo. Pellentesque ultrices mattis odio. Donec vitae nisi.');
insert into benefits (BenefitID, JobID, BenefitDescription)
values (12, '6',
        'In congue. Etiam justo. Etiam pretium iaculis justo. In hac habitasse platea dictumst. Etiam faucibus cursus urna. Ut tellus.');
insert into benefits (BenefitID, JobID, BenefitDescription)
values (13, '16',
        'Etiam faucibus cursus urna. Ut tellus. Nulla ut erat id mauris vulputate elementum. Nullam varius. Nulla facilisi. Cras non velit nec nisi vulputate nonummy.');
insert into benefits (BenefitID, JobID, BenefitDescription)
values (14, '26',
        'Vivamus in felis eu sapien cursus vestibulum. Proin eu mi. Nulla ac enim. In tempor, turpis nec euismod scelerisque, quam turpis adipiscing lorem, vitae mattis nibh ligula nec sem. Duis aliquam convallis nunc. Proin at turpis a pede posuere nonummy. Integer non velit. Donec diam neque, vestibulum eget, vulputate ut, ultrices vel, augue. Vestibulum ante ipsum primis in faucibus orci luctus et ultrices posuere cubilia Curae; Donec pharetra, magna vestibulum aliquet ultrices, erat tortor sollicitudin mi, sit amet lobortis sapien sapien non mi.');
insert into benefits (BenefitID, JobID, BenefitDescription)
values (15, '24', 'In eleifend quam a odio.');
insert into benefits (BenefitID, JobID, BenefitDescription)
values (16, '23',
        'Aliquam erat volutpat. In congue. Etiam justo. Etiam pretium iaculis justo. In hac habitasse platea dictumst. Etiam faucibus cursus urna. Ut tellus. Nulla ut erat id mauris vulputate elementum. Nullam varius.');
insert into benefits (BenefitID, JobID, BenefitDescription)
values (17, '50',
        'Maecenas ut massa quis augue luctus tincidunt. Nulla mollis molestie lorem. Quisque ut erat. Curabitur gravida nisi at nibh.');
insert into benefits (BenefitID, JobID, BenefitDescription)
values (18, '3',
        'Lorem ipsum dolor sit amet, consectetuer adipiscing elit. Proin risus. Praesent lectus. Vestibulum quam sapien, varius ut, blandit non, interdum in, ante. Vestibulum ante ipsum primis in faucibus orci luctus et ultrices posuere cubilia Curae; Duis faucibus accumsan odio. Curabitur convallis. Duis consequat dui nec nisi volutpat eleifend. Donec ut dolor.');
insert into benefits (BenefitID, JobID, BenefitDescription)
values (19, '42',
        'Ut at dolor quis odio consequat varius. Integer ac leo. Pellentesque ultrices mattis odio. Donec vitae nisi. Nam ultrices, libero non mattis pulvinar, nulla pede ullamcorper augue, a suscipit nulla elit ac nulla. Sed vel enim sit amet nunc viverra dapibus.');
insert into benefits (BenefitID, JobID, BenefitDescription)
values (20, '27',
        'Maecenas ut massa quis augue luctus tincidunt. Nulla mollis molestie lorem. Quisque ut erat. Curabitur gravida nisi at nibh. In hac habitasse platea dictumst. Aliquam augue quam, sollicitudin vitae, consectetuer eget, rutrum at, lorem. Integer tincidunt ante vel ipsum.');
insert into benefits (BenefitID, JobID, BenefitDescription)
values (21, '10',
        'Pellentesque eget nunc. Donec quis orci eget orci vehicula condimentum. Curabitur in libero ut massa volutpat convallis. Morbi odio odio, elementum eu, interdum eu, tincidunt in, leo. Maecenas pulvinar lobortis est. Phasellus sit amet erat. Nulla tempus.');
insert into benefits (BenefitID, JobID, BenefitDescription)
values (22, '38',
        'Proin interdum mauris non ligula pellentesque ultrices. Phasellus id sapien in sapien iaculis congue.');
insert into benefits (BenefitID, JobID, BenefitDescription)
values (23, '11',
        'Donec posuere metus vitae ipsum. Aliquam non mauris. Morbi non lectus. Aliquam sit amet diam in magna bibendum imperdiet. Nullam orci pede, venenatis non, sodales sed, tincidunt eu, felis. Fusce posuere felis sed lacus. Morbi sem mauris, laoreet ut, rhoncus aliquet, pulvinar sed, nisl. Nunc rhoncus dui vel sem. Sed sagittis. Nam congue, risus semper porta volutpat, quam pede lobortis ligula, sit amet eleifend pede libero quis orci.');
insert into benefits (BenefitID, JobID, BenefitDescription)
values (24, '29', 'Morbi non quam nec dui luctus rutrum.');
insert into benefits (BenefitID, JobID, BenefitDescription)
values (25, '40', 'Aenean sit amet justo. Morbi ut odio.');
insert into benefits (BenefitID, JobID, BenefitDescription)
values (26, '47', 'Donec odio justo, sollicitudin ut, suscipit a, feugiat et, eros.');
insert into benefits (BenefitID, JobID, BenefitDescription)
values (27, '33',
        'Cras mi pede, malesuada in, imperdiet et, commodo vulputate, justo. In blandit ultrices enim. Lorem ipsum dolor sit amet, consectetuer adipiscing elit. Proin interdum mauris non ligula pellentesque ultrices. Phasellus id sapien in sapien iaculis congue. Vivamus metus arcu, adipiscing molestie, hendrerit at, vulputate vitae, nisl. Aenean lectus.');
insert into benefits (BenefitID, JobID, BenefitDescription)
values (28, '30',
        'Morbi vel lectus in quam fringilla rhoncus. Mauris enim leo, rhoncus sed, vestibulum sit amet, cursus id, turpis. Integer aliquet, massa id lobortis convallis, tortor risus dapibus augue, vel accumsan tellus nisi eu orci. Mauris lacinia sapien quis libero. Nullam sit amet turpis elementum ligula vehicula consequat. Morbi a ipsum. Integer a nibh. In quis justo. Maecenas rhoncus aliquam lacus.');
insert into benefits (BenefitID, JobID, BenefitDescription)
values (29, '41', 'Nunc rhoncus dui vel sem. Sed sagittis.');
insert into benefits (BenefitID, JobID, BenefitDescription)
values (30, '46',
        'Morbi odio odio, elementum eu, interdum eu, tincidunt in, leo. Maecenas pulvinar lobortis est. Phasellus sit amet erat. Nulla tempus. Vivamus in felis eu sapien cursus vestibulum. Proin eu mi. Nulla ac enim. In tempor, turpis nec euismod scelerisque, quam turpis adipiscing lorem, vitae mattis nibh ligula nec sem.');
insert into benefits (BenefitID, JobID, BenefitDescription)
values (31, '12', 'Integer ac neque. Duis bibendum.');
insert into benefits (BenefitID, JobID, BenefitDescription)
values (32, '31', 'Nulla neque libero, convallis eget, eleifend luctus, ultricies eu, nibh.');
insert into benefits (BenefitID, JobID, BenefitDescription)
values (33, '2',
        'In hac habitasse platea dictumst. Maecenas ut massa quis augue luctus tincidunt. Nulla mollis molestie lorem. Quisque ut erat. Curabitur gravida nisi at nibh. In hac habitasse platea dictumst.');
insert into benefits (BenefitID, JobID, BenefitDescription)
values (34, '45',
        'Nulla tellus. In sagittis dui vel nisl. Duis ac nibh. Fusce lacus purus, aliquet at, feugiat non, pretium quis, lectus.');
insert into benefits (BenefitID, JobID, BenefitDescription)
values (35, '28',
        'Nunc purus. Phasellus in felis. Donec semper sapien a libero. Nam dui. Proin leo odio, porttitor id, consequat in, consequat ut, nulla. Sed accumsan felis. Ut at dolor quis odio consequat varius.');
insert into benefits (BenefitID, JobID, BenefitDescription)
values (36, '18',
        'Fusce lacus purus, aliquet at, feugiat non, pretium quis, lectus. Suspendisse potenti. In eleifend quam a odio. In hac habitasse platea dictumst. Maecenas ut massa quis augue luctus tincidunt. Nulla mollis molestie lorem. Quisque ut erat. Curabitur gravida nisi at nibh. In hac habitasse platea dictumst.');
insert into benefits (BenefitID, JobID, BenefitDescription)
values (37, '36',
        'In hac habitasse platea dictumst. Morbi vestibulum, velit id pretium iaculis, diam erat fermentum justo, nec condimentum neque sapien placerat ante. Nulla justo. Aliquam quis turpis eget elit sodales scelerisque. Mauris sit amet eros. Suspendisse accumsan tortor quis turpis. Sed ante. Vivamus tortor.');
insert into benefits (BenefitID, JobID, BenefitDescription)
values (38, '44',
        'In blandit ultrices enim. Lorem ipsum dolor sit amet, consectetuer adipiscing elit. Proin interdum mauris non ligula pellentesque ultrices. Phasellus id sapien in sapien iaculis congue. Vivamus metus arcu, adipiscing molestie, hendrerit at, vulputate vitae, nisl. Aenean lectus. Pellentesque eget nunc. Donec quis orci eget orci vehicula condimentum. Curabitur in libero ut massa volutpat convallis. Morbi odio odio, elementum eu, interdum eu, tincidunt in, leo.');
insert into benefits (BenefitID, JobID, BenefitDescription)
values (39, '39', 'Vivamus in felis eu sapien cursus vestibulum. Proin eu mi. Nulla ac enim.');
insert into benefits (BenefitID, JobID, BenefitDescription)
values (40, '19',
        'Pellentesque eget nunc. Donec quis orci eget orci vehicula condimentum. Curabitur in libero ut massa volutpat convallis. Morbi odio odio, elementum eu, interdum eu, tincidunt in, leo. Maecenas pulvinar lobortis est. Phasellus sit amet erat.');
insert into benefits (BenefitID, JobID, BenefitDescription)
values (41, '43',
        'Lorem ipsum dolor sit amet, consectetuer adipiscing elit. Proin interdum mauris non ligula pellentesque ultrices. Phasellus id sapien in sapien iaculis congue. Vivamus metus arcu, adipiscing molestie, hendrerit at, vulputate vitae, nisl. Aenean lectus. Pellentesque eget nunc. Donec quis orci eget orci vehicula condimentum. Curabitur in libero ut massa volutpat convallis. Morbi odio odio, elementum eu, interdum eu, tincidunt in, leo.');
insert into benefits (BenefitID, JobID, BenefitDescription)
values (42, '37',
        'Nulla mollis molestie lorem. Quisque ut erat. Curabitur gravida nisi at nibh. In hac habitasse platea dictumst. Aliquam augue quam, sollicitudin vitae, consectetuer eget, rutrum at, lorem. Integer tincidunt ante vel ipsum. Praesent blandit lacinia erat.');
insert into benefits (BenefitID, JobID, BenefitDescription)
values (43, '21',
        'Integer aliquet, massa id lobortis convallis, tortor risus dapibus augue, vel accumsan tellus nisi eu orci. Mauris lacinia sapien quis libero. Nullam sit amet turpis elementum ligula vehicula consequat. Morbi a ipsum. Integer a nibh. In quis justo. Maecenas rhoncus aliquam lacus. Morbi quis tortor id nulla ultrices aliquet. Maecenas leo odio, condimentum id, luctus nec, molestie sed, justo. Pellentesque viverra pede ac diam.');
insert into benefits (BenefitID, JobID, BenefitDescription)
values (44, '32',
        'Morbi vel lectus in quam fringilla rhoncus. Mauris enim leo, rhoncus sed, vestibulum sit amet, cursus id, turpis. Integer aliquet, massa id lobortis convallis, tortor risus dapibus augue, vel accumsan tellus nisi eu orci. Mauris lacinia sapien quis libero. Nullam sit amet turpis elementum ligula vehicula consequat. Morbi a ipsum. Integer a nibh. In quis justo.');
insert into benefits (BenefitID, JobID, BenefitDescription)
values (45, '35', 'Donec dapibus. Duis at velit eu est congue elementum.');
insert into benefits (BenefitID, JobID, BenefitDescription)
values (46, '1',
        'Mauris enim leo, rhoncus sed, vestibulum sit amet, cursus id, turpis. Integer aliquet, massa id lobortis convallis, tortor risus dapibus augue, vel accumsan tellus nisi eu orci. Mauris lacinia sapien quis libero. Nullam sit amet turpis elementum ligula vehicula consequat. Morbi a ipsum. Integer a nibh. In quis justo. Maecenas rhoncus aliquam lacus. Morbi quis tortor id nulla ultrices aliquet.');
insert into benefits (BenefitID, JobID, BenefitDescription)
values (47, '20',
        'Quisque ut erat. Curabitur gravida nisi at nibh. In hac habitasse platea dictumst. Aliquam augue quam, sollicitudin vitae, consectetuer eget, rutrum at, lorem. Integer tincidunt ante vel ipsum. Praesent blandit lacinia erat.');
insert into benefits (BenefitID, JobID, BenefitDescription)
values (48, '15',
        'Duis aliquam convallis nunc. Proin at turpis a pede posuere nonummy. Integer non velit. Donec diam neque, vestibulum eget, vulputate ut, ultrices vel, augue. Vestibulum ante ipsum primis in faucibus orci luctus et ultrices posuere cubilia Curae; Donec pharetra, magna vestibulum aliquet ultrices, erat tortor sollicitudin mi, sit amet lobortis sapien sapien non mi. Integer ac neque. Duis bibendum. Morbi non quam nec dui luctus rutrum.');
insert into benefits (BenefitID, JobID, BenefitDescription)
values (49, '9',
        'Pellentesque eget nunc. Donec quis orci eget orci vehicula condimentum. Curabitur in libero ut massa volutpat convallis. Morbi odio odio, elementum eu, interdum eu, tincidunt in, leo. Maecenas pulvinar lobortis est. Phasellus sit amet erat. Nulla tempus. Vivamus in felis eu sapien cursus vestibulum. Proin eu mi. Nulla ac enim.');
insert into benefits (BenefitID, JobID, BenefitDescription)
values (50, '4',
        'Ut tellus. Nulla ut erat id mauris vulputate elementum. Nullam varius. Nulla facilisi. Cras non velit nec nisi vulputate nonummy. Maecenas tincidunt lacus at velit. Vivamus vel nulla eget eros elementum pellentesque. Quisque porta volutpat erat. Quisque erat eros, viverra eget, congue eget, semper rutrum, nulla. Nunc purus.');


-- jobApplication


insert into jobApplication (jobApplicationID, ApplicantID, JobID, ApplicationDate)
values (1, '26', '40', 'vblaxill0@addthis.com');
insert into jobApplication (jobApplicationID, ApplicantID, JobID, ApplicationDate)
values (2, '13', '46', 'ngleadhall1@mapquest.com');
insert into jobApplication (jobApplicationID, ApplicantID, JobID, ApplicationDate)
values (3, '9', '14', 'rhofton2@google.de');
insert into jobApplication (jobApplicationID, ApplicantID, JobID, ApplicationDate)
values (4, '42', '38', 'llonsdale3@wikia.com');
insert into jobApplication (jobApplicationID, ApplicantID, JobID, ApplicationDate)
values (5, '5', '30', 'dgencke4@statcounter.com');
insert into jobApplication (jobApplicationID, ApplicantID, JobID, ApplicationDate)
values (6, '47', '11', 'dhardington5@example.com');
insert into jobApplication (jobApplicationID, ApplicantID, JobID, ApplicationDate)
values (7, '40', '9', 'cbenkin6@marketwatch.com');
insert into jobApplication (jobApplicationID, ApplicantID, JobID, ApplicationDate)
values (8, '21', '29', 'fwegenen7@vistaprint.com');
insert into jobApplication (jobApplicationID, ApplicantID, JobID, ApplicationDate)
values (9, '50', '20', 'aboig8@liveinternet.ru');
insert into jobApplication (jobApplicationID, ApplicantID, JobID, ApplicationDate)
values (10, '32', '24', 'dalibone9@issuu.com');
insert into jobApplication (jobApplicationID, ApplicantID, JobID, ApplicationDate)
values (11, '7', '43', 'wjessopa@lycos.com');
insert into jobApplication (jobApplicationID, ApplicantID, JobID, ApplicationDate)
values (12, '35', '32', 'tbeadonb@mozilla.org');
insert into jobApplication (jobApplicationID, ApplicantID, JobID, ApplicationDate)
values (13, '24', '7', 'cslopierc@technorati.com');
insert into jobApplication (jobApplicationID, ApplicantID, JobID, ApplicationDate)
values (14, '22', '27', 'jvannuccinid@furl.net');
insert into jobApplication (jobApplicationID, ApplicantID, JobID, ApplicationDate)
values (15, '45', '1', 'hotleye@pbs.org');
insert into jobApplication (jobApplicationID, ApplicantID, JobID, ApplicationDate)
values (16, '18', '22', 'rhodgenf@nationalgeographic.com');
insert into jobApplication (jobApplicationID, ApplicantID, JobID, ApplicationDate)
values (17, '49', '15', 'fgiaomozzog@google.es');
insert into jobApplication (jobApplicationID, ApplicantID, JobID, ApplicationDate)
values (18, '31', '13', 'sbaglowh@blogspot.com');
insert into jobApplication (jobApplicationID, ApplicantID, JobID, ApplicationDate)
values (19, '46', '44', 'kcasteloti@sbwire.com');
insert into jobApplication (jobApplicationID, ApplicantID, JobID, ApplicationDate)
values (20, '16', '37', 'abrimilcomej@weebly.com');
insert into jobApplication (jobApplicationID, ApplicantID, JobID, ApplicationDate)
values (21, '28', '4', 'bavesk@marketwatch.com');
insert into jobApplication (jobApplicationID, ApplicantID, JobID, ApplicationDate)
values (22, '14', '39', 'jhenaughanl@blogtalkradio.com');
insert into jobApplication (jobApplicationID, ApplicantID, JobID, ApplicationDate)
values (23, '2', '31', 'thadlandm@auda.org.au');
insert into jobApplication (jobApplicationID, ApplicantID, JobID, ApplicationDate)
values (24, '8', '2', 'oissattn@apache.org');
insert into jobApplication (jobApplicationID, ApplicantID, JobID, ApplicationDate)
values (25, '29', '26', 'hmcnirlino@cafepress.com');
insert into jobApplication (jobApplicationID, ApplicantID, JobID, ApplicationDate)
values (26, '36', '10', 'adomenguep@gov.uk');
insert into jobApplication (jobApplicationID, ApplicantID, JobID, ApplicationDate)
values (27, '3', '42', 'dkrebsq@mayoclinic.com');
insert into jobApplication (jobApplicationID, ApplicantID, JobID, ApplicationDate)
values (28, '33', '41', 'kbritor@theglobeandmail.com');
insert into jobApplication (jobApplicationID, ApplicantID, JobID, ApplicationDate)
values (29, '37', '8', 'ldriolis@people.com.cn');
insert into jobApplication (jobApplicationID, ApplicantID, JobID, ApplicationDate)
values (30, '15', '47', 'ibassilashvilit@independent.co.uk');
insert into jobApplication (jobApplicationID, ApplicantID, JobID, ApplicationDate)
values (31, '30', '19', 'ohubanu@lycos.com');
insert into jobApplication (jobApplicationID, ApplicantID, JobID, ApplicationDate)
values (32, '17', '34', 'tpullingerv@tamu.edu');
insert into jobApplication (jobApplicationID, ApplicantID, JobID, ApplicationDate)
values (33, '4', '17', 'rturfusw@spiegel.de');
insert into jobApplication (jobApplicationID, ApplicantID, JobID, ApplicationDate)
values (34, '48', '35', 'ccolbranx@usa.gov');
insert into jobApplication (jobApplicationID, ApplicantID, JobID, ApplicationDate)
values (35, '19', '12', 'clukasy@amazon.co.jp');
insert into jobApplication (jobApplicationID, ApplicantID, JobID, ApplicationDate)
values (36, '39', '33', 'iolivelloz@flavors.me');
insert into jobApplication (jobApplicationID, ApplicantID, JobID, ApplicationDate)
values (37, '25', '45', 'dalvarez10@cdc.gov');
insert into jobApplication (jobApplicationID, ApplicantID, JobID, ApplicationDate)
values (38, '23', '5', 'saleksankov11@usnews.com');
insert into jobApplication (jobApplicationID, ApplicantID, JobID, ApplicationDate)
values (39, '41', '25', 'cmatic12@jalbum.net');
insert into jobApplication (jobApplicationID, ApplicantID, JobID, ApplicationDate)
values (40, '11', '36', 'bjahnel13@npr.org');
insert into jobApplication (jobApplicationID, ApplicantID, JobID, ApplicationDate)
values (41, '20', '50', 'jspaingower14@sciencedirect.com');
insert into jobApplication (jobApplicationID, ApplicantID, JobID, ApplicationDate)
values (42, '1', '18', 'nshmyr15@nba.com');
insert into jobApplication (jobApplicationID, ApplicantID, JobID, ApplicationDate)
values (43, '43', '23', 'dgeistbeck16@jalbum.net');
insert into jobApplication (jobApplicationID, ApplicantID, JobID, ApplicationDate)
values (44, '27', '49', 'ddallan17@ifeng.com');
insert into jobApplication (jobApplicationID, ApplicantID, JobID, ApplicationDate)
values (45, '38', '21', 'sglavias18@vistaprint.com');
insert into jobApplication (jobApplicationID, ApplicantID, JobID, ApplicationDate)
values (46, '12', '3', 'afairebrother19@japanpost.jp');
insert into jobApplication (jobApplicationID, ApplicantID, JobID, ApplicationDate)
values (47, '10', '28', 'cstuddert1a@hatena.ne.jp');
insert into jobApplication (jobApplicationID, ApplicantID, JobID, ApplicationDate)
values (48, '44', '16', 'hbabonau1b@google.es');
insert into jobApplication (jobApplicationID, ApplicantID, JobID, ApplicationDate)
values (49, '6', '6', 'phibling1c@unc.edu');
insert into jobApplication (jobApplicationID, ApplicantID, JobID, ApplicationDate)
values (50, '34', '48', 'dgrise1d@time.com');


-- hiringManager


insert into hiring_manager (EmployeeID, CompanyID, FirstName, LastName, Email, Phone, PasswordHASH)
values (1, '10', 'Cyndie', 'Jordi', 'cjordi0@yale.edu', '164-446-6965',
        '$2a$04$PVj/DKz8R5v6dFUI9TIjxOgw1aTZU95aw2KAygEciqEPSYCgwpGyG');
insert into hiring_manager (EmployeeID, CompanyID, FirstName, LastName, Email, Phone, PasswordHASH)
values (2, '3', 'Noak', 'Vany', 'nvany1@shareasale.com', '861-735-6939',
        '$2a$04$DqnEgI8gymHX5n2Oa4xnnuSMBAAnbKQYhA8rRn2Fu/A0ORpnmlnjG');
insert into hiring_manager (EmployeeID, CompanyID, FirstName, LastName, Email, Phone, PasswordHASH)
values (3, '38', 'Lauri', 'Benadette', 'lbenadette2@webs.com', '119-794-7962',
        '$2a$04$egRwB9r2QySpH9yLAYMIA.FhqNu72pxa4FKdjSKFofRblCS9jnU3u');
insert into hiring_manager (EmployeeID, CompanyID, FirstName, LastName, Email, Phone, PasswordHASH)
values (4, '17', 'Wright', 'Heathfield', 'wheathfield3@nih.gov', '403-615-3985',
        '$2a$04$E3AZQQUb0gSpYKdTZoIkC.y5BKpldcRabGG7gZVtiyfZwsGF26GRa');
insert into hiring_manager (EmployeeID, CompanyID, FirstName, LastName, Email, Phone, PasswordHASH)
values (5, '12', 'Dorothea', 'Alleyn', 'dalleyn4@biblegateway.com', '848-477-2980',
        '$2a$04$RwtqH1PY3iM1nJA37mJ4nOlEnhXnmtLF8IdrKohRI8aATljpfGR1u');
insert into hiring_manager (EmployeeID, CompanyID, FirstName, LastName, Email, Phone, PasswordHASH)
values (6, '4', 'Zia', 'Stallwood', 'zstallwood5@yahoo.co.jp', '642-179-3226',
        '$2a$04$hgDLP9jIetu.UUuaFjm98upFu7vd61cCHOpcvfsrfdOAVAOvYFDEO');
insert into hiring_manager (EmployeeID, CompanyID, FirstName, LastName, Email, Phone, PasswordHASH)
values (7, '34', 'Linell', 'Brimblecomb', 'lbrimblecomb6@phoca.cz', '836-632-2945',
        '$2a$04$IPoqDDC47etLmSkXs0yBXOotTINRG8N59pZoJ9ZHqpHLowmXraZLu');
insert into hiring_manager (EmployeeID, CompanyID, FirstName, LastName, Email, Phone, PasswordHASH)
values (8, '27', 'Donielle', 'Clitheroe', 'dclitheroe7@geocities.jp', '191-626-8566',
        '$2a$04$yppRqR1bHxRVnnIuai/hEuxgY8.u3KABHHIGj0FYcjbqUV5Tqw8XO');
insert into hiring_manager (EmployeeID, CompanyID, FirstName, LastName, Email, Phone, PasswordHASH)
values (9, '33', 'Corliss', 'Curwood', 'ccurwood8@newsvine.com', '658-811-6016',
        '$2a$04$Ed80EcL/mEBnx0bJUDBEQ.EqBqQHKNIbA6mMWrCgyEjo3/fFCVa/m');
insert into hiring_manager (EmployeeID, CompanyID, FirstName, LastName, Email, Phone, PasswordHASH)
values (10, '45', 'Garald', 'Billie', 'gbillie9@technorati.com', '579-875-7498',
        '$2a$04$7dtowdkx6BkHiOMAsKWcceertymTrEaykhxfPLGGAihk0eUzcBEq.');
insert into hiring_manager (EmployeeID, CompanyID, FirstName, LastName, Email, Phone, PasswordHASH)
values (11, '29', 'Reena', 'Andreasen', 'randreasena@reddit.com', '738-740-6986',
        '$2a$04$HKlok1QtvZdUscH2ohIOBOiOet4NU09k50/b.Z8kz4KYzDslvMlDu');
insert into hiring_manager (EmployeeID, CompanyID, FirstName, LastName, Email, Phone, PasswordHASH)
values (12, '7', 'Corena', 'Prinnett', 'cprinnettb@craigslist.org', '987-322-3959',
        '$2a$04$A5y9YOtc1JzuW8SwWs8XKefBfRnvaitGVb4xCfnIrbB5oN6v4hXOe');
insert into hiring_manager (EmployeeID, CompanyID, FirstName, LastName, Email, Phone, PasswordHASH)
values (13, '31', 'Terencio', 'Viner', 'tvinerc@etsy.com', '808-854-4946',
        '$2a$04$EJYTSRK/N22bwECM1aR1o.QID9VfrvDlHlpRSZ13v.wkXwJmhSYRO');
insert into hiring_manager (EmployeeID, CompanyID, FirstName, LastName, Email, Phone, PasswordHASH)
values (14, '35', 'Darrell', 'Jackes', 'djackesd@gmpg.org', '360-524-2542',
        '$2a$04$Um1Wd8Z.YGgg5MMSWwhPqePzJjqVwYJNqdb.EsxzBhE2Z6ohKM1ce');
insert into hiring_manager (EmployeeID, CompanyID, FirstName, LastName, Email, Phone, PasswordHASH)
values (15, '30', 'Charlene', 'Shewring', 'cshewringe@bizjournals.com', '895-677-8213',
        '$2a$04$fsn5.dFpff8uMT8ZIqlicOj77vbbj3i574RH4iFx1l8SvMw.7ho2S');
insert into hiring_manager (EmployeeID, CompanyID, FirstName, LastName, Email, Phone, PasswordHASH)
values (16, '1', 'Doro', 'de Leon', 'ddeleonf@rediff.com', '488-153-6225',
        '$2a$04$sfzRh2VhUZ8JxS2Bb/OvwOniImyc7uX6Q9LM7oFAXVJUjrB6YHCRu');
insert into hiring_manager (EmployeeID, CompanyID, FirstName, LastName, Email, Phone, PasswordHASH)
values (17, '20', 'Ulysses', 'Points', 'upointsg@posterous.com', '349-105-6210',
        '$2a$04$EwxXLLXqZtXWlCppmNTh7OZuLo2Lovf36EliZqSowZYXhSzD8YWoy');
insert into hiring_manager (EmployeeID, CompanyID, FirstName, LastName, Email, Phone, PasswordHASH)
values (18, '43', 'Ivor', 'Pethick', 'ipethickh@miibeian.gov.cn', '828-291-9079',
        '$2a$04$l8OcXPdFqE2RL06gRXhvk..cZzwgFX2Bv8g6G7RtK5aJ8ED9TROHm');
insert into hiring_manager (EmployeeID, CompanyID, FirstName, LastName, Email, Phone, PasswordHASH)
values (19, '49', 'Whit', 'Ebrall', 'webralli@columbia.edu', '784-739-4613',
        '$2a$04$3ofe7A3OCySUwhvVI2uoOuWxoPYc4EkSILL0nVWaxPOYc5ickoN/6');
insert into hiring_manager (EmployeeID, CompanyID, FirstName, LastName, Email, Phone, PasswordHASH)
values (20, '16', 'Laurena', 'Medhurst', 'lmedhurstj@de.vu', '969-797-6603',
        '$2a$04$tyChFAupKb86CQzWMCFTyeZZTD4eYKqTAcze6DllyHfHlPVJdjSuK');
insert into hiring_manager (EmployeeID, CompanyID, FirstName, LastName, Email, Phone, PasswordHASH)
values (21, '40', 'Germain', 'Whiffen', 'gwhiffenk@flickr.com', '733-181-7943',
        '$2a$04$G.NmJVf8HsnUZHAeugDPq.6es2VhGwcWkkQspy3rnj/Wei9KKsNnm');
insert into hiring_manager (EmployeeID, CompanyID, FirstName, LastName, Email, Phone, PasswordHASH)
values (22, '37', 'Micheal', 'John', 'mjohnl@cisco.com', '497-517-8976',
        '$2a$04$BoY9zXwN3FrzRPzDEL3Y0.PbQm7QfjD/pl1rNf/0eUZyc12RwP4/y');
insert into hiring_manager (EmployeeID, CompanyID, FirstName, LastName, Email, Phone, PasswordHASH)
values (23, '50', 'Kalle', 'Durker', 'kdurkerm@twitpic.com', '885-548-8691',
        '$2a$04$wKVQEc8Y0mniGRryikcnlerdyCwnR7nk9uTPnDs1Lz0wss1FkyTdy');
insert into hiring_manager (EmployeeID, CompanyID, FirstName, LastName, Email, Phone, PasswordHASH)
values (24, '42', 'Carce', 'Isard', 'cisardn@sphinn.com', '518-602-6852',
        '$2a$04$Yi5cX80JKwbAk6/RmNBrL.W3PAoZOyjhOA4nkwV2k3fOl5QRLGpXO');
insert into hiring_manager (EmployeeID, CompanyID, FirstName, LastName, Email, Phone, PasswordHASH)
values (25, '2', 'Berky', 'Brockhurst', 'bbrockhursto@webeden.co.uk', '570-132-0778',
        '$2a$04$wiFLJfzxC2piJTfM2u/jVOgwy8j3hWV4dwPQvD68zKI1ARSOXVIh.');
insert into hiring_manager (EmployeeID, CompanyID, FirstName, LastName, Email, Phone, PasswordHASH)
values (26, '5', 'Denys', 'Doget', 'ddogetp@gizmodo.com', '218-632-6683',
        '$2a$04$BujS7S.a7V3T3SKvrues0enMZTm5utyEG3xvrD4/s2VT2ki7iZF/C');
insert into hiring_manager (EmployeeID, CompanyID, FirstName, LastName, Email, Phone, PasswordHASH)
values (27, '13', 'Penny', 'Hansemann', 'phansemannq@dmoz.org', '525-934-3197',
        '$2a$04$4kgLzSSYdSlcQEIkCdaTcOE47GRAzURRzUshVVYatetglMBaAs0W.');
insert into hiring_manager (EmployeeID, CompanyID, FirstName, LastName, Email, Phone, PasswordHASH)
values (28, '8', 'Sunny', 'Dovinson', 'sdovinsonr@sourceforge.net', '289-797-1721',
        '$2a$04$1.rqLNrjV.RXp.XnN/3UhuMzgi29oHL2MEXmUYeMkSFIff/YdfPie');
insert into hiring_manager (EmployeeID, CompanyID, FirstName, LastName, Email, Phone, PasswordHASH)
values (29, '21', 'Briana', 'Fyall', 'bfyalls@dailymail.co.uk', '523-227-5915',
        '$2a$04$eczXgD/Q2OoUpHRGFDMNtuO.uT.wogD0hTbj2y.24Zbt6ufRiNmBO');
insert into hiring_manager (EmployeeID, CompanyID, FirstName, LastName, Email, Phone, PasswordHASH)
values (30, '44', 'Neysa', 'Peacock', 'npeacockt@reuters.com', '130-120-6492',
        '$2a$04$UlJaTux3ocYxV83Cb4P96erNs0J/DtSrUps/yhXupj05eCcDlj2/u');
insert into hiring_manager (EmployeeID, CompanyID, FirstName, LastName, Email, Phone, PasswordHASH)
values (31, '47', 'Monro', 'Kield', 'mkieldu@bloomberg.com', '638-147-4829',
        '$2a$04$tj6IWu3tO7u/lpnkd8xHpuQLhgkt/bXuqSI0IPwAu84ATSzzBbpm2');
insert into hiring_manager (EmployeeID, CompanyID, FirstName, LastName, Email, Phone, PasswordHASH)
values (32, '25', 'Frederich', 'Giffin', 'fgiffinv@unicef.org', '547-192-2090',
        '$2a$04$JOYJpUNNqtbOcryAH6SPx.Kfj5B55O97QqP2mOiMWMvzLSM8.Y1ZK');
insert into hiring_manager (EmployeeID, CompanyID, FirstName, LastName, Email, Phone, PasswordHASH)
values (33, '26', 'Elfrieda', 'Housego', 'ehousegow@prlog.org', '108-888-8246',
        '$2a$04$q7FPuRhBu5eIYXXms7hQA.pNiNo8dhbf3oxa77TzD4pEn0ILaXPty');
insert into hiring_manager (EmployeeID, CompanyID, FirstName, LastName, Email, Phone, PasswordHASH)
values (34, '46', 'Randolph', 'Abrashkov', 'rabrashkovx@mapquest.com', '504-742-3557',
        '$2a$04$2OY6TD.gjojrDvpyyLWXTuAbp5dGnqcZKoENTZXz2tLUfFNGLcvIi');
insert into hiring_manager (EmployeeID, CompanyID, FirstName, LastName, Email, Phone, PasswordHASH)
values (35, '18', 'Dante', 'Corbould', 'dcorbouldy@php.net', '140-616-4222',
        '$2a$04$0lM98sij0YpCoh.Yendi7ubplaaBlisoiFFfWgDDbyBGz.aAwN6t.');
insert into hiring_manager (EmployeeID, CompanyID, FirstName, LastName, Email, Phone, PasswordHASH)
values (36, '36', 'Kristofor', 'Quogan', 'kquoganz@wikimedia.org', '618-903-0856',
        '$2a$04$CJaXvWrarlw0ep6sjVPSN.WxKkdJz5JWKzLLAU8fvB909u5EM/iuK');
insert into hiring_manager (EmployeeID, CompanyID, FirstName, LastName, Email, Phone, PasswordHASH)
values (37, '41', 'Gusty', 'Matitiaho', 'gmatitiaho10@fema.gov', '507-933-8769',
        '$2a$04$S7xdbWXCg7nrTrCF3olK8exeFyPuOEBpUu8G0/6ludSF0CJDlo/7a');
insert into hiring_manager (EmployeeID, CompanyID, FirstName, LastName, Email, Phone, PasswordHASH)
values (38, '24', 'Gertruda', 'Jacobowicz', 'gjacobowicz11@ox.ac.uk', '882-557-5081',
        '$2a$04$HsPY3htRRv1gRUOoVKjENOVb7Mtz5yTVaB6QCtNudtdY0G7.iVdsi');
insert into hiring_manager (EmployeeID, CompanyID, FirstName, LastName, Email, Phone, PasswordHASH)
values (39, '22', 'Alaric', 'Crottagh', 'acrottagh12@nih.gov', '820-568-5131',
        '$2a$04$FLzy9dHc4Lit.oLZQZM8Buwk2YUgudVXhsZYc9sQ8B.1SKyNNQoSC');
insert into hiring_manager (EmployeeID, CompanyID, FirstName, LastName, Email, Phone, PasswordHASH)
values (40, '14', 'Garry', 'Grombridge', 'ggrombridge13@1und1.de', '759-301-4218',
        '$2a$04$JT3xeCjixHQHOqrE3Ga/IOQ1Q6i25MzheGRtyONOVv4Mxz1Ojk83y');
insert into hiring_manager (EmployeeID, CompanyID, FirstName, LastName, Email, Phone, PasswordHASH)
values (41, '15', 'Chloris', 'Baltzar', 'cbaltzar14@webeden.co.uk', '766-571-8785',
        '$2a$04$tuoRkLnEvIF/TgQJ3PavW.9Jmrgz4m.dXSJX8xkGZyXb6pnapCXpu');
insert into hiring_manager (EmployeeID, CompanyID, FirstName, LastName, Email, Phone, PasswordHASH)
values (42, '23', 'Dinnie', 'Balderston', 'dbalderston15@bbb.org', '222-948-2456',
        '$2a$04$Gyk6Q9oL7u7X0NjtI0nV5./G4Mw5PVe2q4zWFQQpZbaUGpWaHHGZW');
insert into hiring_manager (EmployeeID, CompanyID, FirstName, LastName, Email, Phone, PasswordHASH)
values (43, '9', 'Farrel', 'Gronowe', 'fgronowe16@myspace.com', '305-368-8027',
        '$2a$04$qo0E4rLYGUYuJv1zs/o2jObBDd8pAN/iPykcvLlKuEdCp9bEto2j.');
insert into hiring_manager (EmployeeID, CompanyID, FirstName, LastName, Email, Phone, PasswordHASH)
values (44, '48', 'Jodie', 'Kirsche', 'jkirsche17@utexas.edu', '619-112-5401',
        '$2a$04$3TRQzH.m1bFo7VOyrrOJjevk6vnZmM4RHb9Efjbf2F0UVAygs//EO');
insert into hiring_manager (EmployeeID, CompanyID, FirstName, LastName, Email, Phone, PasswordHASH)
values (45, '6', 'Sarina', 'Zouch', 'szouch18@admin.ch', '473-518-4039',
        '$2a$04$WPNQxQSev02jCW9MEoMKb.e.YU4PyUfD5WgaWLdX0rYYTdIVOJs0G');
insert into hiring_manager (EmployeeID, CompanyID, FirstName, LastName, Email, Phone, PasswordHASH)
values (46, '11', 'Shayne', 'O''Henecan', 'sohenecan19@trellian.com', '815-549-8273',
        '$2a$04$vuh83gG.eEQbOW7hQZ0Tj.i7ioAIMn4Vq94z6BmI0nHk1RO88MCXC');
insert into hiring_manager (EmployeeID, CompanyID, FirstName, LastName, Email, Phone, PasswordHASH)
values (47, '39', 'Carrissa', 'Shepstone', 'cshepstone1a@unc.edu', '593-733-3141',
        '$2a$04$q7/QLXhcT3XzC9yWlLX2l./20gYv3LNrrh53RTWAJvBUTJEXbazD2');
insert into hiring_manager (EmployeeID, CompanyID, FirstName, LastName, Email, Phone, PasswordHASH)
values (48, '19', 'Den', 'Christofor', 'dchristofor1b@comsenz.com', '611-652-8787',
        '$2a$04$qxm0dRyjvYz5BqssUdRfPOzzSQI0jA9CY.aM3yneOnvfxUTDfF/0y');
insert into hiring_manager (EmployeeID, CompanyID, FirstName, LastName, Email, Phone, PasswordHASH)
values (49, '32', 'Blaire', 'MacMakin', 'bmacmakin1c@sun.com', '747-946-6052',
        '$2a$04$j8lDMo6zglepWF.Dzzkm..TXDLMh/..LGKtruAGxcHE4nnQ7s5x2m');
insert into hiring_manager (EmployeeID, CompanyID, FirstName, LastName, Email, Phone, PasswordHASH)
values (50, '28', 'Marys', 'Pedler', 'mpedler1d@shareasale.com', '329-252-7192',
        '$2a$04$T496XCPBNhEtbS6KJNo7ge1Le5iNw1.SJKgFwc3y6wf2E5Vo/TFEu');


-- education


insert into education (EducationID, ApplicantID, Name, GradDate, clubs, courses, GPA)
values (1, '48', 'cras non velit nec', '6/15/1961', 'vitae ipsum aliquam non mauris morbi non',
        'in hac habitasse platea dictumst etiam faucibus cursus urna ut tellus nulla ut', 0.47);
insert into education (EducationID, ApplicantID, Name, GradDate, clubs, courses, GPA)
values (2, '1', 'nulla neque', '10/8/2020', 'vestibulum', 'ultrices posuere cubilia curae duis faucibus accumsan', 0.5);
insert into education (EducationID, ApplicantID, Name, GradDate, clubs, courses, GPA)
values (3, '8', 'etiam', '12/18/2021', 'primis in',
        'maecenas ut massa quis augue luctus tincidunt nulla mollis molestie lorem quisque', 2.67);
insert into education (EducationID, ApplicantID, Name, GradDate, clubs, courses, GPA)
values (4, '33', 'metus vitae ipsum', '7/2/1965', 'pulvinar lobortis est phasellus',
        'varius nulla facilisi cras non velit nec', 0.14);
insert into education (EducationID, ApplicantID, Name, GradDate, clubs, courses, GPA)
values (5, '6', 'aliquet massa id lobortis', '9/12/1971', 'velit donec diam neque vestibulum eget vulputate',
        'at lorem integer tincidunt ante vel ipsum praesent blandit lacinia erat vestibulum sed magna at nunc', 2.62);
insert into education (EducationID, ApplicantID, Name, GradDate, clubs, courses, GPA)
values (6, '38', 'lacinia erat vestibulum sed', '10/30/1984', 'sollicitudin vitae consectetuer eget rutrum at',
        'purus eu magna vulputate luctus cum sociis natoque penatibus et', 3.97);
insert into education (EducationID, ApplicantID, Name, GradDate, clubs, courses, GPA)
values (7, '14', 'consectetuer adipiscing elit proin', '3/17/2020', 'elementum eu interdum eu tincidunt in',
        'est et tempus semper est quam pharetra magna ac consequat metus sapien ut nunc vestibulum', 2.33);
insert into education (EducationID, ApplicantID, Name, GradDate, clubs, courses, GPA)
values (8, '3', 'orci', '9/22/2023', 'in hac habitasse platea dictumst aliquam augue',
        'aenean lectus pellentesque eget nunc donec quis orci eget orci vehicula condimentum curabitur in libero',
        1.24);
insert into education (EducationID, ApplicantID, Name, GradDate, clubs, courses, GPA)
values (9, '24', 'duis', '3/28/1997', 'dapibus dolor vel est donec odio justo sollicitudin',
        'eu sapien cursus vestibulum proin eu mi nulla ac enim in tempor', 3.74);
insert into education (EducationID, ApplicantID, Name, GradDate, clubs, courses, GPA)
values (10, '28', 'lectus in quam fringilla', '4/27/2028', 'ac nibh fusce lacus purus aliquet',
        'nec nisi volutpat eleifend donec ut dolor morbi vel lectus in quam fringilla rhoncus mauris enim leo rhoncus sed vestibulum',
        2.04);
insert into education (EducationID, ApplicantID, Name, GradDate, clubs, courses, GPA)
values (11, '45', 'id nisl venenatis lacinia', '5/18/2028', 'ipsum aliquam non mauris morbi non',
        'nulla pede ullamcorper augue a suscipit nulla elit ac nulla sed vel enim', 1.15);
insert into education (EducationID, ApplicantID, Name, GradDate, clubs, courses, GPA)
values (12, '5', 'vehicula consequat morbi', '8/7/1981', 'quam pede lobortis ligula sit',
        'aliquet massa id lobortis convallis tortor risus dapibus augue vel accumsan tellus nisi eu orci mauris', 2.13);
insert into education (EducationID, ApplicantID, Name, GradDate, clubs, courses, GPA)
values (13, '36', 'duis', '4/3/2017', 'magna at nunc commodo placerat praesent blandit nam nulla integer',
        'duis aliquam convallis nunc proin at turpis a pede posuere nonummy integer non velit donec diam', 2.84);
insert into education (EducationID, ApplicantID, Name, GradDate, clubs, courses, GPA)
values (14, '44', 'lectus pellentesque eget', '7/16/1972', 'ut dolor morbi vel lectus in quam fringilla',
        'ut rhoncus aliquet pulvinar sed nisl nunc rhoncus dui vel sem sed', 1.7);
insert into education (EducationID, ApplicantID, Name, GradDate, clubs, courses, GPA)
values (15, '12', 'id pretium', '7/12/2018', 'lacus morbi sem mauris laoreet ut rhoncus aliquet pulvinar', 'platea',
        3.01);
insert into education (EducationID, ApplicantID, Name, GradDate, clubs, courses, GPA)
values (16, '46', 'convallis', '8/20/1971', 'vulputate vitae nisl aenean lectus', 'dolor vel', 3.3);
insert into education (EducationID, ApplicantID, Name, GradDate, clubs, courses, GPA)
values (17, '35', 'consequat nulla', '8/7/1974', '', 'suspendisse potenti cras in purus eu magna', 2.01);
insert into education (EducationID, ApplicantID, Name, GradDate, clubs, courses, GPA)
values (18, '39', 'semper est', '10/18/2027', 'luctus et ultrices posuere cubilia', 'bibendum', 3.65);
insert into education (EducationID, ApplicantID, Name, GradDate, clubs, courses, GPA)
values (19, '50', 'sed magna', '5/12/1980', 'quis turpis eget elit sodales scelerisque mauris sit amet',
        'vel est donec odio justo sollicitudin ut suscipit a feugiat et eros vestibulum ac est lacinia nisi venenatis',
        3.81);
insert into education (EducationID, ApplicantID, Name, GradDate, clubs, courses, GPA)
values (20, '4', 'luctus et ultrices', '1/17/2026', 'commodo vulputate justo in blandit',
        'lobortis est phasellus sit amet', 1.03);
insert into education (EducationID, ApplicantID, Name, GradDate, clubs, courses, GPA)
values (21, '30', 'sociis natoque', '1/6/1984', '', 'tincidunt lacus at velit vivamus vel nulla eget', 3.99);
insert into education (EducationID, ApplicantID, Name, GradDate, clubs, courses, GPA)
values (22, '10', 'nisi venenatis tristique fusce', '12/29/1994', 'quam pharetra', 'felis fusce posuere', 1.35);
insert into education (EducationID, ApplicantID, Name, GradDate, clubs, courses, GPA)
values (23, '26', 'lectus pellentesque eget', '12/17/1972', 'in faucibus orci luctus et ultrices posuere cubilia', '',
        1.61);
insert into education (EducationID, ApplicantID, Name, GradDate, clubs, courses, GPA)
values (24, '17', 'sed sagittis nam congue', '2/16/1962', 'orci pede', 'at ipsum ac tellus semper', 0.95);
insert into education (EducationID, ApplicantID, Name, GradDate, clubs, courses, GPA)
values (25, '25', 'sit amet nulla quisque', '7/23/1982',
        'quisque id justo sit amet sapien dignissim vestibulum vestibulum ante',
        'dolor quis odio consequat varius integer', 1.19);
insert into education (EducationID, ApplicantID, Name, GradDate, clubs, courses, GPA)
values (26, '13', 'in faucibus orci luctus', '8/18/1978', 'quis justo',
        'consectetuer adipiscing elit proin interdum mauris non ligula pellentesque ultrices phasellus id sapien in sapien iaculis congue vivamus metus arcu',
        1.34);
insert into education (EducationID, ApplicantID, Name, GradDate, clubs, courses, GPA)
values (27, '34', 'ultricies eu', '9/13/1968', 'vestibulum ante ipsum primis in faucibus orci', 'cubilia curae', 2.32);
insert into education (EducationID, ApplicantID, Name, GradDate, clubs, courses, GPA)
values (28, '7', 'massa id', '3/1/1975', 'tempor convallis nulla neque libero', 'nibh fusce lacus purus aliquet at',
        0.14);
insert into education (EducationID, ApplicantID, Name, GradDate, clubs, courses, GPA)
values (29, '23', 'morbi', '9/15/2003', 'at nibh in hac', 'turpis eget elit sodales scelerisque mauris sit', 1.42);
insert into education (EducationID, ApplicantID, Name, GradDate, clubs, courses, GPA)
values (30, '49', 'integer ac neque duis', '1/8/1982', 'sapien',
        'mauris vulputate elementum nullam varius nulla facilisi cras non velit nec nisi vulputate nonummy maecenas tincidunt lacus',
        3.06);
insert into education (EducationID, ApplicantID, Name, GradDate, clubs, courses, GPA)
values (31, '29', 'interdum venenatis turpis enim', '9/26/2021', 'auctor sed tristique in tempus sit amet',
        'morbi odio odio elementum eu', 0.6);
insert into education (EducationID, ApplicantID, Name, GradDate, clubs, courses, GPA)
values (32, '18', 'consequat', '10/6/2025', '',
        'aliquam sit amet diam in magna bibendum imperdiet nullam orci pede venenatis', 3.94);
insert into education (EducationID, ApplicantID, Name, GradDate, clubs, courses, GPA)
values (33, '20', 'orci', '8/31/1985', 'vivamus vestibulum', 'at feugiat non pretium quis lectus', 0.82);
insert into education (EducationID, ApplicantID, Name, GradDate, clubs, courses, GPA)
values (34, '37', 'tortor duis', '7/23/1998', 'morbi a ipsum integer a nibh in quis justo maecenas',
        'odio justo sollicitudin ut suscipit a feugiat et eros vestibulum ac est lacinia nisi venenatis tristique fusce',
        3.87);
insert into education (EducationID, ApplicantID, Name, GradDate, clubs, courses, GPA)
values (35, '11', 'justo nec', '2/11/1969', 'nec',
        'vestibulum sit amet cursus id turpis integer aliquet massa id lobortis convallis', 3.71);
insert into education (EducationID, ApplicantID, Name, GradDate, clubs, courses, GPA)
values (36, '31', 'elementum eu interdum', '4/16/1981', 'lectus aliquam sit amet diam in', 'id pretium', 0.46);
insert into education (EducationID, ApplicantID, Name, GradDate, clubs, courses, GPA)
values (37, '19', 'quam a odio', '4/16/2019', 'eleifend pede libero quis orci', 'felis fusce', 0.7);
insert into education (EducationID, ApplicantID, Name, GradDate, clubs, courses, GPA)
values (38, '47', 'tortor', '12/16/1986', 'nunc nisl duis bibendum felis sed interdum venenatis',
        'nisl venenatis lacinia aenean sit amet justo morbi ut odio cras mi', 1.49);
insert into education (EducationID, ApplicantID, Name, GradDate, clubs, courses, GPA)
values (39, '32', 'libero non mattis', '8/4/2023', 'vulputate ut ultrices vel augue vestibulum ante ipsum primis',
        'nibh fusce lacus purus aliquet at feugiat non pretium quis lectus suspendisse potenti in eleifend quam a odio',
        2.2);
insert into education (EducationID, ApplicantID, Name, GradDate, clubs, courses, GPA)
values (40, '27', 'eu', '4/7/1983', 'nulla sed vel enim sit amet nunc',
        'nullam orci pede venenatis non sodales sed tincidunt eu felis fusce posuere felis sed', 0.31);
insert into education (EducationID, ApplicantID, Name, GradDate, clubs, courses, GPA)
values (41, '16', 'amet nulla quisque arcu', '12/7/1980', 'ut ultrices', 'dignissim vestibulum vestibulum ante ipsum',
        0.76);
insert into education (EducationID, ApplicantID, Name, GradDate, clubs, courses, GPA)
values (42, '21', 'felis', '8/11/2003', 'lorem ipsum',
        'pharetra magna vestibulum aliquet ultrices erat tortor sollicitudin', 0.91);
insert into education (EducationID, ApplicantID, Name, GradDate, clubs, courses, GPA)
values (43, '2', 'in tempor turpis', '7/16/1991', 'pretium',
        'duis faucibus accumsan odio curabitur convallis duis consequat dui nec nisi volutpat eleifend', 1.6);
insert into education (EducationID, ApplicantID, Name, GradDate, clubs, courses, GPA)
values (44, '15', 'dapibus at', '3/16/1986', 'quam pede lobortis ligula sit amet eleifend pede', 'vivamus', 3.41);
insert into education (EducationID, ApplicantID, Name, GradDate, clubs, courses, GPA)
values (45, '40', 'dui maecenas tristique est', '2/3/1973', 'tincidunt ante',
        'elementum ligula vehicula consequat morbi a ipsum integer a nibh in quis justo maecenas rhoncus aliquam lacus',
        0.41);
insert into education (EducationID, ApplicantID, Name, GradDate, clubs, courses, GPA)
values (46, '9', 'amet eleifend pede', '6/18/2005', 'ante ipsum primis in faucibus orci luctus et ultrices posuere',
        'erat vestibulum sed magna at nunc commodo placerat praesent blandit nam', 2.03);
insert into education (EducationID, ApplicantID, Name, GradDate, clubs, courses, GPA)
values (47, '42', 'donec', '11/11/1973', 'congue', 'quisque arcu libero rutrum ac lobortis vel dapibus', 0.57);
insert into education (EducationID, ApplicantID, Name, GradDate, clubs, courses, GPA)
values (48, '43', 'suspendisse potenti', '11/10/1972', 'accumsan tortor quis turpis sed ante vivamus tortor',
        'amet sapien dignissim vestibulum vestibulum ante ipsum primis in faucibus orci luctus et ultrices posuere cubilia curae nulla dapibus dolor',
        2.66);
insert into education (EducationID, ApplicantID, Name, GradDate, clubs, courses, GPA)
values (49, '22', 'vitae ipsum aliquam', '8/7/1980', '',
        'diam in magna bibendum imperdiet nullam orci pede venenatis non sodales sed tincidunt eu', 3.98);
insert into education (EducationID, ApplicantID, Name, GradDate, clubs, courses, GPA)
values (50, '41', 'amet erat nulla', '3/14/1976', 'faucibus orci luctus et ultrices posuere',
        'pede venenatis non sodales sed', 0.46);


-- volunteer experience


insert into Volunteer_Experience (volunteerExperienceID, ApplicantID, title, StartDate, EndDate, Description)
values (1, '8', 'imperdiet', '1/13/1980', '11/25/1988', 'Donec semper sapien a libero. Nam dui.');
insert into Volunteer_Experience (volunteerExperienceID, ApplicantID, title, StartDate, EndDate, Description)
values (2, '5', 'nunc viverra dapibus nulla', '11/5/2001', '1/8/1984', 'Aliquam erat volutpat.');
insert into Volunteer_Experience (volunteerExperienceID, ApplicantID, title, StartDate, EndDate, Description)
values (3, '39', 'sapien', '4/21/1998', '7/31/1964',
        'Fusce posuere felis sed lacus. Morbi sem mauris, laoreet ut, rhoncus aliquet, pulvinar sed, nisl. Nunc rhoncus dui vel sem.');
insert into Volunteer_Experience (volunteerExperienceID, ApplicantID, title, StartDate, EndDate, Description)
values (4, '28', 'enim', '1/10/1978', '3/15/2000',
        'Morbi non quam nec dui luctus rutrum. Nulla tellus. In sagittis dui vel nisl.');
insert into Volunteer_Experience (volunteerExperienceID, ApplicantID, title, StartDate, EndDate, Description)
values (5, '43', 'duis', '7/12/1987', '2/18/2007', 'Morbi ut odio.');
insert into Volunteer_Experience (volunteerExperienceID, ApplicantID, title, StartDate, EndDate, Description)
values (6, '34', 'in quam fringilla rhoncus mauris', '9/14/1974', '6/10/1999', 'Morbi non quam nec dui luctus rutrum.');
insert into Volunteer_Experience (volunteerExperienceID, ApplicantID, title, StartDate, EndDate, Description)
values (7, '30', 'libero non', '9/22/1979', '4/6/2005',
        'Vivamus metus arcu, adipiscing molestie, hendrerit at, vulputate vitae, nisl.');
insert into Volunteer_Experience (volunteerExperienceID, ApplicantID, title, StartDate, EndDate, Description)
values (8, '35', 'orci pede venenatis non sodales', '8/4/1965', '6/6/1989',
        'Morbi vel lectus in quam fringilla rhoncus. Mauris enim leo, rhoncus sed, vestibulum sit amet, cursus id, turpis. Integer aliquet, massa id lobortis convallis, tortor risus dapibus augue, vel accumsan tellus nisi eu orci.');
insert into Volunteer_Experience (volunteerExperienceID, ApplicantID, title, StartDate, EndDate, Description)
values (9, '46', 'viverra pede', '4/14/1960', '12/18/2014',
        'Integer pede justo, lacinia eget, tincidunt eget, tempus vel, pede. Morbi porttitor lorem id ligula.');
insert into Volunteer_Experience (volunteerExperienceID, ApplicantID, title, StartDate, EndDate, Description)
values (10, '26', 'quisque ut erat', '2/26/2011', '9/11/2010', 'In quis justo. Maecenas rhoncus aliquam lacus.');
insert into Volunteer_Experience (volunteerExperienceID, ApplicantID, title, StartDate, EndDate, Description)
values (11, '4', 'etiam vel', '6/14/1991', '7/8/1981',
        'Vestibulum quam sapien, varius ut, blandit non, interdum in, ante. Vestibulum ante ipsum primis in faucibus orci luctus et ultrices posuere cubilia Curae; Duis faucibus accumsan odio.');
insert into Volunteer_Experience (volunteerExperienceID, ApplicantID, title, StartDate, EndDate, Description)
values (12, '49', 'curabitur in libero', '11/5/1983', '2/14/1994',
        'Integer aliquet, massa id lobortis convallis, tortor risus dapibus augue, vel accumsan tellus nisi eu orci. Mauris lacinia sapien quis libero.');
insert into Volunteer_Experience (volunteerExperienceID, ApplicantID, title, StartDate, EndDate, Description)
values (13, '48', 'enim leo', '10/30/2021', '3/7/2016',
        'Lorem ipsum dolor sit amet, consectetuer adipiscing elit. Proin risus. Praesent lectus.');
insert into Volunteer_Experience (volunteerExperienceID, ApplicantID, title, StartDate, EndDate, Description)
values (14, '18', 'suscipit ligula in lacus', '11/9/1987', '6/9/1968',
        'Etiam justo. Etiam pretium iaculis justo. In hac habitasse platea dictumst.');
insert into Volunteer_Experience (volunteerExperienceID, ApplicantID, title, StartDate, EndDate, Description)
values (15, '24', 'consequat lectus', '10/19/1989', '4/6/1968',
        'Vestibulum ante ipsum primis in faucibus orci luctus et ultrices posuere cubilia Curae; Duis faucibus accumsan odio.');
insert into Volunteer_Experience (volunteerExperienceID, ApplicantID, title, StartDate, EndDate, Description)
values (16, '44', 'integer pede justo', '9/28/1994', '6/15/1980',
        'Quisque arcu libero, rutrum ac, lobortis vel, dapibus at, diam. Nam tristique tortor eu pede.');
insert into Volunteer_Experience (volunteerExperienceID, ApplicantID, title, StartDate, EndDate, Description)
values (17, '1', 'nulla suspendisse', '8/16/1990', '2/20/1976',
        'Aenean lectus. Pellentesque eget nunc. Donec quis orci eget orci vehicula condimentum.');
insert into Volunteer_Experience (volunteerExperienceID, ApplicantID, title, StartDate, EndDate, Description)
values (18, '29', 'parturient montes', '1/3/1983', '9/22/1991', 'Aenean lectus.');
insert into Volunteer_Experience (volunteerExperienceID, ApplicantID, title, StartDate, EndDate, Description)
values (19, '14', 'sed', '12/5/1990', '6/8/1977', 'Mauris ullamcorper purus sit amet nulla.');
insert into Volunteer_Experience (volunteerExperienceID, ApplicantID, title, StartDate, EndDate, Description)
values (20, '12', 'ultrices aliquet maecenas leo', '2/28/1996', '11/12/1979',
        'Cum sociis natoque penatibus et magnis dis parturient montes, nascetur ridiculus mus. Vivamus vestibulum sagittis sapien. Cum sociis natoque penatibus et magnis dis parturient montes, nascetur ridiculus mus.');
insert into Volunteer_Experience (volunteerExperienceID, ApplicantID, title, StartDate, EndDate, Description)
values (21, '9', 'volutpat convallis morbi odio odio', '7/26/2008', '8/4/1963',
        'Morbi vestibulum, velit id pretium iaculis, diam erat fermentum justo, nec condimentum neque sapien placerat ante. Nulla justo. Aliquam quis turpis eget elit sodales scelerisque.');
insert into Volunteer_Experience (volunteerExperienceID, ApplicantID, title, StartDate, EndDate, Description)
values (22, '20', 'eros', '1/8/1998', '5/6/1971', 'Vivamus tortor. Duis mattis egestas metus. Aenean fermentum.');
insert into Volunteer_Experience (volunteerExperienceID, ApplicantID, title, StartDate, EndDate, Description)
values (23, '3', 'vivamus', '12/13/1988', '7/21/1995',
        'Nam congue, risus semper porta volutpat, quam pede lobortis ligula, sit amet eleifend pede libero quis orci. Nullam molestie nibh in lectus. Pellentesque at nulla.');
insert into Volunteer_Experience (volunteerExperienceID, ApplicantID, title, StartDate, EndDate, Description)
values (24, '17', 'suspendisse potenti in', '8/27/1995', '7/18/1985',
        'Lorem ipsum dolor sit amet, consectetuer adipiscing elit. Proin risus.');
insert into Volunteer_Experience (volunteerExperienceID, ApplicantID, title, StartDate, EndDate, Description)
values (25, '41', 'pede justo lacinia', '12/14/1997', '3/24/2019',
        'Praesent id massa id nisl venenatis lacinia. Aenean sit amet justo. Morbi ut odio.');
insert into Volunteer_Experience (volunteerExperienceID, ApplicantID, title, StartDate, EndDate, Description)
values (26, '25', 'convallis nulla', '3/18/1989', '12/6/2011',
        'Sed sagittis. Nam congue, risus semper porta volutpat, quam pede lobortis ligula, sit amet eleifend pede libero quis orci.');
insert into Volunteer_Experience (volunteerExperienceID, ApplicantID, title, StartDate, EndDate, Description)
values (27, '50', 'dictumst aliquam', '3/7/1977', '3/1/1997', 'Morbi a ipsum.');
insert into Volunteer_Experience (volunteerExperienceID, ApplicantID, title, StartDate, EndDate, Description)
values (28, '27', 'sem duis aliquam convallis', '12/16/1996', '11/3/2020', 'Curabitur convallis.');
insert into Volunteer_Experience (volunteerExperienceID, ApplicantID, title, StartDate, EndDate, Description)
values (29, '6', 'vestibulum velit', '11/22/1993', '5/12/2023',
        'Mauris enim leo, rhoncus sed, vestibulum sit amet, cursus id, turpis. Integer aliquet, massa id lobortis convallis, tortor risus dapibus augue, vel accumsan tellus nisi eu orci.');
insert into Volunteer_Experience (volunteerExperienceID, ApplicantID, title, StartDate, EndDate, Description)
values (30, '10', 'non', '11/17/1976', '9/29/2016',
        'Nulla ut erat id mauris vulputate elementum. Nullam varius. Nulla facilisi.');
insert into Volunteer_Experience (volunteerExperienceID, ApplicantID, title, StartDate, EndDate, Description)
values (31, '21', 'congue', '2/16/2006', '6/8/1974', 'In est risus, auctor sed, tristique in, tempus sit amet, sem.');
insert into Volunteer_Experience (volunteerExperienceID, ApplicantID, title, StartDate, EndDate, Description)
values (32, '15', 'sed interdum venenatis', '9/30/2023', '5/18/2008', 'In congue.');
insert into Volunteer_Experience (volunteerExperienceID, ApplicantID, title, StartDate, EndDate, Description)
values (33, '47', 'porttitor lorem id ligula', '7/27/2001', '11/17/2017',
        'Cum sociis natoque penatibus et magnis dis parturient montes, nascetur ridiculus mus.');
insert into Volunteer_Experience (volunteerExperienceID, ApplicantID, title, StartDate, EndDate, Description)
values (34, '22', 'et tempus semper', '5/25/2001', '7/16/1997',
        'Fusce lacus purus, aliquet at, feugiat non, pretium quis, lectus. Suspendisse potenti.');
insert into Volunteer_Experience (volunteerExperienceID, ApplicantID, title, StartDate, EndDate, Description)
values (35, '32', 'magna at nunc', '1/19/1985', '2/6/1981',
        'Donec posuere metus vitae ipsum. Aliquam non mauris. Morbi non lectus.');
insert into Volunteer_Experience (volunteerExperienceID, ApplicantID, title, StartDate, EndDate, Description)
values (36, '36', 'lorem ipsum dolor sit', '11/10/1964', '8/30/1997',
        'Maecenas tristique, est et tempus semper, est quam pharetra magna, ac consequat metus sapien ut nunc. Vestibulum ante ipsum primis in faucibus orci luctus et ultrices posuere cubilia Curae; Mauris viverra diam vitae quam.');
insert into Volunteer_Experience (volunteerExperienceID, ApplicantID, title, StartDate, EndDate, Description)
values (37, '19', 'aliquam erat volutpat in', '12/8/1960', '2/2/1963',
        'Vestibulum ac est lacinia nisi venenatis tristique.');
insert into Volunteer_Experience (volunteerExperienceID, ApplicantID, title, StartDate, EndDate, Description)
values (38, '45', 'posuere cubilia curae', '3/22/1993', '3/9/1965', 'Nunc purus. Phasellus in felis.');
insert into Volunteer_Experience (volunteerExperienceID, ApplicantID, title, StartDate, EndDate, Description)
values (39, '37', 'potenti cras in', '10/14/1967', '1/11/1974',
        'Donec quis orci eget orci vehicula condimentum. Curabitur in libero ut massa volutpat convallis. Morbi odio odio, elementum eu, interdum eu, tincidunt in, leo.');
insert into Volunteer_Experience (volunteerExperienceID, ApplicantID, title, StartDate, EndDate, Description)
values (40, '40', 'quam suspendisse', '5/6/1980', '6/8/1962', 'Duis at velit eu est congue elementum.');
insert into Volunteer_Experience (volunteerExperienceID, ApplicantID, title, StartDate, EndDate, Description)
values (41, '2', 'in lacus curabitur at', '12/4/1994', '12/5/1977',
        'Cras mi pede, malesuada in, imperdiet et, commodo vulputate, justo. In blandit ultrices enim.');
insert into Volunteer_Experience (volunteerExperienceID, ApplicantID, title, StartDate, EndDate, Description)
values (42, '23', 'a libero nam', '10/17/1971', '8/18/1977', 'Nam nulla.');
insert into Volunteer_Experience (volunteerExperienceID, ApplicantID, title, StartDate, EndDate, Description)
values (43, '7', 'aliquam lacus', '6/21/1984', '10/18/2018',
        'Mauris ullamcorper purus sit amet nulla. Quisque arcu libero, rutrum ac, lobortis vel, dapibus at, diam.');
insert into Volunteer_Experience (volunteerExperienceID, ApplicantID, title, StartDate, EndDate, Description)
values (44, '13', 'sollicitudin mi sit amet lobortis', '12/19/1975', '2/4/1980', 'Curabitur gravida nisi at nibh.');
insert into Volunteer_Experience (volunteerExperienceID, ApplicantID, title, StartDate, EndDate, Description)
values (45, '33', 'nibh fusce lacus purus aliquet', '8/30/2009', '4/29/1974', 'Aliquam erat volutpat. In congue.');
insert into Volunteer_Experience (volunteerExperienceID, ApplicantID, title, StartDate, EndDate, Description)
values (46, '16', 'erat curabitur gravida nisi', '4/1/2007', '10/16/2010', 'Praesent blandit lacinia erat.');
insert into Volunteer_Experience (volunteerExperienceID, ApplicantID, title, StartDate, EndDate, Description)
values (47, '11', 'maecenas leo', '11/12/2017', '7/15/1969',
        'Morbi ut odio. Cras mi pede, malesuada in, imperdiet et, commodo vulputate, justo. In blandit ultrices enim.');
insert into Volunteer_Experience (volunteerExperienceID, ApplicantID, title, StartDate, EndDate, Description)
values (48, '42', 'dapibus duis at velit eu', '2/14/2001', '9/25/2002',
        'In blandit ultrices enim. Lorem ipsum dolor sit amet, consectetuer adipiscing elit. Proin interdum mauris non ligula pellentesque ultrices.');
insert into Volunteer_Experience (volunteerExperienceID, ApplicantID, title, StartDate, EndDate, Description)
values (49, '38', 'odio odio elementum eu', '3/20/2010', '10/27/1984',
        'Nam nulla. Integer pede justo, lacinia eget, tincidunt eget, tempus vel, pede. Morbi porttitor lorem id ligula.');
insert into Volunteer_Experience (volunteerExperienceID, ApplicantID, title, StartDate, EndDate, Description)
values (50, '31', 'fermentum justo nec condimentum', '1/13/1969', '9/8/2016', 'Sed accumsan felis.');


-- work experience


insert into Work_Experience (experienceID, ApplicantID, title, StartDate, EndDate, Description, City, State)
values (1, '23', 'eros viverra eget congue', '5/26/2006', '5/29/2005',
        'Quisque erat eros, viverra eget, congue eget, semper rutrum, nulla. Nunc purus.', 'Gizałki', null);
insert into Work_Experience (experienceID, ApplicantID, title, StartDate, EndDate, Description, City, State)
values (2, '34', 'at dolor quis odio consequat', '7/22/2021', '2/20/2008', 'Aliquam non mauris.', 'Mae Sot', null);
insert into Work_Experience (experienceID, ApplicantID, title, StartDate, EndDate, Description, City, State)
values (3, '11', 'vestibulum rutrum', '8/20/2015', '6/19/1986',
        'Proin interdum mauris non ligula pellentesque ultrices.', 'Xue’an', null);
insert into Work_Experience (experienceID, ApplicantID, title, StartDate, EndDate, Description, City, State)
values (4, '10', 'massa id nisl venenatis', '4/26/2014', '2/15/1976',
        'Quisque ut erat. Curabitur gravida nisi at nibh. In hac habitasse platea dictumst. Aliquam augue quam, sollicitudin vitae, consectetuer eget, rutrum at, lorem.',
        'Matinha', null);
insert into Work_Experience (experienceID, ApplicantID, title, StartDate, EndDate, Description, City, State)
values (5, '2', 'pellentesque eget nunc donec', '3/5/2008', '3/11/1996',
        'In quis justo. Maecenas rhoncus aliquam lacus.', 'San Isidro', 'Nuevo Leon');
insert into Work_Experience (experienceID, ApplicantID, title, StartDate, EndDate, Description, City, State)
values (6, '12', 'ac tellus semper interdum mauris', '5/10/1985', '2/16/2022',
        'Nam nulla. Integer pede justo, lacinia eget, tincidunt eget, tempus vel, pede. Morbi porttitor lorem id ligula. Suspendisse ornare consequat lectus. In est risus, auctor sed, tristique in, tempus sit amet, sem.',
        'Arlöv', 'Skåne');
insert into Work_Experience (experienceID, ApplicantID, title, StartDate, EndDate, Description, City, State)
values (7, '19', 'condimentum curabitur', '6/7/1967', '8/12/1963',
        'Maecenas tristique, est et tempus semper, est quam pharetra magna, ac consequat metus sapien ut nunc. Vestibulum ante ipsum primis in faucibus orci luctus et ultrices posuere cubilia Curae; Mauris viverra diam vitae quam. Suspendisse potenti. Nullam porttitor lacus at turpis. Donec posuere metus vitae ipsum.',
        'Vinnytsya', null);
insert into Work_Experience (experienceID, ApplicantID, title, StartDate, EndDate, Description, City, State)
values (8, '45', 'aliquet at feugiat non pretium', '8/7/1984', '12/13/1967',
        'Sed sagittis. Nam congue, risus semper porta volutpat, quam pede lobortis ligula, sit amet eleifend pede libero quis orci.',
        'Rogongon', null);
insert into Work_Experience (experienceID, ApplicantID, title, StartDate, EndDate, Description, City, State)
values (9, '46', 'nibh in quis justo', '9/14/1973', '6/19/1968',
        'In est risus, auctor sed, tristique in, tempus sit amet, sem. Fusce consequat. Nulla nisl. Nunc nisl. Duis bibendum, felis sed interdum venenatis, turpis enim blandit mi, in porttitor pede justo eu massa.',
        'Sagasa', null);
insert into Work_Experience (experienceID, ApplicantID, title, StartDate, EndDate, Description, City, State)
values (10, '27', 'nisl aenean lectus pellentesque', '1/2/1981', '4/29/2010',
        'Aenean sit amet justo. Morbi ut odio. Cras mi pede, malesuada in, imperdiet et, commodo vulputate, justo.',
        'Shixi', null);
insert into Work_Experience (experienceID, ApplicantID, title, StartDate, EndDate, Description, City, State)
values (11, '37', 'vestibulum rutrum rutrum neque', '11/17/2015', '11/7/2004', 'Integer ac neque. Duis bibendum.',
        'Novotitarovskaya', null);
insert into Work_Experience (experienceID, ApplicantID, title, StartDate, EndDate, Description, City, State)
values (12, '29', 'posuere', '4/6/1974', '6/10/1996',
        'Morbi ut odio. Cras mi pede, malesuada in, imperdiet et, commodo vulputate, justo. In blandit ultrices enim. Lorem ipsum dolor sit amet, consectetuer adipiscing elit. Proin interdum mauris non ligula pellentesque ultrices.',
        'Independencia', null);
insert into Work_Experience (experienceID, ApplicantID, title, StartDate, EndDate, Description, City, State)
values (13, '42', 'sem fusce', '3/25/2003', '8/31/2010',
        'Aliquam sit amet diam in magna bibendum imperdiet. Nullam orci pede, venenatis non, sodales sed, tincidunt eu, felis. Fusce posuere felis sed lacus.',
        'Blobo', null);
insert into Work_Experience (experienceID, ApplicantID, title, StartDate, EndDate, Description, City, State)
values (14, '26', 'bibendum morbi non', '7/4/1986', '12/7/2016',
        'Maecenas ut massa quis augue luctus tincidunt. Nulla mollis molestie lorem. Quisque ut erat. Curabitur gravida nisi at nibh.',
        'El Mirador', 'Chiapas');
insert into Work_Experience (experienceID, ApplicantID, title, StartDate, EndDate, Description, City, State)
values (15, '50', 'nibh in hac habitasse', '5/27/2007', '7/28/2009',
        'In eleifend quam a odio. In hac habitasse platea dictumst. Maecenas ut massa quis augue luctus tincidunt. Nulla mollis molestie lorem. Quisque ut erat.',
        'Campo Verde', null);
insert into Work_Experience (experienceID, ApplicantID, title, StartDate, EndDate, Description, City, State)
values (16, '44', 'sed interdum venenatis', '10/31/2006', '10/27/1963',
        'Vestibulum ac est lacinia nisi venenatis tristique. Fusce congue, diam id ornare imperdiet, sapien urna pretium nisl, ut volutpat sapien arcu sed augue.',
        'Fengyuan', null);
insert into Work_Experience (experienceID, ApplicantID, title, StartDate, EndDate, Description, City, State)
values (17, '1', 'vel lectus in quam fringilla', '6/3/2023', '1/17/2018',
        'Vestibulum ante ipsum primis in faucibus orci luctus et ultrices posuere cubilia Curae; Nulla dapibus dolor vel est. Donec odio justo, sollicitudin ut, suscipit a, feugiat et, eros. Vestibulum ac est lacinia nisi venenatis tristique. Fusce congue, diam id ornare imperdiet, sapien urna pretium nisl, ut volutpat sapien arcu sed augue.',
        'Madamba', null);
insert into Work_Experience (experienceID, ApplicantID, title, StartDate, EndDate, Description, City, State)
values (18, '41', 'imperdiet', '6/11/2009', '10/31/1979',
        'Duis ac nibh. Fusce lacus purus, aliquet at, feugiat non, pretium quis, lectus.', 'Bago City', null);
insert into Work_Experience (experienceID, ApplicantID, title, StartDate, EndDate, Description, City, State)
values (19, '6', 'fermentum', '4/20/2010', '12/18/2011', 'Nam nulla.', 'Jietou', null);
insert into Work_Experience (experienceID, ApplicantID, title, StartDate, EndDate, Description, City, State)
values (20, '40', 'tortor', '6/18/1970', '8/31/1974', 'Praesent blandit.', 'Pont Cassé', null);
insert into Work_Experience (experienceID, ApplicantID, title, StartDate, EndDate, Description, City, State)
values (21, '22', 'suscipit nulla elit ac', '3/25/2000', '10/19/1965',
        'Morbi non lectus. Aliquam sit amet diam in magna bibendum imperdiet. Nullam orci pede, venenatis non, sodales sed, tincidunt eu, felis.',
        'Maranura', null);
insert into Work_Experience (experienceID, ApplicantID, title, StartDate, EndDate, Description, City, State)
values (22, '5', 'semper sapien a', '7/26/1998', '8/20/1980',
        'Lorem ipsum dolor sit amet, consectetuer adipiscing elit. Proin interdum mauris non ligula pellentesque ultrices. Phasellus id sapien in sapien iaculis congue.',
        'Hengxianhe', null);
insert into Work_Experience (experienceID, ApplicantID, title, StartDate, EndDate, Description, City, State)
values (23, '25', 'nec condimentum neque sapien placerat', '7/4/2000', '1/18/1976',
        'Mauris enim leo, rhoncus sed, vestibulum sit amet, cursus id, turpis. Integer aliquet, massa id lobortis convallis, tortor risus dapibus augue, vel accumsan tellus nisi eu orci. Mauris lacinia sapien quis libero. Nullam sit amet turpis elementum ligula vehicula consequat. Morbi a ipsum.',
        'Jinsha', null);
insert into Work_Experience (experienceID, ApplicantID, title, StartDate, EndDate, Description, City, State)
values (24, '24', 'est', '6/16/1995', '10/15/1975', 'Curabitur in libero ut massa volutpat convallis.', 'Silver Spring',
        'Maryland');
insert into Work_Experience (experienceID, ApplicantID, title, StartDate, EndDate, Description, City, State)
values (25, '16', 'odio', '8/25/1978', '12/4/2014',
        'Vestibulum ante ipsum primis in faucibus orci luctus et ultrices posuere cubilia Curae; Nulla dapibus dolor vel est. Donec odio justo, sollicitudin ut, suscipit a, feugiat et, eros. Vestibulum ac est lacinia nisi venenatis tristique.',
        'Bolinao', null);
insert into Work_Experience (experienceID, ApplicantID, title, StartDate, EndDate, Description, City, State)
values (26, '20', 'libero nam dui', '4/27/1995', '5/11/1976', 'Integer a nibh.', 'Sukadana', null);
insert into Work_Experience (experienceID, ApplicantID, title, StartDate, EndDate, Description, City, State)
values (27, '4', 'nam', '6/9/2021', '4/17/2015', 'Aenean fermentum. Donec ut mauris eget massa tempor convallis.',
        'Montaigu', 'Pays de la Loire');
insert into Work_Experience (experienceID, ApplicantID, title, StartDate, EndDate, Description, City, State)
values (28, '3', 'ipsum ac', '9/20/2014', '5/17/2018',
        'Vestibulum rutrum rutrum neque. Aenean auctor gravida sem. Praesent id massa id nisl venenatis lacinia. Aenean sit amet justo.',
        'Suhong', null);
insert into Work_Experience (experienceID, ApplicantID, title, StartDate, EndDate, Description, City, State)
values (29, '36', 'dui vel nisl duis ac', '3/24/2012', '11/25/2002',
        'Proin risus. Praesent lectus. Vestibulum quam sapien, varius ut, blandit non, interdum in, ante. Vestibulum ante ipsum primis in faucibus orci luctus et ultrices posuere cubilia Curae; Duis faucibus accumsan odio. Curabitur convallis.',
        'Jayyūs', null);
insert into Work_Experience (experienceID, ApplicantID, title, StartDate, EndDate, Description, City, State)
values (30, '13', 'quam', '9/18/1986', '11/25/1964',
        'In eleifend quam a odio. In hac habitasse platea dictumst. Maecenas ut massa quis augue luctus tincidunt. Nulla mollis molestie lorem.',
        'Cachan', 'Île-de-France');
insert into Work_Experience (experienceID, ApplicantID, title, StartDate, EndDate, Description, City, State)
values (31, '8', 'vel enim sit amet nunc', '6/5/2000', '8/20/1981',
        'Morbi porttitor lorem id ligula. Suspendisse ornare consequat lectus. In est risus, auctor sed, tristique in, tempus sit amet, sem.',
        'Garnich', null);
insert into Work_Experience (experienceID, ApplicantID, title, StartDate, EndDate, Description, City, State)
values (32, '28', 'magna at nunc', '7/9/1977', '10/11/1979', 'Vivamus vel nulla eget eros elementum pellentesque.',
        'Arcueil', 'Île-de-France');
insert into Work_Experience (experienceID, ApplicantID, title, StartDate, EndDate, Description, City, State)
values (33, '39', 'vulputate luctus cum sociis', '7/24/1988', '2/27/1985',
        'Sed vel enim sit amet nunc viverra dapibus. Nulla suscipit ligula in lacus. Curabitur at ipsum ac tellus semper interdum.',
        'Amman', null);
insert into Work_Experience (experienceID, ApplicantID, title, StartDate, EndDate, Description, City, State)
values (34, '49', 'urna', '2/9/1972', '7/19/1979',
        'In hac habitasse platea dictumst. Etiam faucibus cursus urna. Ut tellus.', 'Bizerte', null);
insert into Work_Experience (experienceID, ApplicantID, title, StartDate, EndDate, Description, City, State)
values (35, '7', 'integer ac neque duis', '10/22/1960', '2/27/2018',
        'Aliquam non mauris. Morbi non lectus. Aliquam sit amet diam in magna bibendum imperdiet. Nullam orci pede, venenatis non, sodales sed, tincidunt eu, felis. Fusce posuere felis sed lacus.',
        'Hermosa', null);
insert into Work_Experience (experienceID, ApplicantID, title, StartDate, EndDate, Description, City, State)
values (36, '9', 'porttitor pede justo eu massa', '8/3/1973', '11/29/1966',
        'Vestibulum rutrum rutrum neque. Aenean auctor gravida sem. Praesent id massa id nisl venenatis lacinia. Aenean sit amet justo. Morbi ut odio.',
        'Xiangdian', null);
insert into Work_Experience (experienceID, ApplicantID, title, StartDate, EndDate, Description, City, State)
values (37, '33', 'vel dapibus at diam', '9/24/1984', '6/25/2006',
        'Nunc rhoncus dui vel sem. Sed sagittis. Nam congue, risus semper porta volutpat, quam pede lobortis ligula, sit amet eleifend pede libero quis orci. Nullam molestie nibh in lectus.',
        'Youlan', null);
insert into Work_Experience (experienceID, ApplicantID, title, StartDate, EndDate, Description, City, State)
values (38, '30', 'curabitur in', '11/21/1974', '6/20/2004',
        'Aliquam sit amet diam in magna bibendum imperdiet. Nullam orci pede, venenatis non, sodales sed, tincidunt eu, felis. Fusce posuere felis sed lacus. Morbi sem mauris, laoreet ut, rhoncus aliquet, pulvinar sed, nisl. Nunc rhoncus dui vel sem.',
        'Mawa', null);
insert into Work_Experience (experienceID, ApplicantID, title, StartDate, EndDate, Description, City, State)
values (39, '48', 'morbi sem', '2/23/1998', '11/15/1982',
        'Morbi odio odio, elementum eu, interdum eu, tincidunt in, leo.', 'Bratislava', null);
insert into Work_Experience (experienceID, ApplicantID, title, StartDate, EndDate, Description, City, State)
values (40, '15', 'justo', '6/22/1992', '2/24/2010',
        'Integer a nibh. In quis justo. Maecenas rhoncus aliquam lacus. Morbi quis tortor id nulla ultrices aliquet.',
        'Geneng Tengah', null);
insert into Work_Experience (experienceID, ApplicantID, title, StartDate, EndDate, Description, City, State)
values (41, '43', 'in quam', '6/12/1961', '1/12/1963',
        'Suspendisse potenti. Cras in purus eu magna vulputate luctus. Cum sociis natoque penatibus et magnis dis parturient montes, nascetur ridiculus mus. Vivamus vestibulum sagittis sapien. Cum sociis natoque penatibus et magnis dis parturient montes, nascetur ridiculus mus.',
        'Juupajoki', null);
insert into Work_Experience (experienceID, ApplicantID, title, StartDate, EndDate, Description, City, State)
values (42, '47', 'habitasse platea dictumst etiam faucibus', '10/24/1989', '5/12/1989',
        'Vestibulum ac est lacinia nisi venenatis tristique. Fusce congue, diam id ornare imperdiet, sapien urna pretium nisl, ut volutpat sapien arcu sed augue. Aliquam erat volutpat.',
        'Sainte-Marthe-sur-le-Lac', 'Québec');
insert into Work_Experience (experienceID, ApplicantID, title, StartDate, EndDate, Description, City, State)
values (43, '21', 'rhoncus dui vel', '8/30/1991', '11/22/1995',
        'Integer tincidunt ante vel ipsum. Praesent blandit lacinia erat. Vestibulum sed magna at nunc commodo placerat.',
        'Pulo', null);
insert into Work_Experience (experienceID, ApplicantID, title, StartDate, EndDate, Description, City, State)
values (44, '18', 'est quam pharetra magna', '10/10/2016', '8/30/1983',
        'Nam ultrices, libero non mattis pulvinar, nulla pede ullamcorper augue, a suscipit nulla elit ac nulla. Sed vel enim sit amet nunc viverra dapibus. Nulla suscipit ligula in lacus. Curabitur at ipsum ac tellus semper interdum.',
        'Medzhibozh', null);
insert into Work_Experience (experienceID, ApplicantID, title, StartDate, EndDate, Description, City, State)
values (45, '38', 'blandit nam', '10/8/2005', '12/15/1978',
        'In est risus, auctor sed, tristique in, tempus sit amet, sem. Fusce consequat. Nulla nisl.', 'Alhos Vedros',
        'Setúbal');
insert into Work_Experience (experienceID, ApplicantID, title, StartDate, EndDate, Description, City, State)
values (46, '14', 'ligula', '8/9/1991', '4/19/2004',
        'Nullam orci pede, venenatis non, sodales sed, tincidunt eu, felis. Fusce posuere felis sed lacus. Morbi sem mauris, laoreet ut, rhoncus aliquet, pulvinar sed, nisl. Nunc rhoncus dui vel sem.',
        'Yabluniv', null);
insert into Work_Experience (experienceID, ApplicantID, title, StartDate, EndDate, Description, City, State)
values (47, '35', 'risus', '4/27/2003', '10/2/1986', 'Fusce consequat. Nulla nisl. Nunc nisl.', 'Kalmar', 'Kalmar');
insert into Work_Experience (experienceID, ApplicantID, title, StartDate, EndDate, Description, City, State)
values (48, '31', 'suscipit nulla', '10/24/1980', '6/18/1991',
        'In blandit ultrices enim. Lorem ipsum dolor sit amet, consectetuer adipiscing elit.', 'Tha Bo', null);
insert into Work_Experience (experienceID, ApplicantID, title, StartDate, EndDate, Description, City, State)
values (49, '32', 'enim lorem ipsum dolor', '3/19/1996', '11/13/1982',
        'Vivamus tortor. Duis mattis egestas metus. Aenean fermentum. Donec ut mauris eget massa tempor convallis. Nulla neque libero, convallis eget, eleifend luctus, ultricies eu, nibh.',
        'Bourg-en-Bresse', 'Rhône-Alpes');
insert into Work_Experience (experienceID, ApplicantID, title, StartDate, EndDate, Description, City, State)
values (50, '17', 'turpis integer aliquet', '8/5/1994', '10/18/1965', 'Pellentesque at nulla.', 'Atami', null);


-- skill


insert into skill (skillID, Name)
values (1, 'TVC');
insert into skill (skillID, Name)
values (2, 'Drama');
insert into skill (skillID, Name)
values (3, 'PTLLS');
insert into skill (skillID, Name)
values (4, 'RTOS');
insert into skill (skillID, Name)
values (5, 'Disability Insurance');
insert into skill (skillID, Name)
values (6, 'VoIP');
insert into skill (skillID, Name)
values (7, 'PCI Standards');
insert into skill (skillID, Name)
values (8, 'Tutoring');
insert into skill (skillID, Name)
values (9, 'Embedded Systems');
insert into skill (skillID, Name)
values (10, 'HMO');
insert into skill (skillID, Name)
values (11, 'BMP design');
insert into skill (skillID, Name)
values (12, 'DP');
insert into skill (skillID, Name)
values (13, 'Construction Management');
insert into skill (skillID, Name)
values (14, 'IWR');
insert into skill (skillID, Name)
values (15, 'Olfaction');
insert into skill (skillID, Name)
values (16, 'DNA methylation');
insert into skill (skillID, Name)
values (17, 'PCR');
insert into skill (skillID, Name)
values (18, 'Aquisition');
insert into skill (skillID, Name)
values (19, 'PDMLink');
insert into skill (skillID, Name)
values (20, 'ODE');
insert into skill (skillID, Name)
values (21, 'Vendor Management');
insert into skill (skillID, Name)
values (22, 'Mortgage Underwriting');
insert into skill (skillID, Name)
values (23, 'Supply Management');
insert into skill (skillID, Name)
values (24, 'Long-term Care');
insert into skill (skillID, Name)
values (25, 'DDR2');
insert into skill (skillID, Name)
values (26, 'vBulletin');
insert into skill (skillID, Name)
values (27, 'Xajax');
insert into skill (skillID, Name)
values (28, 'Brochures');
insert into skill (skillID, Name)
values (29, 'QAS');
insert into skill (skillID, Name)
values (30, 'Mental Health Counseling');
insert into skill (skillID, Name)
values (31, 'Workplace Violence');
insert into skill (skillID, Name)
values (32, 'CMMI Level 5');
insert into skill (skillID, Name)
values (33, 'Xytech');
insert into skill (skillID, Name)
values (34, 'Natural Gas');
insert into skill (skillID, Name)
values (35, 'Civil Rights');
insert into skill (skillID, Name)
values (36, 'KNX');
insert into skill (skillID, Name)
values (37, 'TMDLs');
insert into skill (skillID, Name)
values (38, 'VSEO');
insert into skill (skillID, Name)
values (39, 'Zend Certified Engineer');
insert into skill (skillID, Name)
values (40, 'LDOM');
insert into skill (skillID, Name)
values (41, 'Organization Skills');
insert into skill (skillID, Name)
values (42, 'Urban');
insert into skill (skillID, Name)
values (43, 'Contractual Agreements');
insert into skill (skillID, Name)
values (44, 'cXML');
insert into skill (skillID, Name)
values (45, 'EWP');
insert into skill (skillID, Name)
values (46, 'eHealth');
insert into skill (skillID, Name)
values (47, 'NGP');
insert into skill (skillID, Name)
values (48, 'LCD');
insert into skill (skillID, Name)
values (49, 'HR Transformation');
insert into skill (skillID, Name)
values (50, 'DDS');


-- applicant skill


insert into applicant_skill (ApplicantID, SkillID, SkillLevel)
values ('9', '4', 2);
insert into applicant_skill (ApplicantID, SkillID, SkillLevel)
values ('16', '1', 8);
insert into applicant_skill (ApplicantID, SkillID, SkillLevel)
values ('5', '9', 10);
insert into applicant_skill (ApplicantID, SkillID, SkillLevel)
values ('50', '39', 2);
insert into applicant_skill (ApplicantID, SkillID, SkillLevel)
values ('28', '46', 6);
insert into applicant_skill (ApplicantID, SkillID, SkillLevel)
values ('45', '21', 2);
insert into applicant_skill (ApplicantID, SkillID, SkillLevel)
values ('37', '14', 1);
insert into applicant_skill (ApplicantID, SkillID, SkillLevel)
values ('39', '50', 7);
insert into applicant_skill (ApplicantID, SkillID, SkillLevel)
values ('41', '28', 5);
insert into applicant_skill (ApplicantID, SkillID, SkillLevel)
values ('2', '34', 3);
insert into applicant_skill (ApplicantID, SkillID, SkillLevel)
values ('38', '32', 5);
insert into applicant_skill (ApplicantID, SkillID, SkillLevel)
values ('19', '25', 7);
insert into applicant_skill (ApplicantID, SkillID, SkillLevel)
values ('44', '5', 4);
insert into applicant_skill (ApplicantID, SkillID, SkillLevel)
values ('21', '43', 3);
insert into applicant_skill (ApplicantID, SkillID, SkillLevel)
values ('18', '49', 2);
insert into applicant_skill (ApplicantID, SkillID, SkillLevel)
values ('6', '37', 9);
insert into applicant_skill (ApplicantID, SkillID, SkillLevel)
values ('17', '11', 6);
insert into applicant_skill (ApplicantID, SkillID, SkillLevel)
values ('46', '12', 3);
insert into applicant_skill (ApplicantID, SkillID, SkillLevel)
values ('22', '16', 1);
insert into applicant_skill (ApplicantID, SkillID, SkillLevel)
values ('15', '13', 3);
insert into applicant_skill (ApplicantID, SkillID, SkillLevel)
values ('25', '26', 3);
insert into applicant_skill (ApplicantID, SkillID, SkillLevel)
values ('30', '20', 3);
insert into applicant_skill (ApplicantID, SkillID, SkillLevel)
values ('27', '24', 2);
insert into applicant_skill (ApplicantID, SkillID, SkillLevel)
values ('10', '44', 8);
insert into applicant_skill (ApplicantID, SkillID, SkillLevel)
values ('20', '2', 9);
insert into applicant_skill (ApplicantID, SkillID, SkillLevel)
values ('12', '40', 5);
insert into applicant_skill (ApplicantID, SkillID, SkillLevel)
values ('34', '45', 5);
insert into applicant_skill (ApplicantID, SkillID, SkillLevel)
values ('42', '8', 8);
insert into applicant_skill (ApplicantID, SkillID, SkillLevel)
values ('40', '22', 4);
insert into applicant_skill (ApplicantID, SkillID, SkillLevel)
values ('13', '36', 8);
insert into applicant_skill (ApplicantID, SkillID, SkillLevel)
values ('23', '3', 4);
insert into applicant_skill (ApplicantID, SkillID, SkillLevel)
values ('43', '33', 2);
insert into applicant_skill (ApplicantID, SkillID, SkillLevel)
values ('1', '27', 3);
insert into applicant_skill (ApplicantID, SkillID, SkillLevel)
values ('31', '19', 4);
insert into applicant_skill (ApplicantID, SkillID, SkillLevel)
values ('26', '7', 10);
insert into applicant_skill (ApplicantID, SkillID, SkillLevel)
values ('48', '29', 4);
insert into applicant_skill (ApplicantID, SkillID, SkillLevel)
values ('35', '48', 6);
insert into applicant_skill (ApplicantID, SkillID, SkillLevel)
values ('47', '31', 8);
insert into applicant_skill (ApplicantID, SkillID, SkillLevel)
values ('7', '23', 2);
insert into applicant_skill (ApplicantID, SkillID, SkillLevel)
values ('49', '15', 6);
insert into applicant_skill (ApplicantID, SkillID, SkillLevel)
values ('32', '35', 3);
insert into applicant_skill (ApplicantID, SkillID, SkillLevel)
values ('29', '18', 4);
insert into applicant_skill (ApplicantID, SkillID, SkillLevel)
values ('14', '47', 7);
insert into applicant_skill (ApplicantID, SkillID, SkillLevel)
values ('33', '17', 8);
insert into applicant_skill (ApplicantID, SkillID, SkillLevel)
values ('24', '41', 10);
insert into applicant_skill (ApplicantID, SkillID, SkillLevel)
values ('8', '6', 5);
insert into applicant_skill (ApplicantID, SkillID, SkillLevel)
values ('4', '42', 8);
insert into applicant_skill (ApplicantID, SkillID, SkillLevel)
values ('11', '38', 4);
insert into applicant_skill (ApplicantID, SkillID, SkillLevel)
values ('36', '30', 1);
insert into applicant_skill (ApplicantID, SkillID, SkillLevel)
values ('3', '10', 6);
insert into applicant_skill (ApplicantID, SkillID, SkillLevel)
values ('13', '41', 6);
insert into applicant_skill (ApplicantID, SkillID, SkillLevel)
values ('20', '9', 7);
insert into applicant_skill (ApplicantID, SkillID, SkillLevel)
values ('11', '48', 4);
insert into applicant_skill (ApplicantID, SkillID, SkillLevel)
values ('2', '26', 6);
insert into applicant_skill (ApplicantID, SkillID, SkillLevel)
values ('14', '38', 1);
insert into applicant_skill (ApplicantID, SkillID, SkillLevel)
values ('47', '16', 4);
insert into applicant_skill (ApplicantID, SkillID, SkillLevel)
values ('9', '15', 6);
insert into applicant_skill (ApplicantID, SkillID, SkillLevel)
values ('44', '34', 1);
insert into applicant_skill (ApplicantID, SkillID, SkillLevel)
values ('16', '1', 10);
insert into applicant_skill (ApplicantID, SkillID, SkillLevel)
values ('45', '36', 1);
insert into applicant_skill (ApplicantID, SkillID, SkillLevel)
values ('48', '37', 3);
insert into applicant_skill (ApplicantID, SkillID, SkillLevel)
values ('17', '39', 1);
insert into applicant_skill (ApplicantID, SkillID, SkillLevel)
values ('40', '35', 10);
insert into applicant_skill (ApplicantID, SkillID, SkillLevel)
values ('6', '30', 1);
insert into applicant_skill (ApplicantID, SkillID, SkillLevel)
values ('43', '45', 3);
insert into applicant_skill (ApplicantID, SkillID, SkillLevel)
values ('32', '46', 4);
insert into applicant_skill (ApplicantID, SkillID, SkillLevel)
values ('10', '5', 3);
insert into applicant_skill (ApplicantID, SkillID, SkillLevel)
values ('12', '2', 7);
insert into applicant_skill (ApplicantID, SkillID, SkillLevel)
values ('46', '18', 4);
insert into applicant_skill (ApplicantID, SkillID, SkillLevel)
values ('18', '4', 3);
insert into applicant_skill (ApplicantID, SkillID, SkillLevel)
values ('1', '40', 1);
insert into applicant_skill (ApplicantID, SkillID, SkillLevel)
values ('41', '19', 4);
insert into applicant_skill (ApplicantID, SkillID, SkillLevel)
values ('31', '13', 10);
insert into applicant_skill (ApplicantID, SkillID, SkillLevel)
values ('49', '3', 8);
insert into applicant_skill (ApplicantID, SkillID, SkillLevel)
values ('28', '24', 6);
insert into applicant_skill (ApplicantID, SkillID, SkillLevel)
values ('21', '21', 6);
insert into applicant_skill (ApplicantID, SkillID, SkillLevel)
values ('24', '10', 5);
insert into applicant_skill (ApplicantID, SkillID, SkillLevel)
values ('36', '27', 5);
insert into applicant_skill (ApplicantID, SkillID, SkillLevel)
values ('7', '28', 10);
insert into applicant_skill (ApplicantID, SkillID, SkillLevel)
values ('35', '43', 9);
insert into applicant_skill (ApplicantID, SkillID, SkillLevel)
values ('22', '17', 5);
insert into applicant_skill (ApplicantID, SkillID, SkillLevel)
values ('19', '31', 6);
insert into applicant_skill (ApplicantID, SkillID, SkillLevel)
values ('30', '22', 9);
insert into applicant_skill (ApplicantID, SkillID, SkillLevel)
values ('26', '42', 4);
insert into applicant_skill (ApplicantID, SkillID, SkillLevel)
values ('50', '7', 1);
insert into applicant_skill (ApplicantID, SkillID, SkillLevel)
values ('29', '11', 5);
insert into applicant_skill (ApplicantID, SkillID, SkillLevel)
values ('37', '14', 4);
insert into applicant_skill (ApplicantID, SkillID, SkillLevel)
values ('8', '29', 7);
insert into applicant_skill (ApplicantID, SkillID, SkillLevel)
values ('33', '47', 5);
insert into applicant_skill (ApplicantID, SkillID, SkillLevel)
values ('3', '25', 10);
insert into applicant_skill (ApplicantID, SkillID, SkillLevel)
values ('25', '44', 9);
insert into applicant_skill (ApplicantID, SkillID, SkillLevel)
values ('39', '20', 8);
insert into applicant_skill (ApplicantID, SkillID, SkillLevel)
values ('4', '8', 10);
insert into applicant_skill (ApplicantID, SkillID, SkillLevel)
values ('27', '23', 7);
insert into applicant_skill (ApplicantID, SkillID, SkillLevel)
values ('23', '32', 5);
insert into applicant_skill (ApplicantID, SkillID, SkillLevel)
values ('5', '12', 1);
insert into applicant_skill (ApplicantID, SkillID, SkillLevel)
values ('38', '33', 9);
insert into applicant_skill (ApplicantID, SkillID, SkillLevel)
values ('34', '6', 9);
insert into applicant_skill (ApplicantID, SkillID, SkillLevel)
values ('15', '49', 10);
insert into applicant_skill (ApplicantID, SkillID, SkillLevel)
values ('42', '50', 7);
insert into applicant_skill (ApplicantID, SkillID, SkillLevel)
values ('5', '13', 5);
insert into applicant_skill (ApplicantID, SkillID, SkillLevel)
values ('49', '25', 6);
insert into applicant_skill (ApplicantID, SkillID, SkillLevel)
values ('18', '33', 5);
insert into applicant_skill (ApplicantID, SkillID, SkillLevel)
values ('6', '26', 9);
insert into applicant_skill (ApplicantID, SkillID, SkillLevel)
values ('23', '24', 8);
insert into applicant_skill (ApplicantID, SkillID, SkillLevel)
values ('34', '19', 2);
insert into applicant_skill (ApplicantID, SkillID, SkillLevel)
values ('35', '11', 10);
insert into applicant_skill (ApplicantID, SkillID, SkillLevel)
values ('40', '12', 10);
insert into applicant_skill (ApplicantID, SkillID, SkillLevel)
values ('3', '46', 5);
insert into applicant_skill (ApplicantID, SkillID, SkillLevel)
values ('33', '47', 10);
insert into applicant_skill (ApplicantID, SkillID, SkillLevel)
values ('24', '38', 5);
insert into applicant_skill (ApplicantID, SkillID, SkillLevel)
values ('21', '20', 2);
insert into applicant_skill (ApplicantID, SkillID, SkillLevel)
values ('39', '4', 7);
insert into applicant_skill (ApplicantID, SkillID, SkillLevel)
values ('42', '3', 6);
insert into applicant_skill (ApplicantID, SkillID, SkillLevel)
values ('17', '16', 10);
insert into applicant_skill (ApplicantID, SkillID, SkillLevel)
values ('12', '18', 6);
insert into applicant_skill (ApplicantID, SkillID, SkillLevel)
values ('31', '27', 2);
insert into applicant_skill (ApplicantID, SkillID, SkillLevel)
values ('1', '37', 6);
insert into applicant_skill (ApplicantID, SkillID, SkillLevel)
values ('13', '10', 7);
insert into applicant_skill (ApplicantID, SkillID, SkillLevel)
values ('45', '1', 6);
insert into applicant_skill (ApplicantID, SkillID, SkillLevel)
values ('14', '42', 4);
insert into applicant_skill (ApplicantID, SkillID, SkillLevel)
values ('37', '22', 3);
insert into applicant_skill (ApplicantID, SkillID, SkillLevel)
values ('30', '21', 6);
insert into applicant_skill (ApplicantID, SkillID, SkillLevel)
values ('25', '7', 4);
insert into applicant_skill (ApplicantID, SkillID, SkillLevel)
values ('22', '49', 8);
insert into applicant_skill (ApplicantID, SkillID, SkillLevel)
values ('29', '6', 7);
insert into applicant_skill (ApplicantID, SkillID, SkillLevel)
values ('9', '34', 4);
insert into applicant_skill (ApplicantID, SkillID, SkillLevel)
values ('7', '50', 1);
insert into applicant_skill (ApplicantID, SkillID, SkillLevel)
values ('41', '15', 4);
insert into applicant_skill (ApplicantID, SkillID, SkillLevel)
values ('11', '17', 1);
insert into applicant_skill (ApplicantID, SkillID, SkillLevel)
values ('20', '48', 5);
insert into applicant_skill (ApplicantID, SkillID, SkillLevel)
values ('8', '45', 4);
insert into applicant_skill (ApplicantID, SkillID, SkillLevel)
values ('19', '41', 9);
insert into applicant_skill (ApplicantID, SkillID, SkillLevel)
values ('16', '14', 9);
insert into applicant_skill (ApplicantID, SkillID, SkillLevel)
values ('50', '44', 4);
insert into applicant_skill (ApplicantID, SkillID, SkillLevel)
values ('32', '32', 1);
insert into applicant_skill (ApplicantID, SkillID, SkillLevel)
values ('48', '35', 5);
insert into applicant_skill (ApplicantID, SkillID, SkillLevel)
values ('36', '5', 6);
insert into applicant_skill (ApplicantID, SkillID, SkillLevel)
values ('44', '23', 8);
insert into applicant_skill (ApplicantID, SkillID, SkillLevel)
values ('38', '40', 3);
insert into applicant_skill (ApplicantID, SkillID, SkillLevel)
values ('46', '36', 8);
insert into applicant_skill (ApplicantID, SkillID, SkillLevel)
values ('27', '31', 1);
insert into applicant_skill (ApplicantID, SkillID, SkillLevel)
values ('28', '29', 8);
insert into applicant_skill (ApplicantID, SkillID, SkillLevel)
values ('10', '2', 8);
insert into applicant_skill (ApplicantID, SkillID, SkillLevel)
values ('2', '9', 2);
insert into applicant_skill (ApplicantID, SkillID, SkillLevel)
values ('4', '43', 4);
insert into applicant_skill (ApplicantID, SkillID, SkillLevel)
values ('43', '39', 4);
insert into applicant_skill (ApplicantID, SkillID, SkillLevel)
values ('26', '28', 1);
insert into applicant_skill (ApplicantID, SkillID, SkillLevel)
values ('15', '30', 2);
insert into applicant_skill (ApplicantID, SkillID, SkillLevel)
values ('47', '8', 5);
insert into applicant_skill (ApplicantID, SkillID, SkillLevel)
values ('20', '10', 10);
insert into applicant_skill (ApplicantID, SkillID, SkillLevel)
values ('38', '5', 4);
insert into applicant_skill (ApplicantID, SkillID, SkillLevel)
values ('15', '48', 5);
insert into applicant_skill (ApplicantID, SkillID, SkillLevel)
values ('1', '49', 5);
insert into applicant_skill (ApplicantID, SkillID, SkillLevel)
values ('12', '2', 5);
insert into applicant_skill (ApplicantID, SkillID, SkillLevel)
values ('29', '38', 2);
insert into applicant_skill (ApplicantID, SkillID, SkillLevel)
values ('11', '18', 9);
insert into applicant_skill (ApplicantID, SkillID, SkillLevel)
values ('8', '19', 3);
insert into applicant_skill (ApplicantID, SkillID, SkillLevel)
values ('7', '12', 9);
insert into applicant_skill (ApplicantID, SkillID, SkillLevel)
values ('40', '50', 3);
insert into applicant_skill (ApplicantID, SkillID, SkillLevel)
values ('19', '39', 9);
insert into applicant_skill (ApplicantID, SkillID, SkillLevel)
values ('9', '3', 3);
insert into applicant_skill (ApplicantID, SkillID, SkillLevel)
values ('35', '14', 2);
insert into applicant_skill (ApplicantID, SkillID, SkillLevel)
values ('27', '34', 8);
insert into applicant_skill (ApplicantID, SkillID, SkillLevel)
values ('3', '37', 4);
insert into applicant_skill (ApplicantID, SkillID, SkillLevel)
values ('22', '41', 4);
insert into applicant_skill (ApplicantID, SkillID, SkillLevel)
values ('41', '24', 6);
insert into applicant_skill (ApplicantID, SkillID, SkillLevel)
values ('6', '33', 6);
insert into applicant_skill (ApplicantID, SkillID, SkillLevel)
values ('21', '20', 7);
insert into applicant_skill (ApplicantID, SkillID, SkillLevel)
values ('39', '15', 8);
insert into applicant_skill (ApplicantID, SkillID, SkillLevel)
values ('45', '35', 1);
insert into applicant_skill (ApplicantID, SkillID, SkillLevel)
values ('42', '27', 6);
insert into applicant_skill (ApplicantID, SkillID, SkillLevel)
values ('14', '44', 6);
insert into applicant_skill (ApplicantID, SkillID, SkillLevel)
values ('44', '42', 9);
insert into applicant_skill (ApplicantID, SkillID, SkillLevel)
values ('30', '40', 9);
insert into applicant_skill (ApplicantID, SkillID, SkillLevel)
values ('36', '6', 6);
insert into applicant_skill (ApplicantID, SkillID, SkillLevel)
values ('10', '17', 9);
insert into applicant_skill (ApplicantID, SkillID, SkillLevel)
values ('16', '16', 8);
insert into applicant_skill (ApplicantID, SkillID, SkillLevel)
values ('25', '11', 10);
insert into applicant_skill (ApplicantID, SkillID, SkillLevel)
values ('50', '45', 3);
insert into applicant_skill (ApplicantID, SkillID, SkillLevel)
values ('18', '9', 1);
insert into applicant_skill (ApplicantID, SkillID, SkillLevel)
values ('47', '31', 6);
insert into applicant_skill (ApplicantID, SkillID, SkillLevel)
values ('23', '47', 2);
insert into applicant_skill (ApplicantID, SkillID, SkillLevel)
values ('43', '46', 4);
insert into applicant_skill (ApplicantID, SkillID, SkillLevel)
values ('48', '25', 10);
insert into applicant_skill (ApplicantID, SkillID, SkillLevel)
values ('5', '13', 7);
insert into applicant_skill (ApplicantID, SkillID, SkillLevel)
values ('4', '30', 2);
insert into applicant_skill (ApplicantID, SkillID, SkillLevel)
values ('2', '7', 3);
insert into applicant_skill (ApplicantID, SkillID, SkillLevel)
values ('24', '23', 6);
insert into applicant_skill (ApplicantID, SkillID, SkillLevel)
values ('26', '8', 6);
insert into applicant_skill (ApplicantID, SkillID, SkillLevel)
values ('46', '43', 1);
insert into applicant_skill (ApplicantID, SkillID, SkillLevel)
values ('28', '29', 7);
insert into applicant_skill (ApplicantID, SkillID, SkillLevel)
values ('34', '26', 1);
insert into applicant_skill (ApplicantID, SkillID, SkillLevel)
values ('17', '32', 5);
insert into applicant_skill (ApplicantID, SkillID, SkillLevel)
values ('31', '28', 10);
insert into applicant_skill (ApplicantID, SkillID, SkillLevel)
values ('37', '36', 5);
insert into applicant_skill (ApplicantID, SkillID, SkillLevel)
values ('32', '22', 2);
insert into applicant_skill (ApplicantID, SkillID, SkillLevel)
values ('49', '21', 7);
insert into applicant_skill (ApplicantID, SkillID, SkillLevel)
values ('13', '4', 5);
insert into applicant_skill (ApplicantID, SkillID, SkillLevel)
values ('33', '1', 2);


-- skill test


insert into skill_test (SkillTestID, SKillID, Name)
values (1, '31', 'integer ac leo');
insert into skill_test (SkillTestID, SKillID, Name)
values (2, '28', 'non velit nec nisi');
insert into skill_test (SkillTestID, SKillID, Name)
values (3, '30', 'aliquet maecenas leo');
insert into skill_test (SkillTestID, SKillID, Name)
values (4, '13', 'id pretium iaculis diam erat');
insert into skill_test (SkillTestID, SKillID, Name)
values (5, '35', 'suspendisse potenti cras in');
insert into skill_test (SkillTestID, SKillID, Name)
values (6, '47', 'cubilia curae duis faucibus accumsan');
insert into skill_test (SkillTestID, SKillID, Name)
values (7, '24', 'ut ultrices vel');
insert into skill_test (SkillTestID, SKillID, Name)
values (8, '27', 'interdum');
insert into skill_test (SkillTestID, SKillID, Name)
values (9, '33', 'nibh in');
insert into skill_test (SkillTestID, SKillID, Name)
values (10, '9', 'lacinia nisi venenatis tristique');
insert into skill_test (SkillTestID, SKillID, Name)
values (11, '46', 'luctus et');
insert into skill_test (SkillTestID, SKillID, Name)
values (12, '40', 'sit');
insert into skill_test (SkillTestID, SKillID, Name)
values (13, '38', 'justo pellentesque viverra pede ac');
insert into skill_test (SkillTestID, SKillID, Name)
values (14, '37', 'sapien cursus vestibulum proin eu');
insert into skill_test (SkillTestID, SKillID, Name)
values (15, '14', 'scelerisque');
insert into skill_test (SkillTestID, SKillID, Name)
values (16, '3', 'ante ipsum primis in');
insert into skill_test (SkillTestID, SKillID, Name)
values (17, '17', 'congue risus semper porta volutpat');
insert into skill_test (SkillTestID, SKillID, Name)
values (18, '42', 'rutrum rutrum neque');
insert into skill_test (SkillTestID, SKillID, Name)
values (19, '19', 'eros suspendisse accumsan tortor');
insert into skill_test (SkillTestID, SKillID, Name)
values (20, '36', 'enim lorem ipsum dolor sit');
insert into skill_test (SkillTestID, SKillID, Name)
values (21, '11', 'in purus eu magna vulputate');
insert into skill_test (SkillTestID, SKillID, Name)
values (22, '12', 'lacinia');
insert into skill_test (SkillTestID, SKillID, Name)
values (23, '23', 'sagittis');
insert into skill_test (SkillTestID, SKillID, Name)
values (24, '32', 'ut');
insert into skill_test (SkillTestID, SKillID, Name)
values (25, '5', 'diam erat fermentum justo nec');
insert into skill_test (SkillTestID, SKillID, Name)
values (26, '7', 'semper interdum mauris ullamcorper purus');
insert into skill_test (SkillTestID, SKillID, Name)
values (27, '48', 'in sagittis dui');
insert into skill_test (SkillTestID, SKillID, Name)
values (28, '29', 'eget');
insert into skill_test (SkillTestID, SKillID, Name)
values (29, '4', 'convallis morbi odio odio');
insert into skill_test (SkillTestID, SKillID, Name)
values (30, '20', 'accumsan felis ut at dolor');
insert into skill_test (SkillTestID, SKillID, Name)
values (31, '39', 'in hac habitasse platea');
insert into skill_test (SkillTestID, SKillID, Name)
values (32, '18', 'sed');
insert into skill_test (SkillTestID, SKillID, Name)
values (33, '25', 'odio odio elementum eu interdum');
insert into skill_test (SkillTestID, SKillID, Name)
values (34, '21', 'dignissim');
insert into skill_test (SkillTestID, SKillID, Name)
values (35, '34', 'sit amet eleifend pede libero');
insert into skill_test (SkillTestID, SKillID, Name)
values (36, '22', 'placerat');
insert into skill_test (SkillTestID, SKillID, Name)
values (37, '15', 'lacinia');
insert into skill_test (SkillTestID, SKillID, Name)
values (38, '50', 'sit');
insert into skill_test (SkillTestID, SKillID, Name)
values (39, '44', 'nulla');
insert into skill_test (SkillTestID, SKillID, Name)
values (40, '2', 'sem');
insert into skill_test (SkillTestID, SKillID, Name)
values (41, '49', 'sapien varius');
insert into skill_test (SkillTestID, SKillID, Name)
values (42, '1', 'ut');
insert into skill_test (SkillTestID, SKillID, Name)
values (43, '6', 'proin');
insert into skill_test (SkillTestID, SKillID, Name)
values (44, '43', 'posuere metus');
insert into skill_test (SkillTestID, SKillID, Name)
values (45, '45', 'in tempus sit amet sem');
insert into skill_test (SkillTestID, SKillID, Name)
values (46, '10', 'primis');
insert into skill_test (SkillTestID, SKillID, Name)
values (47, '41', 'massa tempor');
insert into skill_test (SkillTestID, SKillID, Name)
values (48, '8', 'ut');
insert into skill_test (SkillTestID, SKillID, Name)
values (49, '16', 'est risus');
insert into skill_test (SkillTestID, SKillID, Name)
values (50, '26', 'sit amet');


-- applicant skill test


insert into applicantSkillTests (ApplicantID, SkillTestID, dateTaken, Score)
values ('33', '8', '2/1/2013', 44);
insert into applicantSkillTests (ApplicantID, SkillTestID, dateTaken, Score)
values ('29', '31', '4/2/2020', 9);
insert into applicantSkillTests (ApplicantID, SkillTestID, dateTaken, Score)
values ('43', '44', '3/20/2002', 5);
insert into applicantSkillTests (ApplicantID, SkillTestID, dateTaken, Score)
values ('30', '49', '3/19/2007', 90);
insert into applicantSkillTests (ApplicantID, SkillTestID, dateTaken, Score)
values ('50', '47', '2/12/2015', 27);
insert into applicantSkillTests (ApplicantID, SkillTestID, dateTaken, Score)
values ('7', '6', '12/27/2003', 94);
insert into applicantSkillTests (ApplicantID, SkillTestID, dateTaken, Score)
values ('45', '41', '5/12/2019', 25);
insert into applicantSkillTests (ApplicantID, SkillTestID, dateTaken, Score)
values ('2', '48', '3/6/2003', 82);
insert into applicantSkillTests (ApplicantID, SkillTestID, dateTaken, Score)
values ('26', '4', '5/8/2018', 23);
insert into applicantSkillTests (ApplicantID, SkillTestID, dateTaken, Score)
values ('25', '2', '8/18/2002', 48);
insert into applicantSkillTests (ApplicantID, SkillTestID, dateTaken, Score)
values ('46', '5', '6/5/2014', 72);
insert into applicantSkillTests (ApplicantID, SkillTestID, dateTaken, Score)
values ('32', '33', '12/31/2008', 78);
insert into applicantSkillTests (ApplicantID, SkillTestID, dateTaken, Score)
values ('27', '17', '6/23/2009', 48);
insert into applicantSkillTests (ApplicantID, SkillTestID, dateTaken, Score)
values ('35', '16', '8/12/2007', 35);
insert into applicantSkillTests (ApplicantID, SkillTestID, dateTaken, Score)
values ('37', '30', '11/14/2005', 32);
insert into applicantSkillTests (ApplicantID, SkillTestID, dateTaken, Score)
values ('19', '10', '10/24/2000', 35);
insert into applicantSkillTests (ApplicantID, SkillTestID, dateTaken, Score)
values ('47', '50', '4/7/2007', 63);
insert into applicantSkillTests (ApplicantID, SkillTestID, dateTaken, Score)
values ('1', '24', '12/25/2000', 99);
insert into applicantSkillTests (ApplicantID, SkillTestID, dateTaken, Score)
values ('28', '39', '9/16/2008', 71);
insert into applicantSkillTests (ApplicantID, SkillTestID, dateTaken, Score)
values ('21', '22', '8/2/2015', 86);
insert into applicantSkillTests (ApplicantID, SkillTestID, dateTaken, Score)
values ('15', '27', '10/2/2023', 10);
insert into applicantSkillTests (ApplicantID, SkillTestID, dateTaken, Score)
values ('49', '34', '1/18/2016', 96);
insert into applicantSkillTests (ApplicantID, SkillTestID, dateTaken, Score)
values ('20', '40', '8/24/2003', 67);
insert into applicantSkillTests (ApplicantID, SkillTestID, dateTaken, Score)
values ('36', '43', '3/13/2002', 69);
insert into applicantSkillTests (ApplicantID, SkillTestID, dateTaken, Score)
values ('5', '32', '2/18/2012', 79);
insert into applicantSkillTests (ApplicantID, SkillTestID, dateTaken, Score)
values ('17', '3', '2/20/2020', 40);
insert into applicantSkillTests (ApplicantID, SkillTestID, dateTaken, Score)
values ('10', '29', '5/17/2008', 92);
insert into applicantSkillTests (ApplicantID, SkillTestID, dateTaken, Score)
values ('3', '26', '2/27/2002', 66);
insert into applicantSkillTests (ApplicantID, SkillTestID, dateTaken, Score)
values ('31', '21', '11/8/2018', 37);
insert into applicantSkillTests (ApplicantID, SkillTestID, dateTaken, Score)
values ('48', '25', '4/24/2017', 32);
insert into applicantSkillTests (ApplicantID, SkillTestID, dateTaken, Score)
values ('40', '36', '5/3/2001', 65);
insert into applicantSkillTests (ApplicantID, SkillTestID, dateTaken, Score)
values ('41', '9', '11/16/2012', 54);
insert into applicantSkillTests (ApplicantID, SkillTestID, dateTaken, Score)
values ('6', '12', '5/9/2015', 12);
insert into applicantSkillTests (ApplicantID, SkillTestID, dateTaken, Score)
values ('14', '7', '5/23/2009', 72);
insert into applicantSkillTests (ApplicantID, SkillTestID, dateTaken, Score)
values ('38', '11', '6/21/2006', 67);
insert into applicantSkillTests (ApplicantID, SkillTestID, dateTaken, Score)
values ('11', '1', '1/6/2019', 87);
insert into applicantSkillTests (ApplicantID, SkillTestID, dateTaken, Score)
values ('24', '37', '10/15/2019', 92);
insert into applicantSkillTests (ApplicantID, SkillTestID, dateTaken, Score)
values ('12', '13', '2/21/2016', 22);
insert into applicantSkillTests (ApplicantID, SkillTestID, dateTaken, Score)
values ('16', '14', '3/10/2004', 100);
insert into applicantSkillTests (ApplicantID, SkillTestID, dateTaken, Score)
values ('4', '28', '7/26/2006', 100);
insert into applicantSkillTests (ApplicantID, SkillTestID, dateTaken, Score)
values ('22', '15', '11/5/2014', 24);
insert into applicantSkillTests (ApplicantID, SkillTestID, dateTaken, Score)
values ('9', '19', '3/22/2019', 98);
insert into applicantSkillTests (ApplicantID, SkillTestID, dateTaken, Score)
values ('8', '35', '7/24/2022', 7);
insert into applicantSkillTests (ApplicantID, SkillTestID, dateTaken, Score)
values ('13', '20', '1/13/2018', 30);
insert into applicantSkillTests (ApplicantID, SkillTestID, dateTaken, Score)
values ('18', '23', '8/15/2014', 78);
insert into applicantSkillTests (ApplicantID, SkillTestID, dateTaken, Score)
values ('23', '46', '1/30/2001', 48);
insert into applicantSkillTests (ApplicantID, SkillTestID, dateTaken, Score)
values ('44', '42', '6/27/2000', 50);
insert into applicantSkillTests (ApplicantID, SkillTestID, dateTaken, Score)
values ('34', '45', '9/7/2016', 85);
insert into applicantSkillTests (ApplicantID, SkillTestID, dateTaken, Score)
values ('39', '18', '4/25/2022', 78);
insert into applicantSkillTests (ApplicantID, SkillTestID, dateTaken, Score)
values ('42', '38', '9/10/2002', 12);
insert into applicantSkillTests (ApplicantID, SkillTestID, dateTaken, Score)
values ('8', '28', '12/14/2006', 68);
insert into applicantSkillTests (ApplicantID, SkillTestID, dateTaken, Score)
values ('15', '16', '5/6/2013', 55);
insert into applicantSkillTests (ApplicantID, SkillTestID, dateTaken, Score)
values ('6', '18', '8/31/2008', 78);
insert into applicantSkillTests (ApplicantID, SkillTestID, dateTaken, Score)
values ('42', '9', '4/2/2003', 80);
insert into applicantSkillTests (ApplicantID, SkillTestID, dateTaken, Score)
values ('24', '4', '6/6/2023', 39);
insert into applicantSkillTests (ApplicantID, SkillTestID, dateTaken, Score)
values ('7', '42', '9/20/2001', 8);
insert into applicantSkillTests (ApplicantID, SkillTestID, dateTaken, Score)
values ('49', '22', '9/16/2007', 56);
insert into applicantSkillTests (ApplicantID, SkillTestID, dateTaken, Score)
values ('20', '5', '7/22/2023', 66);
insert into applicantSkillTests (ApplicantID, SkillTestID, dateTaken, Score)
values ('14', '23', '5/25/2011', 45);
insert into applicantSkillTests (ApplicantID, SkillTestID, dateTaken, Score)
values ('43', '15', '4/19/2018', 23);
insert into applicantSkillTests (ApplicantID, SkillTestID, dateTaken, Score)
values ('45', '40', '4/5/2012', 66);
insert into applicantSkillTests (ApplicantID, SkillTestID, dateTaken, Score)
values ('50', '27', '4/7/2017', 8);
insert into applicantSkillTests (ApplicantID, SkillTestID, dateTaken, Score)
values ('16', '19', '12/14/2022', 90);
insert into applicantSkillTests (ApplicantID, SkillTestID, dateTaken, Score)
values ('36', '2', '7/11/2013', 29);
insert into applicantSkillTests (ApplicantID, SkillTestID, dateTaken, Score)
values ('18', '37', '5/4/2009', 91);
insert into applicantSkillTests (ApplicantID, SkillTestID, dateTaken, Score)
values ('5', '6', '10/1/2005', 69);
insert into applicantSkillTests (ApplicantID, SkillTestID, dateTaken, Score)
values ('27', '35', '5/27/2006', 23);
insert into applicantSkillTests (ApplicantID, SkillTestID, dateTaken, Score)
values ('30', '48', '5/13/2001', 65);
insert into applicantSkillTests (ApplicantID, SkillTestID, dateTaken, Score)
values ('3', '26', '8/5/2001', 29);
insert into applicantSkillTests (ApplicantID, SkillTestID, dateTaken, Score)
values ('38', '34', '3/4/2017', 18);
insert into applicantSkillTests (ApplicantID, SkillTestID, dateTaken, Score)
values ('37', '21', '9/13/2019', 96);
insert into applicantSkillTests (ApplicantID, SkillTestID, dateTaken, Score)
values ('12', '38', '3/23/2006', 24);
insert into applicantSkillTests (ApplicantID, SkillTestID, dateTaken, Score)
values ('17', '12', '11/21/2013', 71);
insert into applicantSkillTests (ApplicantID, SkillTestID, dateTaken, Score)
values ('34', '25', '12/14/2016', 84);
insert into applicantSkillTests (ApplicantID, SkillTestID, dateTaken, Score)
values ('28', '43', '11/22/2001', 65);
insert into applicantSkillTests (ApplicantID, SkillTestID, dateTaken, Score)
values ('11', '39', '9/19/2014', 89);
insert into applicantSkillTests (ApplicantID, SkillTestID, dateTaken, Score)
values ('1', '1', '10/30/2015', 64);
insert into applicantSkillTests (ApplicantID, SkillTestID, dateTaken, Score)
values ('35', '46', '11/2/2006', 10);
insert into applicantSkillTests (ApplicantID, SkillTestID, dateTaken, Score)
values ('26', '8', '11/10/2003', 97);
insert into applicantSkillTests (ApplicantID, SkillTestID, dateTaken, Score)
values ('22', '7', '6/13/2006', 36);
insert into applicantSkillTests (ApplicantID, SkillTestID, dateTaken, Score)
values ('10', '45', '6/24/2003', 28);
insert into applicantSkillTests (ApplicantID, SkillTestID, dateTaken, Score)
values ('29', '14', '2/2/2001', 6);
insert into applicantSkillTests (ApplicantID, SkillTestID, dateTaken, Score)
values ('48', '17', '2/23/2023', 25);
insert into applicantSkillTests (ApplicantID, SkillTestID, dateTaken, Score)
values ('33', '11', '11/7/2004', 43);
insert into applicantSkillTests (ApplicantID, SkillTestID, dateTaken, Score)
values ('44', '24', '6/22/2014', 29);
insert into applicantSkillTests (ApplicantID, SkillTestID, dateTaken, Score)
values ('46', '32', '2/16/2018', 46);
insert into applicantSkillTests (ApplicantID, SkillTestID, dateTaken, Score)
values ('31', '30', '3/26/2023', 1);
insert into applicantSkillTests (ApplicantID, SkillTestID, dateTaken, Score)
values ('19', '44', '11/14/2004', 97);
insert into applicantSkillTests (ApplicantID, SkillTestID, dateTaken, Score)
values ('21', '13', '8/9/2021', 77);
insert into applicantSkillTests (ApplicantID, SkillTestID, dateTaken, Score)
values ('39', '10', '1/19/2022', 88);
insert into applicantSkillTests (ApplicantID, SkillTestID, dateTaken, Score)
values ('41', '41', '2/22/2000', 68);
insert into applicantSkillTests (ApplicantID, SkillTestID, dateTaken, Score)
values ('47', '47', '4/29/2014', 43);
insert into applicantSkillTests (ApplicantID, SkillTestID, dateTaken, Score)
values ('40', '3', '1/11/2007', 11);
insert into applicantSkillTests (ApplicantID, SkillTestID, dateTaken, Score)
values ('13', '29', '8/23/2013', 3);
insert into applicantSkillTests (ApplicantID, SkillTestID, dateTaken, Score)
values ('4', '36', '5/15/2010', 8);
insert into applicantSkillTests (ApplicantID, SkillTestID, dateTaken, Score)
values ('32', '50', '3/27/2004', 1);
insert into applicantSkillTests (ApplicantID, SkillTestID, dateTaken, Score)
values ('25', '20', '11/6/2011', 99);
insert into applicantSkillTests (ApplicantID, SkillTestID, dateTaken, Score)
values ('23', '31', '10/13/2020', 1);
insert into applicantSkillTests (ApplicantID, SkillTestID, dateTaken, Score)
values ('9', '49', '12/11/2012', 66);
insert into applicantSkillTests (ApplicantID, SkillTestID, dateTaken, Score)
values ('2', '33', '6/25/2000', 8);
insert into applicantSkillTests (ApplicantID, SkillTestID, dateTaken, Score)
values ('35', '29', '6/26/2018', 13);
insert into applicantSkillTests (ApplicantID, SkillTestID, dateTaken, Score)
values ('48', '31', '3/24/2017', 43);
insert into applicantSkillTests (ApplicantID, SkillTestID, dateTaken, Score)
values ('6', '32', '12/3/2013', 11);
insert into applicantSkillTests (ApplicantID, SkillTestID, dateTaken, Score)
values ('12', '41', '2/15/2013', 93);
insert into applicantSkillTests (ApplicantID, SkillTestID, dateTaken, Score)
values ('39', '19', '2/18/2004', 97);
insert into applicantSkillTests (ApplicantID, SkillTestID, dateTaken, Score)
values ('31', '9', '1/19/2019', 1);
insert into applicantSkillTests (ApplicantID, SkillTestID, dateTaken, Score)
values ('18', '13', '10/19/2000', 90);
insert into applicantSkillTests (ApplicantID, SkillTestID, dateTaken, Score)
values ('33', '39', '9/13/2023', 1);
insert into applicantSkillTests (ApplicantID, SkillTestID, dateTaken, Score)
values ('23', '49', '7/16/2010', 97);
insert into applicantSkillTests (ApplicantID, SkillTestID, dateTaken, Score)
values ('15', '47', '7/9/2001', 13);
insert into applicantSkillTests (ApplicantID, SkillTestID, dateTaken, Score)
values ('19', '11', '11/13/2002', 88);
insert into applicantSkillTests (ApplicantID, SkillTestID, dateTaken, Score)
values ('43', '8', '7/22/2021', 97);
insert into applicantSkillTests (ApplicantID, SkillTestID, dateTaken, Score)
values ('1', '21', '9/28/2010', 38);
insert into applicantSkillTests (ApplicantID, SkillTestID, dateTaken, Score)
values ('16', '48', '6/19/2009', 46);
insert into applicantSkillTests (ApplicantID, SkillTestID, dateTaken, Score)
values ('22', '27', '3/7/2000', 45);
insert into applicantSkillTests (ApplicantID, SkillTestID, dateTaken, Score)
values ('20', '43', '12/19/2003', 39);
insert into applicantSkillTests (ApplicantID, SkillTestID, dateTaken, Score)
values ('44', '6', '5/28/2011', 80);
insert into applicantSkillTests (ApplicantID, SkillTestID, dateTaken, Score)
values ('46', '15', '9/6/2020', 76);
insert into applicantSkillTests (ApplicantID, SkillTestID, dateTaken, Score)
values ('14', '7', '11/21/2017', 53);
insert into applicantSkillTests (ApplicantID, SkillTestID, dateTaken, Score)
values ('26', '18', '5/22/2009', 30);
insert into applicantSkillTests (ApplicantID, SkillTestID, dateTaken, Score)
values ('32', '34', '1/1/2019', 23);
insert into applicantSkillTests (ApplicantID, SkillTestID, dateTaken, Score)
values ('8', '20', '8/12/2014', 86);
insert into applicantSkillTests (ApplicantID, SkillTestID, dateTaken, Score)
values ('49', '50', '5/1/2015', 83);
insert into applicantSkillTests (ApplicantID, SkillTestID, dateTaken, Score)
values ('37', '17', '10/29/2012', 67);
insert into applicantSkillTests (ApplicantID, SkillTestID, dateTaken, Score)
values ('25', '35', '11/27/2011', 57);
insert into applicantSkillTests (ApplicantID, SkillTestID, dateTaken, Score)
values ('2', '12', '4/15/2001', 10);
insert into applicantSkillTests (ApplicantID, SkillTestID, dateTaken, Score)
values ('38', '3', '11/12/2003', 13);
insert into applicantSkillTests (ApplicantID, SkillTestID, dateTaken, Score)
values ('40', '2', '7/11/2010', 43);
insert into applicantSkillTests (ApplicantID, SkillTestID, dateTaken, Score)
values ('11', '16', '7/7/2008', 30);
insert into applicantSkillTests (ApplicantID, SkillTestID, dateTaken, Score)
values ('7', '22', '8/17/2013', 14);
insert into applicantSkillTests (ApplicantID, SkillTestID, dateTaken, Score)
values ('13', '26', '1/27/2000', 69);
insert into applicantSkillTests (ApplicantID, SkillTestID, dateTaken, Score)
values ('24', '24', '7/20/2014', 88);
insert into applicantSkillTests (ApplicantID, SkillTestID, dateTaken, Score)
values ('3', '46', '5/20/2013', 98);
insert into applicantSkillTests (ApplicantID, SkillTestID, dateTaken, Score)
values ('45', '14', '12/25/2007', 72);
insert into applicantSkillTests (ApplicantID, SkillTestID, dateTaken, Score)
values ('50', '37', '10/2/2018', 17);
insert into applicantSkillTests (ApplicantID, SkillTestID, dateTaken, Score)
values ('27', '10', '4/5/2023', 80);
insert into applicantSkillTests (ApplicantID, SkillTestID, dateTaken, Score)
values ('47', '36', '2/17/2021', 87);
insert into applicantSkillTests (ApplicantID, SkillTestID, dateTaken, Score)
values ('5', '28', '2/25/2020', 40);
insert into applicantSkillTests (ApplicantID, SkillTestID, dateTaken, Score)
values ('10', '40', '9/7/2017', 44);
insert into applicantSkillTests (ApplicantID, SkillTestID, dateTaken, Score)
values ('36', '33', '6/25/2005', 17);
insert into applicantSkillTests (ApplicantID, SkillTestID, dateTaken, Score)
values ('4', '23', '7/3/2017', 8);
insert into applicantSkillTests (ApplicantID, SkillTestID, dateTaken, Score)
values ('30', '38', '11/29/2015', 77);
insert into applicantSkillTests (ApplicantID, SkillTestID, dateTaken, Score)
values ('9', '1', '8/28/2021', 95);
insert into applicantSkillTests (ApplicantID, SkillTestID, dateTaken, Score)
values ('29', '44', '10/14/2015', 20);
insert into applicantSkillTests (ApplicantID, SkillTestID, dateTaken, Score)
values ('42', '30', '11/26/2005', 82);
insert into applicantSkillTests (ApplicantID, SkillTestID, dateTaken, Score)
values ('28', '42', '8/25/2007', 5);
insert into applicantSkillTests (ApplicantID, SkillTestID, dateTaken, Score)
values ('34', '4', '5/9/2004', 48);
insert into applicantSkillTests (ApplicantID, SkillTestID, dateTaken, Score)
values ('17', '25', '6/20/2002', 85);
insert into applicantSkillTests (ApplicantID, SkillTestID, dateTaken, Score)
values ('41', '45', '4/14/2004', 68);
insert into applicantSkillTests (ApplicantID, SkillTestID, dateTaken, Score)
values ('21', '5', '12/16/2006', 62);
insert into applicantSkillTests (ApplicantID, SkillTestID, dateTaken, Score)
values ('27', '40', '11/6/2004', 67);
insert into applicantSkillTests (ApplicantID, SkillTestID, dateTaken, Score)
values ('46', '29', '4/10/2014', 34);
insert into applicantSkillTests (ApplicantID, SkillTestID, dateTaken, Score)
values ('10', '44', '3/26/2013', 10);
insert into applicantSkillTests (ApplicantID, SkillTestID, dateTaken, Score)
values ('9', '32', '8/27/2011', 71);
insert into applicantSkillTests (ApplicantID, SkillTestID, dateTaken, Score)
values ('11', '49', '12/16/2008', 22);
insert into applicantSkillTests (ApplicantID, SkillTestID, dateTaken, Score)
values ('2', '7', '12/28/2020', 20);
insert into applicantSkillTests (ApplicantID, SkillTestID, dateTaken, Score)
values ('38', '34', '1/6/2014', 36);
insert into applicantSkillTests (ApplicantID, SkillTestID, dateTaken, Score)
values ('21', '41', '3/4/2012', 98);
insert into applicantSkillTests (ApplicantID, SkillTestID, dateTaken, Score)
values ('25', '22', '8/31/2018', 92);
insert into applicantSkillTests (ApplicantID, SkillTestID, dateTaken, Score)
values ('23', '42', '2/12/2001', 7);
insert into applicantSkillTests (ApplicantID, SkillTestID, dateTaken, Score)
values ('22', '11', '9/4/2020', 75);
insert into applicantSkillTests (ApplicantID, SkillTestID, dateTaken, Score)
values ('28', '23', '9/23/2019', 23);
insert into applicantSkillTests (ApplicantID, SkillTestID, dateTaken, Score)
values ('26', '1', '9/20/2012', 78);
insert into applicantSkillTests (ApplicantID, SkillTestID, dateTaken, Score)
values ('8', '37', '4/2/2005', 65);
insert into applicantSkillTests (ApplicantID, SkillTestID, dateTaken, Score)
values ('20', '21', '8/14/2003', 77);
insert into applicantSkillTests (ApplicantID, SkillTestID, dateTaken, Score)
values ('42', '31', '7/14/2016', 22);
insert into applicantSkillTests (ApplicantID, SkillTestID, dateTaken, Score)
values ('34', '36', '9/27/2007', 80);
insert into applicantSkillTests (ApplicantID, SkillTestID, dateTaken, Score)
values ('41', '10', '7/22/2010', 90);
insert into applicantSkillTests (ApplicantID, SkillTestID, dateTaken, Score)
values ('48', '8', '2/3/2013', 37);
insert into applicantSkillTests (ApplicantID, SkillTestID, dateTaken, Score)
values ('16', '43', '10/5/2006', 80);
insert into applicantSkillTests (ApplicantID, SkillTestID, dateTaken, Score)
values ('50', '39', '8/11/2020', 20);
insert into applicantSkillTests (ApplicantID, SkillTestID, dateTaken, Score)
values ('24', '5', '9/23/2013', 96);
insert into applicantSkillTests (ApplicantID, SkillTestID, dateTaken, Score)
values ('7', '12', '10/6/2018', 61);
insert into applicantSkillTests (ApplicantID, SkillTestID, dateTaken, Score)
values ('44', '26', '11/18/2021', 38);
insert into applicantSkillTests (ApplicantID, SkillTestID, dateTaken, Score)
values ('32', '20', '3/25/2011', 83);
insert into applicantSkillTests (ApplicantID, SkillTestID, dateTaken, Score)
values ('47', '28', '8/21/2014', 95);
insert into applicantSkillTests (ApplicantID, SkillTestID, dateTaken, Score)
values ('17', '9', '6/15/2008', 71);
insert into applicantSkillTests (ApplicantID, SkillTestID, dateTaken, Score)
values ('1', '27', '9/16/2018', 81);
insert into applicantSkillTests (ApplicantID, SkillTestID, dateTaken, Score)
values ('4', '16', '5/23/2008', 24);
insert into applicantSkillTests (ApplicantID, SkillTestID, dateTaken, Score)
values ('15', '35', '5/16/2002', 55);
insert into applicantSkillTests (ApplicantID, SkillTestID, dateTaken, Score)
values ('31', '19', '9/17/2001', 57);
insert into applicantSkillTests (ApplicantID, SkillTestID, dateTaken, Score)
values ('12', '33', '6/26/2017', 92);
insert into applicantSkillTests (ApplicantID, SkillTestID, dateTaken, Score)
values ('6', '18', '3/13/2013', 97);
insert into applicantSkillTests (ApplicantID, SkillTestID, dateTaken, Score)
values ('29', '13', '8/25/2018', 95);
insert into applicantSkillTests (ApplicantID, SkillTestID, dateTaken, Score)
values ('14', '30', '1/25/2018', 14);
insert into applicantSkillTests (ApplicantID, SkillTestID, dateTaken, Score)
values ('33', '17', '10/11/2006', 61);
insert into applicantSkillTests (ApplicantID, SkillTestID, dateTaken, Score)
values ('36', '45', '10/28/2019', 33);
insert into applicantSkillTests (ApplicantID, SkillTestID, dateTaken, Score)
values ('30', '48', '9/14/2013', 67);
insert into applicantSkillTests (ApplicantID, SkillTestID, dateTaken, Score)
values ('37', '25', '10/2/2009', 88);
insert into applicantSkillTests (ApplicantID, SkillTestID, dateTaken, Score)
values ('45', '47', '7/8/2000', 36);
insert into applicantSkillTests (ApplicantID, SkillTestID, dateTaken, Score)
values ('43', '3', '5/28/2002', 23);
insert into applicantSkillTests (ApplicantID, SkillTestID, dateTaken, Score)
values ('49', '24', '1/21/2012', 31);
insert into applicantSkillTests (ApplicantID, SkillTestID, dateTaken, Score)
values ('13', '15', '10/12/2022', 50);
insert into applicantSkillTests (ApplicantID, SkillTestID, dateTaken, Score)
values ('35', '2', '3/24/2006', 63);
insert into applicantSkillTests (ApplicantID, SkillTestID, dateTaken, Score)
values ('5', '50', '6/8/2020', 65);
insert into applicantSkillTests (ApplicantID, SkillTestID, dateTaken, Score)
values ('19', '6', '5/25/2023', 25);
insert into applicantSkillTests (ApplicantID, SkillTestID, dateTaken, Score)
values ('18', '4', '5/4/2000', 92);
insert into applicantSkillTests (ApplicantID, SkillTestID, dateTaken, Score)
values ('3', '46', '3/22/2017', 26);
insert into applicantSkillTests (ApplicantID, SkillTestID, dateTaken, Score)
values ('39', '38', '4/6/2000', 34);
insert into applicantSkillTests (ApplicantID, SkillTestID, dateTaken, Score)
values ('40', '14', '10/15/2013', 17);





insert into test_questions (QuestionID, SkillTestID, QuestionText)
values (1, '25', 'nulla nunc purus phasellus in felis donec?');
insert into test_questions (QuestionID, SkillTestID, QuestionText)
values (2, '21',
        'posuere metus vitae ipsum aliquam non mauris morbi non lectus aliquam sit amet diam in magna bibendum?');
insert into test_questions (QuestionID, SkillTestID, QuestionText)
values (3, '37',
        'ante ipsum primis in faucibus orci luctus et ultrices posuere cubilia curae nulla dapibus dolor vel est donec odio justo sollicitudin ut suscipit?');
insert into test_questions (QuestionID, SkillTestID, QuestionText)
values (4, '27',
        'aliquam quis turpis eget elit sodales scelerisque mauris sit amet eros suspendisse accumsan tortor quis turpis sed ante vivamus tortor duis?');
insert into test_questions (QuestionID, SkillTestID, QuestionText)
values (5, '46', 'lobortis est phasellus?');
insert into test_questions (QuestionID, SkillTestID, QuestionText)
values (6, '11',
        'eget elit sodales scelerisque mauris sit amet eros suspendisse accumsan tortor quis turpis sed ante?');
insert into test_questions (QuestionID, SkillTestID, QuestionText)
values (7, '7', 'bibendum morbi non quam nec dui luctus rutrum nulla tellus in sagittis dui?');
insert into test_questions (QuestionID, SkillTestID, QuestionText)
values (8, '47',
        'in purus eu magna vulputate luctus cum sociis natoque penatibus et magnis dis parturient montes nascetur ridiculus mus vivamus vestibulum sagittis sapien cum sociis natoque penatibus et?');
insert into test_questions (QuestionID, SkillTestID, QuestionText)
values (9, '24', 'sed tincidunt eu felis fusce posuere felis sed lacus morbi sem mauris?');
insert into test_questions (QuestionID, SkillTestID, QuestionText)
values (10, '35',
        'lorem id ligula suspendisse ornare consequat lectus in est risus auctor sed tristique in tempus sit amet sem fusce consequat nulla nisl nunc nisl duis bibendum felis sed?');
insert into test_questions (QuestionID, SkillTestID, QuestionText)
values (11, '13',
        'vivamus metus arcu adipiscing molestie hendrerit at vulputate vitae nisl aenean lectus pellentesque eget nunc donec quis orci eget orci vehicula condimentum curabitur in libero ut massa volutpat convallis morbi?');
insert into test_questions (QuestionID, SkillTestID, QuestionText)
values (12, '32',
        'nibh in quis justo maecenas rhoncus aliquam lacus morbi quis tortor id nulla ultrices aliquet maecenas leo odio condimentum id luctus nec molestie sed justo pellentesque viverra pede ac?');
insert into test_questions (QuestionID, SkillTestID, QuestionText)
values (13, '19',
        'gravida nisi at nibh in hac habitasse platea dictumst aliquam augue quam sollicitudin vitae consectetuer eget rutrum at lorem integer tincidunt ante vel ipsum praesent blandit?');
insert into test_questions (QuestionID, SkillTestID, QuestionText)
values (14, '29', 'lobortis sapien sapien non mi integer ac neque duis bibendum morbi non quam nec dui?');
insert into test_questions (QuestionID, SkillTestID, QuestionText)
values (15, '9',
        'diam erat fermentum justo nec condimentum neque sapien placerat ante nulla justo aliquam quis turpis eget elit sodales scelerisque mauris sit amet eros suspendisse accumsan tortor quis turpis sed ante?');
insert into test_questions (QuestionID, SkillTestID, QuestionText)
values (16, '44',
        'justo lacinia eget tincidunt eget tempus vel pede morbi porttitor lorem id ligula suspendisse ornare consequat lectus in?');
insert into test_questions (QuestionID, SkillTestID, QuestionText)
values (17, '5',
        'at feugiat non pretium quis lectus suspendisse potenti in eleifend quam a odio in hac habitasse platea dictumst maecenas ut massa?');
insert into test_questions (QuestionID, SkillTestID, QuestionText)
values (18, '20', 'luctus tincidunt nulla mollis molestie lorem quisque ut erat curabitur gravida nisi at nibh?');
insert into test_questions (QuestionID, SkillTestID, QuestionText)
values (19, '14', 'pede justo eu massa donec dapibus duis at?');
insert into test_questions (QuestionID, SkillTestID, QuestionText)
values (20, '38',
        'id ligula suspendisse ornare consequat lectus in est risus auctor sed tristique in tempus sit amet sem fusce consequat nulla?');
insert into test_questions (QuestionID, SkillTestID, QuestionText)
values (21, '43',
        'luctus ultricies eu nibh quisque id justo sit amet sapien dignissim vestibulum vestibulum ante ipsum primis in faucibus orci?');
insert into test_questions (QuestionID, SkillTestID, QuestionText)
values (22, '45', 'donec posuere metus vitae ipsum aliquam non?');
insert into test_questions (QuestionID, SkillTestID, QuestionText)
values (23, '48',
        'nulla dapibus dolor vel est donec odio justo sollicitudin ut suscipit a feugiat et eros vestibulum ac est lacinia nisi venenatis tristique fusce congue diam id ornare?');
insert into test_questions (QuestionID, SkillTestID, QuestionText)
values (24, '41', 'donec vitae nisi nam ultrices libero non mattis pulvinar nulla pede ullamcorper augue a suscipit?');
insert into test_questions (QuestionID, SkillTestID, QuestionText)
values (25, '50', 'eu interdum eu?');
insert into test_questions (QuestionID, SkillTestID, QuestionText)
values (26, '28',
        'posuere cubilia curae donec pharetra magna vestibulum aliquet ultrices erat tortor sollicitudin mi?');
insert into test_questions (QuestionID, SkillTestID, QuestionText)
values (27, '4',
        'eu est congue elementum in hac habitasse platea dictumst morbi vestibulum velit id pretium iaculis diam erat fermentum justo nec condimentum?');
insert into test_questions (QuestionID, SkillTestID, QuestionText)
values (28, '31',
        'lorem integer tincidunt ante vel ipsum praesent blandit lacinia erat vestibulum sed magna at nunc commodo placerat praesent blandit nam nulla integer pede justo lacinia eget?');
insert into test_questions (QuestionID, SkillTestID, QuestionText)
values (29, '30',
        'vulputate elementum nullam varius nulla facilisi cras non velit nec nisi vulputate nonummy maecenas tincidunt lacus at velit vivamus?');
insert into test_questions (QuestionID, SkillTestID, QuestionText)
values (30, '8', 'pede justo lacinia eget tincidunt eget?');
insert into test_questions (QuestionID, SkillTestID, QuestionText)
values (31, '39',
        'sit amet consectetuer adipiscing elit proin risus praesent lectus vestibulum quam sapien varius ut blandit non interdum in ante vestibulum ante ipsum?');
insert into test_questions (QuestionID, SkillTestID, QuestionText)
values (32, '42', 'orci luctus et ultrices posuere cubilia curae mauris viverra diam vitae quam?');
insert into test_questions (QuestionID, SkillTestID, QuestionText)
values (33, '16',
        'vestibulum ante ipsum primis in faucibus orci luctus et ultrices posuere cubilia curae nulla dapibus dolor vel est donec odio justo sollicitudin ut suscipit a feugiat et eros vestibulum ac?');
insert into test_questions (QuestionID, SkillTestID, QuestionText)
values (34, '6',
        'tristique in tempus sit amet sem fusce consequat nulla nisl nunc nisl duis bibendum felis sed interdum?');
insert into test_questions (QuestionID, SkillTestID, QuestionText)
values (35, '23', 'eget vulputate ut ultrices vel augue vestibulum ante ipsum primis in?');
insert into test_questions (QuestionID, SkillTestID, QuestionText)
values (36, '17', 'convallis nulla neque libero convallis eget eleifend luctus ultricies eu nibh quisque?');
insert into test_questions (QuestionID, SkillTestID, QuestionText)
values (37, '12', 'molestie nibh in lectus pellentesque at nulla suspendisse potenti cras in?');
insert into test_questions (QuestionID, SkillTestID, QuestionText)
values (38, '18',
        'consequat lectus in est risus auctor sed tristique in tempus sit amet sem fusce consequat nulla nisl nunc?');
insert into test_questions (QuestionID, SkillTestID, QuestionText)
values (39, '10',
        'sed nisl nunc rhoncus dui vel sem sed sagittis nam congue risus semper porta volutpat quam pede lobortis ligula sit amet eleifend pede libero quis orci nullam molestie nibh?');
insert into test_questions (QuestionID, SkillTestID, QuestionText)
values (40, '3',
        'sed augue aliquam erat volutpat in congue etiam justo etiam pretium iaculis justo in hac habitasse platea dictumst etiam faucibus cursus urna ut tellus nulla ut erat id mauris?');
insert into test_questions (QuestionID, SkillTestID, QuestionText)
values (41, '49', 'sit amet cursus id turpis integer?');
insert into test_questions (QuestionID, SkillTestID, QuestionText)
values (42, '22', 'aliquam augue quam sollicitudin vitae consectetuer eget rutrum at lorem integer tincidunt?');
insert into test_questions (QuestionID, SkillTestID, QuestionText)
values (43, '2', 'nunc proin at turpis a pede?');
insert into test_questions (QuestionID, SkillTestID, QuestionText)
values (44, '15', 'luctus nec molestie sed justo pellentesque viverra pede ac diam cras?');
insert into test_questions (QuestionID, SkillTestID, QuestionText)
values (45, '33', 'sapien varius ut blandit?');
insert into test_questions (QuestionID, SkillTestID, QuestionText)
values (46, '26',
        'faucibus cursus urna ut tellus nulla ut erat id mauris vulputate elementum nullam varius nulla facilisi cras non velit nec nisi vulputate?');
insert into test_questions (QuestionID, SkillTestID, QuestionText)
values (47, '40',
        'neque libero convallis eget eleifend luctus ultricies eu nibh quisque id justo sit amet sapien dignissim vestibulum vestibulum?');
insert into test_questions (QuestionID, SkillTestID, QuestionText)
values (48, '34', 'molestie lorem quisque ut erat curabitur?');
insert into test_questions (QuestionID, SkillTestID, QuestionText)
values (49, '36', 'metus sapien ut nunc vestibulum ante ipsum primis in faucibus orci luctus?');
insert into test_questions (QuestionID, SkillTestID, QuestionText)
values (50, '1',
        'parturient montes nascetur ridiculus mus etiam vel augue vestibulum rutrum rutrum neque aenean auctor gravida sem?');


-- hires for


insert into hires_for (HiringManagerID, JobID, StartDate)
values ('45', '36', '8/17/1975');
insert into hires_for (HiringManagerID, JobID, StartDate)
values ('37', '29', '3/22/2020');
insert into hires_for (HiringManagerID, JobID, StartDate)
values ('30', '48', '5/13/1987');
insert into hires_for (HiringManagerID, JobID, StartDate)
values ('18', '8', '4/12/1988');
insert into hires_for (HiringManagerID, JobID, StartDate)
values ('34', '39', '5/24/1979');
insert into hires_for (HiringManagerID, JobID, StartDate)
values ('6', '33', '9/13/1983');
insert into hires_for (HiringManagerID, JobID, StartDate)
values ('16', '42', '6/29/1971');
insert into hires_for (HiringManagerID, JobID, StartDate)
values ('48', '47', '1/6/1988');
insert into hires_for (HiringManagerID, JobID, StartDate)
values ('43', '21', '1/7/2023');
insert into hires_for (HiringManagerID, JobID, StartDate)
values ('35', '41', '7/9/2013');
insert into hires_for (HiringManagerID, JobID, StartDate)
values ('3', '34', '1/2/1980');
insert into hires_for (HiringManagerID, JobID, StartDate)
values ('17', '32', '2/9/1994');
insert into hires_for (HiringManagerID, JobID, StartDate)
values ('33', '30', '12/6/1995');
insert into hires_for (HiringManagerID, JobID, StartDate)
values ('14', '12', '2/24/2019');
insert into hires_for (HiringManagerID, JobID, StartDate)
values ('39', '22', '7/21/1982');
insert into hires_for (HiringManagerID, JobID, StartDate)
values ('12', '17', '9/18/1991');
insert into hires_for (HiringManagerID, JobID, StartDate)
values ('36', '46', '9/5/1978');
insert into hires_for (HiringManagerID, JobID, StartDate)
values ('2', '26', '10/28/2007');
insert into hires_for (HiringManagerID, JobID, StartDate)
values ('38', '6', '8/28/1963');
insert into hires_for (HiringManagerID, JobID, StartDate)
values ('32', '31', '3/6/2013');
insert into hires_for (HiringManagerID, JobID, StartDate)
values ('8', '18', '8/6/2000');
insert into hires_for (HiringManagerID, JobID, StartDate)
values ('1', '2', '8/19/1974');
insert into hires_for (HiringManagerID, JobID, StartDate)
values ('7', '16', '4/2/2016');
insert into hires_for (HiringManagerID, JobID, StartDate)
values ('28', '50', '12/25/1966');
insert into hires_for (HiringManagerID, JobID, StartDate)
values ('29', '3', '7/13/1977');
insert into hires_for (HiringManagerID, JobID, StartDate)
values ('23', '49', '1/28/1983');
insert into hires_for (HiringManagerID, JobID, StartDate)
values ('19', '13', '7/15/1996');
insert into hires_for (HiringManagerID, JobID, StartDate)
values ('50', '11', '11/14/1999');
insert into hires_for (HiringManagerID, JobID, StartDate)
values ('9', '25', '5/27/2002');
insert into hires_for (HiringManagerID, JobID, StartDate)
values ('20', '27', '3/24/1965');
insert into hires_for (HiringManagerID, JobID, StartDate)
values ('25', '15', '3/5/1986');
insert into hires_for (HiringManagerID, JobID, StartDate)
values ('44', '7', '9/26/1982');
insert into hires_for (HiringManagerID, JobID, StartDate)
values ('22', '1', '11/13/1969');
insert into hires_for (HiringManagerID, JobID, StartDate)
values ('41', '37', '9/14/2021');
insert into hires_for (HiringManagerID, JobID, StartDate)
values ('11', '38', '2/12/1999');
insert into hires_for (HiringManagerID, JobID, StartDate)
values ('5', '5', '2/28/1986');
insert into hires_for (HiringManagerID, JobID, StartDate)
values ('24', '14', '4/30/2021');
insert into hires_for (HiringManagerID, JobID, StartDate)
values ('15', '10', '8/24/1962');
insert into hires_for (HiringManagerID, JobID, StartDate)
values ('21', '45', '1/14/2009');
insert into hires_for (HiringManagerID, JobID, StartDate)
values ('31', '43', '1/21/1966');
insert into hires_for (HiringManagerID, JobID, StartDate)
values ('10', '4', '11/15/1996');
insert into hires_for (HiringManagerID, JobID, StartDate)
values ('27', '24', '11/26/1961');
insert into hires_for (HiringManagerID, JobID, StartDate)
values ('13', '20', '11/25/1982');
insert into hires_for (HiringManagerID, JobID, StartDate)
values ('47', '44', '2/4/1980');
insert into hires_for (HiringManagerID, JobID, StartDate)
values ('26', '40', '9/4/2004');
insert into hires_for (HiringManagerID, JobID, StartDate)
values ('42', '35', '3/11/2018');
insert into hires_for (HiringManagerID, JobID, StartDate)
values ('4', '23', '1/30/2023');
insert into hires_for (HiringManagerID, JobID, StartDate)
values ('46', '28', '10/15/1968');
insert into hires_for (HiringManagerID, JobID, StartDate)
values ('49', '19', '12/11/2011');
insert into hires_for (HiringManagerID, JobID, StartDate)
values ('40', '9', '5/21/1968');
insert into hires_for (HiringManagerID, JobID, StartDate)
values ('20', '15', '10/31/1982');
insert into hires_for (HiringManagerID, JobID, StartDate)
values ('15', '22', '3/21/1990');
insert into hires_for (HiringManagerID, JobID, StartDate)
values ('30', '36', '4/12/2011');
insert into hires_for (HiringManagerID, JobID, StartDate)
values ('48', '26', '11/14/1989');
insert into hires_for (HiringManagerID, JobID, StartDate)
values ('4', '50', '3/12/1989');
insert into hires_for (HiringManagerID, JobID, StartDate)
values ('47', '48', '1/1/1980');
insert into hires_for (HiringManagerID, JobID, StartDate)
values ('22', '49', '11/20/2005');
insert into hires_for (HiringManagerID, JobID, StartDate)
values ('14', '17', '11/29/1987');
insert into hires_for (HiringManagerID, JobID, StartDate)
values ('33', '6', '9/19/1973');
insert into hires_for (HiringManagerID, JobID, StartDate)
values ('21', '2', '12/23/1965');
insert into hires_for (HiringManagerID, JobID, StartDate)
values ('8', '38', '2/4/1960');
insert into hires_for (HiringManagerID, JobID, StartDate)
values ('17', '46', '6/6/1962');
insert into hires_for (HiringManagerID, JobID, StartDate)
values ('16', '18', '3/19/1964');
insert into hires_for (HiringManagerID, JobID, StartDate)
values ('39', '30', '8/15/1973');
insert into hires_for (HiringManagerID, JobID, StartDate)
values ('1', '31', '12/8/1988');
insert into hires_for (HiringManagerID, JobID, StartDate)
values ('40', '47', '1/11/2008');
insert into hires_for (HiringManagerID, JobID, StartDate)
values ('43', '9', '12/8/1992');
insert into hires_for (HiringManagerID, JobID, StartDate)
values ('2', '25', '5/10/2021');
insert into hires_for (HiringManagerID, JobID, StartDate)
values ('10', '23', '2/9/2000');
insert into hires_for (HiringManagerID, JobID, StartDate)
values ('18', '10', '6/6/2007');
insert into hires_for (HiringManagerID, JobID, StartDate)
values ('24', '35', '4/9/2014');
insert into hires_for (HiringManagerID, JobID, StartDate)
values ('29', '44', '12/10/2019');
insert into hires_for (HiringManagerID, JobID, StartDate)
values ('11', '5', '10/9/1983');
insert into hires_for (HiringManagerID, JobID, StartDate)
values ('45', '40', '10/23/2017');
insert into hires_for (HiringManagerID, JobID, StartDate)
values ('23', '3', '3/6/2010');
insert into hires_for (HiringManagerID, JobID, StartDate)
values ('19', '16', '2/19/1981');
insert into hires_for (HiringManagerID, JobID, StartDate)
values ('42', '41', '9/22/2018');
insert into hires_for (HiringManagerID, JobID, StartDate)
values ('9', '20', '1/23/1966');
insert into hires_for (HiringManagerID, JobID, StartDate)
values ('26', '11', '3/16/1972');
insert into hires_for (HiringManagerID, JobID, StartDate)
values ('46', '32', '11/19/1965');
insert into hires_for (HiringManagerID, JobID, StartDate)
values ('3', '14', '1/29/1966');
insert into hires_for (HiringManagerID, JobID, StartDate)
values ('41', '4', '5/2/1991');
insert into hires_for (HiringManagerID, JobID, StartDate)
values ('25', '37', '1/13/1963');
insert into hires_for (HiringManagerID, JobID, StartDate)
values ('7', '33', '4/9/1961');
insert into hires_for (HiringManagerID, JobID, StartDate)
values ('32', '24', '10/30/1979');
insert into hires_for (HiringManagerID, JobID, StartDate)
values ('49', '34', '1/4/1990');
insert into hires_for (HiringManagerID, JobID, StartDate)
values ('36', '29', '10/10/1969');
insert into hires_for (HiringManagerID, JobID, StartDate)
values ('31', '45', '4/18/1962');
insert into hires_for (HiringManagerID, JobID, StartDate)
values ('34', '27', '6/27/1993');
insert into hires_for (HiringManagerID, JobID, StartDate)
values ('13', '39', '2/18/1962');
insert into hires_for (HiringManagerID, JobID, StartDate)
values ('35', '19', '3/11/1974');
insert into hires_for (HiringManagerID, JobID, StartDate)
values ('44', '7', '12/24/1995');
insert into hires_for (HiringManagerID, JobID, StartDate)
values ('28', '43', '10/11/2004');
insert into hires_for (HiringManagerID, JobID, StartDate)
values ('6', '21', '7/4/2014');
insert into hires_for (HiringManagerID, JobID, StartDate)
values ('38', '12', '11/16/1997');
insert into hires_for (HiringManagerID, JobID, StartDate)
values ('50', '28', '12/22/1992');
insert into hires_for (HiringManagerID, JobID, StartDate)
values ('5', '42', '4/19/2016');
insert into hires_for (HiringManagerID, JobID, StartDate)
values ('27', '8', '8/7/2008');
insert into hires_for (HiringManagerID, JobID, StartDate)
values ('37', '1', '4/6/1974');
insert into hires_for (HiringManagerID, JobID, StartDate)
values ('12', '13', '2/7/1987');
insert into hires_for (HiringManagerID, JobID, StartDate)
values ('11', '15', '1/4/1973');
insert into hires_for (HiringManagerID, JobID, StartDate)
values ('18', '38', '10/16/1997');
insert into hires_for (HiringManagerID, JobID, StartDate)
values ('40', '40', '8/3/2006');
insert into hires_for (HiringManagerID, JobID, StartDate)
values ('21', '17', '1/20/2014');
insert into hires_for (HiringManagerID, JobID, StartDate)
values ('43', '35', '4/4/1991');
insert into hires_for (HiringManagerID, JobID, StartDate)
values ('32', '1', '5/5/1996');
insert into hires_for (HiringManagerID, JobID, StartDate)
values ('12', '45', '5/10/2021');
insert into hires_for (HiringManagerID, JobID, StartDate)
values ('2', '43', '1/5/2020');
insert into hires_for (HiringManagerID, JobID, StartDate)
values ('28', '22', '8/20/2017');
insert into hires_for (HiringManagerID, JobID, StartDate)
values ('13', '26', '9/24/2004');
insert into hires_for (HiringManagerID, JobID, StartDate)
values ('37', '33', '12/3/2007');
insert into hires_for (HiringManagerID, JobID, StartDate)
values ('31', '24', '6/30/1975');
insert into hires_for (HiringManagerID, JobID, StartDate)
values ('1', '23', '1/27/1995');
insert into hires_for (HiringManagerID, JobID, StartDate)
values ('36', '4', '5/27/2003');
insert into hires_for (HiringManagerID, JobID, StartDate)
values ('16', '41', '9/22/2021');
insert into hires_for (HiringManagerID, JobID, StartDate)
values ('10', '10', '7/3/1993');
insert into hires_for (HiringManagerID, JobID, StartDate)
values ('50', '25', '1/1/2018');
insert into hires_for (HiringManagerID, JobID, StartDate)
values ('44', '19', '11/24/1969');
insert into hires_for (HiringManagerID, JobID, StartDate)
values ('42', '21', '6/17/1995');
insert into hires_for (HiringManagerID, JobID, StartDate)
values ('35', '11', '1/24/2005');
insert into hires_for (HiringManagerID, JobID, StartDate)
values ('29', '13', '8/28/2005');
insert into hires_for (HiringManagerID, JobID, StartDate)
values ('47', '42', '1/15/2017');
insert into hires_for (HiringManagerID, JobID, StartDate)
values ('5', '47', '8/3/1987');
insert into hires_for (HiringManagerID, JobID, StartDate)
values ('30', '39', '10/23/1986');
insert into hires_for (HiringManagerID, JobID, StartDate)
values ('27', '49', '5/25/1972');
insert into hires_for (HiringManagerID, JobID, StartDate)
values ('38', '48', '10/27/2018');
insert into hires_for (HiringManagerID, JobID, StartDate)
values ('45', '16', '4/2/1965');
insert into hires_for (HiringManagerID, JobID, StartDate)
values ('48', '18', '11/30/1970');
insert into hires_for (HiringManagerID, JobID, StartDate)
values ('46', '2', '2/9/2008');
insert into hires_for (HiringManagerID, JobID, StartDate)
values ('22', '8', '10/11/2019');
insert into hires_for (HiringManagerID, JobID, StartDate)
values ('41', '34', '9/3/1965');
insert into hires_for (HiringManagerID, JobID, StartDate)
values ('7', '12', '10/4/2015');
insert into hires_for (HiringManagerID, JobID, StartDate)
values ('3', '31', '6/27/1968');
insert into hires_for (HiringManagerID, JobID, StartDate)
values ('39', '32', '5/17/2016');
insert into hires_for (HiringManagerID, JobID, StartDate)
values ('8', '29', '4/1/2013');
insert into hires_for (HiringManagerID, JobID, StartDate)
values ('34', '28', '3/7/1965');
insert into hires_for (HiringManagerID, JobID, StartDate)
values ('15', '3', '12/16/1969');
insert into hires_for (HiringManagerID, JobID, StartDate)
values ('14', '50', '11/26/2013');
insert into hires_for (HiringManagerID, JobID, StartDate)
values ('33', '36', '4/26/2008');
insert into hires_for (HiringManagerID, JobID, StartDate)
values ('4', '7', '12/13/1960');
insert into hires_for (HiringManagerID, JobID, StartDate)
values ('23', '46', '5/14/1966');
insert into hires_for (HiringManagerID, JobID, StartDate)
values ('25', '27', '4/22/1962');
insert into hires_for (HiringManagerID, JobID, StartDate)
values ('20', '37', '11/12/2009');
insert into hires_for (HiringManagerID, JobID, StartDate)
values ('24', '5', '4/26/1966');
insert into hires_for (HiringManagerID, JobID, StartDate)
values ('9', '30', '12/2/2007');
insert into hires_for (HiringManagerID, JobID, StartDate)
values ('6', '20', '8/20/2012');
insert into hires_for (HiringManagerID, JobID, StartDate)
values ('19', '44', '7/18/2002');
insert into hires_for (HiringManagerID, JobID, StartDate)
values ('49', '9', '2/1/1984');
insert into hires_for (HiringManagerID, JobID, StartDate)
values ('17', '6', '11/21/2008');
insert into hires_for (HiringManagerID, JobID, StartDate)
values ('26', '14', '7/23/1992');
insert into hires_for (HiringManagerID, JobID, StartDate)
values ('39', '35', '3/22/1978');
insert into hires_for (HiringManagerID, JobID, StartDate)
values ('44', '33', '7/21/1971');
insert into hires_for (HiringManagerID, JobID, StartDate)
values ('47', '37', '12/31/1985');
insert into hires_for (HiringManagerID, JobID, StartDate)
values ('32', '31', '3/29/2011');
insert into hires_for (HiringManagerID, JobID, StartDate)
values ('3', '27', '4/6/2001');
insert into hires_for (HiringManagerID, JobID, StartDate)
values ('19', '17', '1/17/1972');
insert into hires_for (HiringManagerID, JobID, StartDate)
values ('15', '4', '8/20/1993');
insert into hires_for (HiringManagerID, JobID, StartDate)
values ('42', '19', '12/12/1983');
insert into hires_for (HiringManagerID, JobID, StartDate)
values ('30', '47', '2/1/1970');
insert into hires_for (HiringManagerID, JobID, StartDate)
values ('1', '6', '12/12/1988');
insert into hires_for (HiringManagerID, JobID, StartDate)
values ('21', '41', '1/17/2010');
insert into hires_for (HiringManagerID, JobID, StartDate)
values ('9', '49', '7/5/1966');
insert into hires_for (HiringManagerID, JobID, StartDate)
values ('11', '22', '2/20/1978');
insert into hires_for (HiringManagerID, JobID, StartDate)
values ('38', '44', '1/26/1963');
insert into hires_for (HiringManagerID, JobID, StartDate)
values ('50', '8', '4/21/1997');
insert into hires_for (HiringManagerID, JobID, StartDate)
values ('2', '23', '4/2/1986');
insert into hires_for (HiringManagerID, JobID, StartDate)
values ('34', '11', '7/28/1988');
insert into hires_for (HiringManagerID, JobID, StartDate)
values ('16', '43', '8/18/1985');
insert into hires_for (HiringManagerID, JobID, StartDate)
values ('33', '29', '6/7/1985');
insert into hires_for (HiringManagerID, JobID, StartDate)
values ('35', '15', '7/19/2006');
insert into hires_for (HiringManagerID, JobID, StartDate)
values ('4', '13', '7/6/2018');
insert into hires_for (HiringManagerID, JobID, StartDate)
values ('41', '16', '6/16/2002');
insert into hires_for (HiringManagerID, JobID, StartDate)
values ('46', '9', '9/20/2014');
insert into hires_for (HiringManagerID, JobID, StartDate)
values ('14', '10', '10/30/1971');
insert into hires_for (HiringManagerID, JobID, StartDate)
values ('48', '46', '12/13/2001');
insert into hires_for (HiringManagerID, JobID, StartDate)
values ('49', '38', '11/17/2021');
insert into hires_for (HiringManagerID, JobID, StartDate)
values ('17', '42', '9/19/1961');
insert into hires_for (HiringManagerID, JobID, StartDate)
values ('43', '32', '1/21/1974');
insert into hires_for (HiringManagerID, JobID, StartDate)
values ('7', '1', '9/6/1998');
insert into hires_for (HiringManagerID, JobID, StartDate)
values ('24', '7', '6/5/1998');
insert into hires_for (HiringManagerID, JobID, StartDate)
values ('25', '26', '10/5/1975');
insert into hires_for (HiringManagerID, JobID, StartDate)
values ('8', '30', '10/11/1987');
insert into hires_for (HiringManagerID, JobID, StartDate)
values ('45', '34', '6/8/1997');
insert into hires_for (HiringManagerID, JobID, StartDate)
values ('37', '45', '11/9/2016');
insert into hires_for (HiringManagerID, JobID, StartDate)
values ('29', '24', '4/24/1982');
insert into hires_for (HiringManagerID, JobID, StartDate)
values ('23', '36', '7/23/2016');
insert into hires_for (HiringManagerID, JobID, StartDate)
values ('12', '50', '8/15/2008');
insert into hires_for (HiringManagerID, JobID, StartDate)
values ('31', '3', '10/4/1968');
insert into hires_for (HiringManagerID, JobID, StartDate)
values ('18', '28', '7/13/2019');
insert into hires_for (HiringManagerID, JobID, StartDate)
values ('10', '18', '3/11/1969');
insert into hires_for (HiringManagerID, JobID, StartDate)
values ('26', '5', '9/27/1998');
insert into hires_for (HiringManagerID, JobID, StartDate)
values ('20', '25', '7/16/1984');
insert into hires_for (HiringManagerID, JobID, StartDate)
values ('22', '39', '6/27/1996');
insert into hires_for (HiringManagerID, JobID, StartDate)
values ('13', '14', '1/23/1967');
insert into hires_for (HiringManagerID, JobID, StartDate)
values ('40', '21', '8/19/1981');
insert into hires_for (HiringManagerID, JobID, StartDate)
values ('5', '2', '5/15/1988');
insert into hires_for (HiringManagerID, JobID, StartDate)
values ('36', '12', '3/29/1993');
insert into hires_for (HiringManagerID, JobID, StartDate)
values ('28', '48', '8/14/2012');
insert into hires_for (HiringManagerID, JobID, StartDate)
values ('27', '20', '2/3/2001');
insert into hires_for (HiringManagerID, JobID, StartDate)
values ('6', '40', '3/13/2003');


-- applicant views job


insert into applicant_views_job (ApplicantID, JobID, ViewDate)
values ('34', '14', '12/9/1960');
insert into applicant_views_job (ApplicantID, JobID, ViewDate)
values ('46', '4', '10/9/1985');
insert into applicant_views_job (ApplicantID, JobID, ViewDate)
values ('23', '1', '1/29/2003');
insert into applicant_views_job (ApplicantID, JobID, ViewDate)
values ('11', '21', '12/12/1962');
insert into applicant_views_job (ApplicantID, JobID, ViewDate)
values ('38', '49', '3/18/2004');
insert into applicant_views_job (ApplicantID, JobID, ViewDate)
values ('14', '19', '2/3/1967');
insert into applicant_views_job (ApplicantID, JobID, ViewDate)
values ('16', '34', '11/21/2006');
insert into applicant_views_job (ApplicantID, JobID, ViewDate)
values ('47', '42', '5/24/2022');
insert into applicant_views_job (ApplicantID, JobID, ViewDate)
values ('26', '5', '2/22/1984');
insert into applicant_views_job (ApplicantID, JobID, ViewDate)
values ('28', '20', '11/13/2010');
insert into applicant_views_job (ApplicantID, JobID, ViewDate)
values ('45', '26', '5/30/1983');
insert into applicant_views_job (ApplicantID, JobID, ViewDate)
values ('43', '39', '9/23/1994');
insert into applicant_views_job (ApplicantID, JobID, ViewDate)
values ('32', '10', '2/7/2020');
insert into applicant_views_job (ApplicantID, JobID, ViewDate)
values ('29', '37', '4/14/1966');
insert into applicant_views_job (ApplicantID, JobID, ViewDate)
values ('41', '38', '5/25/1975');
insert into applicant_views_job (ApplicantID, JobID, ViewDate)
values ('22', '17', '2/3/1985');
insert into applicant_views_job (ApplicantID, JobID, ViewDate)
values ('8', '9', '2/11/1994');
insert into applicant_views_job (ApplicantID, JobID, ViewDate)
values ('24', '32', '8/14/1988');
insert into applicant_views_job (ApplicantID, JobID, ViewDate)
values ('36', '27', '5/24/1982');
insert into applicant_views_job (ApplicantID, JobID, ViewDate)
values ('18', '41', '4/23/2013');
insert into applicant_views_job (ApplicantID, JobID, ViewDate)
values ('10', '7', '11/4/1997');
insert into applicant_views_job (ApplicantID, JobID, ViewDate)
values ('42', '13', '7/18/2017');
insert into applicant_views_job (ApplicantID, JobID, ViewDate)
values ('3', '44', '12/26/1977');
insert into applicant_views_job (ApplicantID, JobID, ViewDate)
values ('5', '48', '8/16/2007');
insert into applicant_views_job (ApplicantID, JobID, ViewDate)
values ('50', '16', '9/16/1972');
insert into applicant_views_job (ApplicantID, JobID, ViewDate)
values ('6', '8', '12/1/2002');
insert into applicant_views_job (ApplicantID, JobID, ViewDate)
values ('7', '28', '5/19/1964');
insert into applicant_views_job (ApplicantID, JobID, ViewDate)
values ('33', '31', '7/24/1961');
insert into applicant_views_job (ApplicantID, JobID, ViewDate)
values ('13', '18', '6/4/1980');
insert into applicant_views_job (ApplicantID, JobID, ViewDate)
values ('15', '23', '12/20/1978');
insert into applicant_views_job (ApplicantID, JobID, ViewDate)
values ('4', '33', '4/30/1991');
insert into applicant_views_job (ApplicantID, JobID, ViewDate)
values ('12', '36', '4/27/2016');
insert into applicant_views_job (ApplicantID, JobID, ViewDate)
values ('37', '6', '5/18/1979');
insert into applicant_views_job (ApplicantID, JobID, ViewDate)
values ('44', '29', '12/12/1980');
insert into applicant_views_job (ApplicantID, JobID, ViewDate)
values ('40', '50', '6/18/1971');
insert into applicant_views_job (ApplicantID, JobID, ViewDate)
values ('39', '46', '9/1/1989');
insert into applicant_views_job (ApplicantID, JobID, ViewDate)
values ('27', '2', '11/2/1985');
insert into applicant_views_job (ApplicantID, JobID, ViewDate)
values ('19', '45', '8/7/1966');
insert into applicant_views_job (ApplicantID, JobID, ViewDate)
values ('48', '3', '4/8/2023');
insert into applicant_views_job (ApplicantID, JobID, ViewDate)
values ('20', '24', '9/1/1973');
insert into applicant_views_job (ApplicantID, JobID, ViewDate)
values ('30', '25', '12/17/1985');
insert into applicant_views_job (ApplicantID, JobID, ViewDate)
values ('21', '11', '8/1/1986');
insert into applicant_views_job (ApplicantID, JobID, ViewDate)
values ('35', '47', '8/23/1966');
insert into applicant_views_job (ApplicantID, JobID, ViewDate)
values ('17', '43', '2/9/2017');
insert into applicant_views_job (ApplicantID, JobID, ViewDate)
values ('31', '15', '1/17/1962');
insert into applicant_views_job (ApplicantID, JobID, ViewDate)
values ('2', '35', '11/29/2003');
insert into applicant_views_job (ApplicantID, JobID, ViewDate)
values ('9', '40', '4/16/1990');
insert into applicant_views_job (ApplicantID, JobID, ViewDate)
values ('1', '22', '3/13/1990');
insert into applicant_views_job (ApplicantID, JobID, ViewDate)
values ('49', '12', '2/7/1962');
insert into applicant_views_job (ApplicantID, JobID, ViewDate)
values ('25', '30', '2/8/1997');
insert into applicant_views_job (ApplicantID, JobID, ViewDate)
values ('43', '37', '10/21/2008');
insert into applicant_views_job (ApplicantID, JobID, ViewDate)
values ('8', '42', '7/25/2011');
insert into applicant_views_job (ApplicantID, JobID, ViewDate)
values ('50', '7', '6/4/2010');
insert into applicant_views_job (ApplicantID, JobID, ViewDate)
values ('36', '40', '6/13/2001');
insert into applicant_views_job (ApplicantID, JobID, ViewDate)
values ('22', '47', '2/13/1967');
insert into applicant_views_job (ApplicantID, JobID, ViewDate)
values ('16', '21', '7/20/1965');
insert into applicant_views_job (ApplicantID, JobID, ViewDate)
values ('6', '35', '2/3/2022');
insert into applicant_views_job (ApplicantID, JobID, ViewDate)
values ('35', '31', '6/9/1962');
insert into applicant_views_job (ApplicantID, JobID, ViewDate)
values ('39', '39', '7/19/1976');
insert into applicant_views_job (ApplicantID, JobID, ViewDate)
values ('38', '34', '7/18/1960');
insert into applicant_views_job (ApplicantID, JobID, ViewDate)
values ('5', '46', '7/4/2023');
insert into applicant_views_job (ApplicantID, JobID, ViewDate)
values ('34', '28', '2/16/1978');
insert into applicant_views_job (ApplicantID, JobID, ViewDate)
values ('9', '1', '12/5/2012');
insert into applicant_views_job (ApplicantID, JobID, ViewDate)
values ('28', '43', '5/31/1994');
insert into applicant_views_job (ApplicantID, JobID, ViewDate)
values ('15', '22', '1/14/2023');
insert into applicant_views_job (ApplicantID, JobID, ViewDate)
values ('42', '19', '6/24/1974');
insert into applicant_views_job (ApplicantID, JobID, ViewDate)
values ('44', '4', '5/6/1961');
insert into applicant_views_job (ApplicantID, JobID, ViewDate)
values ('4', '12', '2/27/1997');
insert into applicant_views_job (ApplicantID, JobID, ViewDate)
values ('19', '16', '12/2/1979');
insert into applicant_views_job (ApplicantID, JobID, ViewDate)
values ('20', '32', '10/9/1962');
insert into applicant_views_job (ApplicantID, JobID, ViewDate)
values ('48', '11', '3/1/2008');
insert into applicant_views_job (ApplicantID, JobID, ViewDate)
values ('17', '48', '2/21/1971');
insert into applicant_views_job (ApplicantID, JobID, ViewDate)
values ('37', '13', '4/23/2023');
insert into applicant_views_job (ApplicantID, JobID, ViewDate)
values ('31', '30', '9/23/1960');
insert into applicant_views_job (ApplicantID, JobID, ViewDate)
values ('49', '26', '3/17/2004');
insert into applicant_views_job (ApplicantID, JobID, ViewDate)
values ('18', '36', '8/18/1979');
insert into applicant_views_job (ApplicantID, JobID, ViewDate)
values ('12', '20', '6/11/1990');
insert into applicant_views_job (ApplicantID, JobID, ViewDate)
values ('46', '45', '3/17/1978');
insert into applicant_views_job (ApplicantID, JobID, ViewDate)
values ('40', '23', '2/17/1963');
insert into applicant_views_job (ApplicantID, JobID, ViewDate)
values ('7', '5', '5/14/1982');
insert into applicant_views_job (ApplicantID, JobID, ViewDate)
values ('13', '14', '1/12/2019');
insert into applicant_views_job (ApplicantID, JobID, ViewDate)
values ('29', '8', '8/5/1992');
insert into applicant_views_job (ApplicantID, JobID, ViewDate)
values ('2', '3', '5/12/1968');
insert into applicant_views_job (ApplicantID, JobID, ViewDate)
values ('1', '41', '2/27/1975');
insert into applicant_views_job (ApplicantID, JobID, ViewDate)
values ('14', '38', '8/26/2014');
insert into applicant_views_job (ApplicantID, JobID, ViewDate)
values ('27', '33', '8/1/1995');
insert into applicant_views_job (ApplicantID, JobID, ViewDate)
values ('23', '10', '5/29/1987');
insert into applicant_views_job (ApplicantID, JobID, ViewDate)
values ('33', '9', '1/22/1973');
insert into applicant_views_job (ApplicantID, JobID, ViewDate)
values ('10', '24', '12/23/1989');
insert into applicant_views_job (ApplicantID, JobID, ViewDate)
values ('21', '50', '12/9/1971');
insert into applicant_views_job (ApplicantID, JobID, ViewDate)
values ('11', '29', '8/18/2006');
insert into applicant_views_job (ApplicantID, JobID, ViewDate)
values ('25', '25', '1/23/2005');
insert into applicant_views_job (ApplicantID, JobID, ViewDate)
values ('30', '49', '2/28/1968');
insert into applicant_views_job (ApplicantID, JobID, ViewDate)
values ('24', '2', '7/29/2006');
insert into applicant_views_job (ApplicantID, JobID, ViewDate)
values ('45', '15', '4/6/1984');
insert into applicant_views_job (ApplicantID, JobID, ViewDate)
values ('26', '44', '1/21/1995');
insert into applicant_views_job (ApplicantID, JobID, ViewDate)
values ('32', '6', '10/16/1977');
insert into applicant_views_job (ApplicantID, JobID, ViewDate)
values ('47', '17', '7/30/2023');
insert into applicant_views_job (ApplicantID, JobID, ViewDate)
values ('41', '18', '6/3/2006');
insert into applicant_views_job (ApplicantID, JobID, ViewDate)
values ('3', '27', '7/16/1994');
insert into applicant_views_job (ApplicantID, JobID, ViewDate)
values ('47', '26', '12/6/1996');
insert into applicant_views_job (ApplicantID, JobID, ViewDate)
values ('25', '10', '12/21/1986');
insert into applicant_views_job (ApplicantID, JobID, ViewDate)
values ('4', '5', '1/12/1964');
insert into applicant_views_job (ApplicantID, JobID, ViewDate)
values ('10', '24', '6/12/1963');
insert into applicant_views_job (ApplicantID, JobID, ViewDate)
values ('24', '49', '3/21/2004');
insert into applicant_views_job (ApplicantID, JobID, ViewDate)
values ('37', '41', '1/22/2021');
insert into applicant_views_job (ApplicantID, JobID, ViewDate)
values ('9', '2', '7/23/2017');
insert into applicant_views_job (ApplicantID, JobID, ViewDate)
values ('30', '16', '3/7/1971');
insert into applicant_views_job (ApplicantID, JobID, ViewDate)
values ('18', '34', '11/1/1996');
insert into applicant_views_job (ApplicantID, JobID, ViewDate)
values ('44', '15', '5/4/2022');
insert into applicant_views_job (ApplicantID, JobID, ViewDate)
values ('2', '38', '1/1/1963');
insert into applicant_views_job (ApplicantID, JobID, ViewDate)
values ('1', '42', '6/24/1986');
insert into applicant_views_job (ApplicantID, JobID, ViewDate)
values ('23', '20', '11/22/1974');
insert into applicant_views_job (ApplicantID, JobID, ViewDate)
values ('41', '40', '2/29/1964');
insert into applicant_views_job (ApplicantID, JobID, ViewDate)
values ('16', '39', '11/1/2014');
insert into applicant_views_job (ApplicantID, JobID, ViewDate)
values ('49', '37', '10/28/1975');
insert into applicant_views_job (ApplicantID, JobID, ViewDate)
values ('19', '44', '5/16/1992');
insert into applicant_views_job (ApplicantID, JobID, ViewDate)
values ('31', '47', '3/22/2022');
insert into applicant_views_job (ApplicantID, JobID, ViewDate)
values ('35', '9', '7/21/1994');
insert into applicant_views_job (ApplicantID, JobID, ViewDate)
values ('36', '17', '1/18/1969');
insert into applicant_views_job (ApplicantID, JobID, ViewDate)
values ('3', '6', '4/21/2017');
insert into applicant_views_job (ApplicantID, JobID, ViewDate)
values ('50', '23', '1/11/1962');
insert into applicant_views_job (ApplicantID, JobID, ViewDate)
values ('26', '35', '10/1/1969');
insert into applicant_views_job (ApplicantID, JobID, ViewDate)
values ('48', '46', '8/16/1970');
insert into applicant_views_job (ApplicantID, JobID, ViewDate)
values ('27', '50', '11/18/1991');
insert into applicant_views_job (ApplicantID, JobID, ViewDate)
values ('46', '45', '12/11/1965');
insert into applicant_views_job (ApplicantID, JobID, ViewDate)
values ('20', '19', '4/30/1992');
insert into applicant_views_job (ApplicantID, JobID, ViewDate)
values ('12', '12', '7/19/1961');
insert into applicant_views_job (ApplicantID, JobID, ViewDate)
values ('40', '48', '4/23/2007');
insert into applicant_views_job (ApplicantID, JobID, ViewDate)
values ('32', '33', '2/6/2009');
insert into applicant_views_job (ApplicantID, JobID, ViewDate)
values ('5', '43', '8/10/2000');
insert into applicant_views_job (ApplicantID, JobID, ViewDate)
values ('38', '13', '6/25/1990');
insert into applicant_views_job (ApplicantID, JobID, ViewDate)
values ('33', '1', '7/18/1979');
insert into applicant_views_job (ApplicantID, JobID, ViewDate)
values ('6', '21', '7/1/2003');
insert into applicant_views_job (ApplicantID, JobID, ViewDate)
values ('8', '27', '10/1/1990');
insert into applicant_views_job (ApplicantID, JobID, ViewDate)
values ('13', '7', '3/11/1966');
insert into applicant_views_job (ApplicantID, JobID, ViewDate)
values ('45', '31', '4/13/1968');
insert into applicant_views_job (ApplicantID, JobID, ViewDate)
values ('15', '3', '12/6/2006');
insert into applicant_views_job (ApplicantID, JobID, ViewDate)
values ('11', '14', '6/15/1973');
insert into applicant_views_job (ApplicantID, JobID, ViewDate)
values ('39', '28', '10/25/2016');
insert into applicant_views_job (ApplicantID, JobID, ViewDate)
values ('7', '30', '7/14/1979');
insert into applicant_views_job (ApplicantID, JobID, ViewDate)
values ('28', '22', '1/10/1999');
insert into applicant_views_job (ApplicantID, JobID, ViewDate)
values ('14', '32', '8/19/1969');
insert into applicant_views_job (ApplicantID, JobID, ViewDate)
values ('22', '8', '10/17/1998');
insert into applicant_views_job (ApplicantID, JobID, ViewDate)
values ('42', '11', '2/29/1972');
insert into applicant_views_job (ApplicantID, JobID, ViewDate)
values ('43', '36', '11/16/2006');
insert into applicant_views_job (ApplicantID, JobID, ViewDate)
values ('21', '25', '8/22/1965');
insert into applicant_views_job (ApplicantID, JobID, ViewDate)
values ('34', '4', '3/21/1968');
insert into applicant_views_job (ApplicantID, JobID, ViewDate)
values ('29', '29', '8/13/1994');
insert into applicant_views_job (ApplicantID, JobID, ViewDate)
values ('17', '18', '1/19/1970');
insert into applicant_views_job (ApplicantID, JobID, ViewDate)
values ('31', '44', '7/11/1967');
insert into applicant_views_job (ApplicantID, JobID, ViewDate)
values ('46', '50', '9/9/1960');
insert into applicant_views_job (ApplicantID, JobID, ViewDate)
values ('6', '33', '8/10/2003');
insert into applicant_views_job (ApplicantID, JobID, ViewDate)
values ('41', '38', '4/2/1974');
insert into applicant_views_job (ApplicantID, JobID, ViewDate)
values ('47', '25', '6/13/1995');
insert into applicant_views_job (ApplicantID, JobID, ViewDate)
values ('36', '18', '3/24/1988');
insert into applicant_views_job (ApplicantID, JobID, ViewDate)
values ('26', '46', '1/11/2018');
insert into applicant_views_job (ApplicantID, JobID, ViewDate)
values ('38', '28', '6/18/1973');
insert into applicant_views_job (ApplicantID, JobID, ViewDate)
values ('32', '32', '5/18/2012');
insert into applicant_views_job (ApplicantID, JobID, ViewDate)
values ('43', '49', '1/3/1990');
insert into applicant_views_job (ApplicantID, JobID, ViewDate)
values ('16', '45', '12/24/2017');
insert into applicant_views_job (ApplicantID, JobID, ViewDate)
values ('21', '13', '12/8/2004');
insert into applicant_views_job (ApplicantID, JobID, ViewDate)
values ('18', '31', '9/21/2016');
insert into applicant_views_job (ApplicantID, JobID, ViewDate)
values ('45', '3', '12/11/1984');
insert into applicant_views_job (ApplicantID, JobID, ViewDate)
values ('10', '8', '1/10/1988');
insert into applicant_views_job (ApplicantID, JobID, ViewDate)
values ('12', '21', '4/15/1966');
insert into applicant_views_job (ApplicantID, JobID, ViewDate)
values ('7', '1', '5/1/1999');
insert into applicant_views_job (ApplicantID, JobID, ViewDate)
values ('24', '22', '11/26/2015');
insert into applicant_views_job (ApplicantID, JobID, ViewDate)
values ('19', '43', '8/30/2012');
insert into applicant_views_job (ApplicantID, JobID, ViewDate)
values ('35', '2', '1/11/1985');
insert into applicant_views_job (ApplicantID, JobID, ViewDate)
values ('13', '41', '7/16/1972');
insert into applicant_views_job (ApplicantID, JobID, ViewDate)
values ('17', '5', '4/1/2009');
insert into applicant_views_job (ApplicantID, JobID, ViewDate)
values ('33', '7', '10/27/2018');
insert into applicant_views_job (ApplicantID, JobID, ViewDate)
values ('11', '26', '12/5/1990');
insert into applicant_views_job (ApplicantID, JobID, ViewDate)
values ('49', '9', '9/7/2018');
insert into applicant_views_job (ApplicantID, JobID, ViewDate)
values ('25', '10', '12/6/2004');
insert into applicant_views_job (ApplicantID, JobID, ViewDate)
values ('20', '14', '3/25/1963');
insert into applicant_views_job (ApplicantID, JobID, ViewDate)
values ('27', '20', '4/27/1987');
insert into applicant_views_job (ApplicantID, JobID, ViewDate)
values ('30', '34', '4/24/1962');
insert into applicant_views_job (ApplicantID, JobID, ViewDate)
values ('8', '4', '8/9/2019');
insert into applicant_views_job (ApplicantID, JobID, ViewDate)
values ('44', '12', '12/8/1988');
insert into applicant_views_job (ApplicantID, JobID, ViewDate)
values ('39', '11', '9/13/1978');
insert into applicant_views_job (ApplicantID, JobID, ViewDate)
values ('14', '40', '9/10/1999');
insert into applicant_views_job (ApplicantID, JobID, ViewDate)
values ('23', '16', '12/23/1981');
insert into applicant_views_job (ApplicantID, JobID, ViewDate)
values ('22', '37', '3/5/2017');
insert into applicant_views_job (ApplicantID, JobID, ViewDate)
values ('50', '6', '1/27/1976');
insert into applicant_views_job (ApplicantID, JobID, ViewDate)
values ('48', '36', '5/21/1967');
insert into applicant_views_job (ApplicantID, JobID, ViewDate)
values ('2', '29', '7/31/2010');
insert into applicant_views_job (ApplicantID, JobID, ViewDate)
values ('40', '19', '5/21/1983');
insert into applicant_views_job (ApplicantID, JobID, ViewDate)
values ('4', '47', '5/15/2002');
insert into applicant_views_job (ApplicantID, JobID, ViewDate)
values ('34', '27', '6/29/1996');
insert into applicant_views_job (ApplicantID, JobID, ViewDate)
values ('1', '23', '12/12/1990');
insert into applicant_views_job (ApplicantID, JobID, ViewDate)
values ('28', '35', '1/5/1962');
insert into applicant_views_job (ApplicantID, JobID, ViewDate)
values ('42', '39', '10/2/2003');
insert into applicant_views_job (ApplicantID, JobID, ViewDate)
values ('9', '24', '2/20/2019');
insert into applicant_views_job (ApplicantID, JobID, ViewDate)
values ('3', '15', '4/18/1998');
insert into applicant_views_job (ApplicantID, JobID, ViewDate)
values ('37', '48', '8/28/1991');
insert into applicant_views_job (ApplicantID, JobID, ViewDate)
values ('5', '42', '9/11/2022');
insert into applicant_views_job (ApplicantID, JobID, ViewDate)
values ('29', '30', '5/19/1975');
insert into applicant_views_job (ApplicantID, JobID, ViewDate)
values ('15', '17', '3/31/1990');


-- post


insert into post (PostID, CompanyID, Title, Description)
values (1, '19', 'ut ultrices vel augue', 'Aenean fermentum. Donec ut mauris eget massa tempor convallis.');
insert into post (PostID, CompanyID, Title, Description)
values (2, '47', 'enim in tempor turpis nec',
        'Mauris sit amet eros. Suspendisse accumsan tortor quis turpis. Sed ante. Vivamus tortor. Duis mattis egestas metus.');
insert into post (PostID, CompanyID, Title, Description)
values (3, '42', 'volutpat erat quisque erat',
        'Nunc nisl. Duis bibendum, felis sed interdum venenatis, turpis enim blandit mi, in porttitor pede justo eu massa.');
insert into post (PostID, CompanyID, Title, Description)
values (4, '39', 'auctor sed',
        'Aenean auctor gravida sem. Praesent id massa id nisl venenatis lacinia. Aenean sit amet justo.');
insert into post (PostID, CompanyID, Title, Description)
values (5, '50', 'ultrices phasellus id sapien',
        'Nam congue, risus semper porta volutpat, quam pede lobortis ligula, sit amet eleifend pede libero quis orci.');
insert into post (PostID, CompanyID, Title, Description)
values (6, '20', 'eget nunc donec quis', 'Morbi a ipsum. Integer a nibh. In quis justo.');
insert into post (PostID, CompanyID, Title, Description)
values (7, '18', 'turpis eget elit sodales',
        'Morbi sem mauris, laoreet ut, rhoncus aliquet, pulvinar sed, nisl. Nunc rhoncus dui vel sem. Sed sagittis.');
insert into post (PostID, CompanyID, Title, Description)
values (8, '6', 'dapibus nulla suscipit', 'Nulla nisl.');
insert into post (PostID, CompanyID, Title, Description)
values (9, '28', 'turpis enim',
        'Vestibulum ac est lacinia nisi venenatis tristique. Fusce congue, diam id ornare imperdiet, sapien urna pretium nisl, ut volutpat sapien arcu sed augue.');
insert into post (PostID, CompanyID, Title, Description)
values (10, '13', 'nibh fusce lacus', 'Maecenas leo odio, condimentum id, luctus nec, molestie sed, justo.');
insert into post (PostID, CompanyID, Title, Description)
values (11, '22', 'justo in', 'Nulla ac enim.');
insert into post (PostID, CompanyID, Title, Description)
values (12, '21', 'dui proin leo odio', 'Ut tellus. Nulla ut erat id mauris vulputate elementum. Nullam varius.');
insert into post (PostID, CompanyID, Title, Description)
values (13, '14', 'leo rhoncus sed vestibulum',
        'Integer ac leo. Pellentesque ultrices mattis odio. Donec vitae nisi. Nam ultrices, libero non mattis pulvinar, nulla pede ullamcorper augue, a suscipit nulla elit ac nulla.');
insert into post (PostID, CompanyID, Title, Description)
values (14, '7', 'quis tortor id nulla ultrices',
        'Phasellus sit amet erat. Nulla tempus. Vivamus in felis eu sapien cursus vestibulum. Proin eu mi. Nulla ac enim.');
insert into post (PostID, CompanyID, Title, Description)
values (15, '37', 'vitae',
        'Vivamus vel nulla eget eros elementum pellentesque. Quisque porta volutpat erat. Quisque erat eros, viverra eget, congue eget, semper rutrum, nulla. Nunc purus.');
insert into post (PostID, CompanyID, Title, Description)
values (16, '5', 'elementum', 'Ut tellus. Nulla ut erat id mauris vulputate elementum. Nullam varius.');
insert into post (PostID, CompanyID, Title, Description)
values (17, '8', 'eget eleifend', 'Donec dapibus. Duis at velit eu est congue elementum.');
insert into post (PostID, CompanyID, Title, Description)
values (18, '31', 'eu',
        'Vestibulum ante ipsum primis in faucibus orci luctus et ultrices posuere cubilia Curae; Duis faucibus accumsan odio. Curabitur convallis. Duis consequat dui nec nisi volutpat eleifend. Donec ut dolor.');
insert into post (PostID, CompanyID, Title, Description)
values (19, '26', 'donec diam neque vestibulum eget',
        'Morbi a ipsum. Integer a nibh. In quis justo. Maecenas rhoncus aliquam lacus.');
insert into post (PostID, CompanyID, Title, Description)
values (20, '1', 'adipiscing molestie', 'Integer non velit.');
insert into post (PostID, CompanyID, Title, Description)
values (21, '36', 'nunc rhoncus dui vel sem', 'Quisque id justo sit amet sapien dignissim vestibulum.');
insert into post (PostID, CompanyID, Title, Description)
values (22, '43', 'pellentesque at nulla suspendisse',
        'Donec dapibus. Duis at velit eu est congue elementum. In hac habitasse platea dictumst. Morbi vestibulum, velit id pretium iaculis, diam erat fermentum justo, nec condimentum neque sapien placerat ante.');
insert into post (PostID, CompanyID, Title, Description)
values (23, '35', 'eu mi nulla',
        'Aenean lectus. Pellentesque eget nunc. Donec quis orci eget orci vehicula condimentum. Curabitur in libero ut massa volutpat convallis.');
insert into post (PostID, CompanyID, Title, Description)
values (24, '41', 'maecenas tristique est et',
        'Aenean lectus. Pellentesque eget nunc. Donec quis orci eget orci vehicula condimentum. Curabitur in libero ut massa volutpat convallis.');
insert into post (PostID, CompanyID, Title, Description)
values (25, '29', 'nisl duis ac nibh',
        'Nunc nisl. Duis bibendum, felis sed interdum venenatis, turpis enim blandit mi, in porttitor pede justo eu massa. Donec dapibus. Duis at velit eu est congue elementum. In hac habitasse platea dictumst.');
insert into post (PostID, CompanyID, Title, Description)
values (26, '10', 'dapibus duis at', 'Sed accumsan felis.');
insert into post (PostID, CompanyID, Title, Description)
values (27, '48', 'sapien a',
        'Nulla mollis molestie lorem. Quisque ut erat. Curabitur gravida nisi at nibh. In hac habitasse platea dictumst. Aliquam augue quam, sollicitudin vitae, consectetuer eget, rutrum at, lorem.');
insert into post (PostID, CompanyID, Title, Description)
values (28, '11', 'ligula pellentesque',
        'In hac habitasse platea dictumst. Etiam faucibus cursus urna. Ut tellus. Nulla ut erat id mauris vulputate elementum. Nullam varius.');
insert into post (PostID, CompanyID, Title, Description)
values (29, '2', 'justo',
        'Morbi vestibulum, velit id pretium iaculis, diam erat fermentum justo, nec condimentum neque sapien placerat ante. Nulla justo. Aliquam quis turpis eget elit sodales scelerisque. Mauris sit amet eros.');
insert into post (PostID, CompanyID, Title, Description)
values (30, '30', 'ultricies eu nibh',
        'Nam nulla. Integer pede justo, lacinia eget, tincidunt eget, tempus vel, pede. Morbi porttitor lorem id ligula. Suspendisse ornare consequat lectus.');
insert into post (PostID, CompanyID, Title, Description)
values (31, '32', 'eros',
        'Morbi non quam nec dui luctus rutrum. Nulla tellus. In sagittis dui vel nisl. Duis ac nibh.');
insert into post (PostID, CompanyID, Title, Description)
values (32, '49', 'eleifend luctus ultricies eu nibh', 'Nulla tellus. In sagittis dui vel nisl.');
insert into post (PostID, CompanyID, Title, Description)
values (33, '40', 'tempus vivamus',
        'Vestibulum ante ipsum primis in faucibus orci luctus et ultrices posuere cubilia Curae; Mauris viverra diam vitae quam. Suspendisse potenti. Nullam porttitor lacus at turpis. Donec posuere metus vitae ipsum.');
insert into post (PostID, CompanyID, Title, Description)
values (34, '33', 'cras pellentesque volutpat',
        'Vivamus metus arcu, adipiscing molestie, hendrerit at, vulputate vitae, nisl. Aenean lectus. Pellentesque eget nunc. Donec quis orci eget orci vehicula condimentum.');
insert into post (PostID, CompanyID, Title, Description)
values (35, '34', 'vel pede morbi',
        'Praesent lectus. Vestibulum quam sapien, varius ut, blandit non, interdum in, ante. Vestibulum ante ipsum primis in faucibus orci luctus et ultrices posuere cubilia Curae; Duis faucibus accumsan odio.');
insert into post (PostID, CompanyID, Title, Description)
values (36, '23', 'pede lobortis ligula sit',
        'Nulla neque libero, convallis eget, eleifend luctus, ultricies eu, nibh. Quisque id justo sit amet sapien dignissim vestibulum.');
insert into post (PostID, CompanyID, Title, Description)
values (37, '25', 'arcu', 'Pellentesque eget nunc. Donec quis orci eget orci vehicula condimentum.');
insert into post (PostID, CompanyID, Title, Description)
values (38, '44', 'non velit donec diam neque',
        'Vestibulum ante ipsum primis in faucibus orci luctus et ultrices posuere cubilia Curae; Duis faucibus accumsan odio. Curabitur convallis.');
insert into post (PostID, CompanyID, Title, Description)
values (39, '46', 'vivamus vel', 'In sagittis dui vel nisl. Duis ac nibh.');
insert into post (PostID, CompanyID, Title, Description)
values (40, '16', 'ligula sit',
        'Donec dapibus. Duis at velit eu est congue elementum. In hac habitasse platea dictumst. Morbi vestibulum, velit id pretium iaculis, diam erat fermentum justo, nec condimentum neque sapien placerat ante. Nulla justo.');
insert into post (PostID, CompanyID, Title, Description)
values (41, '17', 'faucibus', 'Aliquam erat volutpat. In congue. Etiam justo.');
insert into post (PostID, CompanyID, Title, Description)
values (42, '38', 'lacus curabitur at',
        'Curabitur at ipsum ac tellus semper interdum. Mauris ullamcorper purus sit amet nulla. Quisque arcu libero, rutrum ac, lobortis vel, dapibus at, diam. Nam tristique tortor eu pede.');
insert into post (PostID, CompanyID, Title, Description)
values (43, '24', 'lobortis sapien sapien non mi',
        'Cras mi pede, malesuada in, imperdiet et, commodo vulputate, justo. In blandit ultrices enim.');
insert into post (PostID, CompanyID, Title, Description)
values (44, '12', 'parturient', 'Duis mattis egestas metus.');
insert into post (PostID, CompanyID, Title, Description)
values (45, '45', 'felis donec',
        'In blandit ultrices enim. Lorem ipsum dolor sit amet, consectetuer adipiscing elit. Proin interdum mauris non ligula pellentesque ultrices. Phasellus id sapien in sapien iaculis congue.');
insert into post (PostID, CompanyID, Title, Description)
values (46, '15', 'imperdiet sapien', 'Sed vel enim sit amet nunc viverra dapibus.');
insert into post (PostID, CompanyID, Title, Description)
values (47, '27', 'nec molestie sed justo', 'Quisque porta volutpat erat.');
insert into post (PostID, CompanyID, Title, Description)
values (48, '3', 'potenti in eleifend quam', 'Maecenas pulvinar lobortis est. Phasellus sit amet erat. Nulla tempus.');
insert into post (PostID, CompanyID, Title, Description)
values (49, '4', 'felis eu sapien cursus vestibulum',
        'Proin at turpis a pede posuere nonummy. Integer non velit. Donec diam neque, vestibulum eget, vulputate ut, ultrices vel, augue. Vestibulum ante ipsum primis in faucibus orci luctus et ultrices posuere cubilia Curae; Donec pharetra, magna vestibulum aliquet ultrices, erat tortor sollicitudin mi, sit amet lobortis sapien sapien non mi.');
insert into post (PostID, CompanyID, Title, Description)
values (50, '9', 'leo odio condimentum id',
        'Etiam pretium iaculis justo. In hac habitasse platea dictumst. Etiam faucibus cursus urna. Ut tellus.');


-- photo


insert into photo (PhotoID, PostID, ImageFilename)
values (1, '9', 'diam.png');
insert into photo (PhotoID, PostID, ImageFilename)
values (2, '37', 'sed.png');
insert into photo (PhotoID, PostID, ImageFilename)
values (3, '40', 'congue.png');
insert into photo (PhotoID, PostID, ImageFilename)
values (4, '35', 'ultrices.png');
insert into photo (PhotoID, PostID, ImageFilename)
values (5, '48', 'justo.png');
insert into photo (PhotoID, PostID, ImageFilename)
values (6, '38', 'amet.png');
insert into photo (PhotoID, PostID, ImageFilename)
values (7, '31', 'placerat.png');
insert into photo (PhotoID, PostID, ImageFilename)
values (8, '33', 'nullam.png');
insert into photo (PhotoID, PostID, ImageFilename)
values (9, '18', 'dapibus.png');
insert into photo (PhotoID, PostID, ImageFilename)
values (10, '7', 'maecenas.png');
insert into photo (PhotoID, PostID, ImageFilename)
values (11, '25', 'integer.png');
insert into photo (PhotoID, PostID, ImageFilename)
values (12, '39', 'in.png');
insert into photo (PhotoID, PostID, ImageFilename)
values (13, '5', 'hac.png');
insert into photo (PhotoID, PostID, ImageFilename)
values (14, '21', 'mi.png');
insert into photo (PhotoID, PostID, ImageFilename)
values (15, '14', 'hac.png');
insert into photo (PhotoID, PostID, ImageFilename)
values (16, '28', 'vivamus.png');
insert into photo (PhotoID, PostID, ImageFilename)
values (17, '17', 'massa.png');
insert into photo (PhotoID, PostID, ImageFilename)
values (18, '6', 'erat.png');
insert into photo (PhotoID, PostID, ImageFilename)
values (19, '32', 'luctus.png');
insert into photo (PhotoID, PostID, ImageFilename)
values (20, '34', 'nonummy.png');
insert into photo (PhotoID, PostID, ImageFilename)
values (21, '19', 'diam.png');
insert into photo (PhotoID, PostID, ImageFilename)
values (22, '46', 'vitae.png');
insert into photo (PhotoID, PostID, ImageFilename)
values (23, '13', 'sit.png');
insert into photo (PhotoID, PostID, ImageFilename)
values (24, '26', 'tincidunt.png');
insert into photo (PhotoID, PostID, ImageFilename)
values (25, '45', 'mauris.png');
insert into photo (PhotoID, PostID, ImageFilename)
values (26, '29', 'ipsum.png');
insert into photo (PhotoID, PostID, ImageFilename)
values (27, '44', 'in.png');
insert into photo (PhotoID, PostID, ImageFilename)
values (28, '49', 'facilisi.png');
insert into photo (PhotoID, PostID, ImageFilename)
values (29, '10', 'non.png');
insert into photo (PhotoID, PostID, ImageFilename)
values (30, '50', 'nulla.png');
insert into photo (PhotoID, PostID, ImageFilename)
values (31, '47', 'in.png');
insert into photo (PhotoID, PostID, ImageFilename)
values (32, '43', 'eget.png');
insert into photo (PhotoID, PostID, ImageFilename)
values (33, '16', 'faucibus.png');
insert into photo (PhotoID, PostID, ImageFilename)
values (34, '42', 'in.png');
insert into photo (PhotoID, PostID, ImageFilename)
values (35, '3', 'sed.png');
insert into photo (PhotoID, PostID, ImageFilename)
values (36, '2', 'sed.png');
insert into photo (PhotoID, PostID, ImageFilename)
values (37, '15', 'ante.png');
insert into photo (PhotoID, PostID, ImageFilename)
values (38, '30', 'pede.png');
insert into photo (PhotoID, PostID, ImageFilename)
values (39, '27', 'in.png');
insert into photo (PhotoID, PostID, ImageFilename)
values (40, '41', 'orci.png');
insert into photo (PhotoID, PostID, ImageFilename)
values (41, '23', 'lobortis.png');
insert into photo (PhotoID, PostID, ImageFilename)
values (42, '24', 'tincidunt.png');
insert into photo (PhotoID, PostID, ImageFilename)
values (43, '4', 'tincidunt.png');
insert into photo (PhotoID, PostID, ImageFilename)
values (44, '1', 'at.png');
insert into photo (PhotoID, PostID, ImageFilename)
values (45, '11', 'blandit.png');
insert into photo (PhotoID, PostID, ImageFilename)
values (46, '12', 'iaculis.png');
insert into photo (PhotoID, PostID, ImageFilename)
values (47, '22', 'eleifend.png');
insert into photo (PhotoID, PostID, ImageFilename)
values (48, '20', 'sapien.png');
insert into photo (PhotoID, PostID, ImageFilename)
values (49, '8', 'adipiscing.png');
insert into photo (PhotoID, PostID, ImageFilename)
values (50, '36', 'adipiscing.png');


-- applicant-views post

insert into applicant_views_post (ApplicantID, PostID, ViewDate)
values ('5', '28', '1/19/2000');
insert into applicant_views_post (ApplicantID, PostID, ViewDate)
values ('20', '32', '7/16/2000');
insert into applicant_views_post (ApplicantID, PostID, ViewDate)
values ('39', '18', '4/13/2014');
insert into applicant_views_post (ApplicantID, PostID, ViewDate)
values ('47', '50', '1/30/2020');
insert into applicant_views_post (ApplicantID, PostID, ViewDate)
values ('8', '46', '7/21/2000');
insert into applicant_views_post (ApplicantID, PostID, ViewDate)
values ('17', '40', '4/21/2004');
insert into applicant_views_post (ApplicantID, PostID, ViewDate)
values ('26', '10', '1/9/2017');
insert into applicant_views_post (ApplicantID, PostID, ViewDate)
values ('9', '23', '6/21/2007');
insert into applicant_views_post (ApplicantID, PostID, ViewDate)
values ('30', '19', '3/27/2006');
insert into applicant_views_post (ApplicantID, PostID, ViewDate)
values ('45', '8', '2/22/2002');
insert into applicant_views_post (ApplicantID, PostID, ViewDate)
values ('36', '20', '8/7/2000');
insert into applicant_views_post (ApplicantID, PostID, ViewDate)
values ('19', '43', '4/25/2021');
insert into applicant_views_post (ApplicantID, PostID, ViewDate)
values ('3', '26', '8/31/2008');
insert into applicant_views_post (ApplicantID, PostID, ViewDate)
values ('50', '38', '5/10/2002');
insert into applicant_views_post (ApplicantID, PostID, ViewDate)
values ('21', '47', '7/29/2007');
insert into applicant_views_post (ApplicantID, PostID, ViewDate)
values ('13', '39', '5/6/2021');
insert into applicant_views_post (ApplicantID, PostID, ViewDate)
values ('27', '27', '1/14/2009');
insert into applicant_views_post (ApplicantID, PostID, ViewDate)
values ('34', '44', '8/13/2010');
insert into applicant_views_post (ApplicantID, PostID, ViewDate)
values ('29', '22', '9/3/2013');
insert into applicant_views_post (ApplicantID, PostID, ViewDate)
values ('31', '35', '12/19/2008');
insert into applicant_views_post (ApplicantID, PostID, ViewDate)
values ('42', '37', '7/9/2014');
insert into applicant_views_post (ApplicantID, PostID, ViewDate)
values ('11', '42', '1/2/2021');
insert into applicant_views_post (ApplicantID, PostID, ViewDate)
values ('22', '41', '6/26/2004');
insert into applicant_views_post (ApplicantID, PostID, ViewDate)
values ('37', '2', '10/26/2010');
insert into applicant_views_post (ApplicantID, PostID, ViewDate)
values ('1', '36', '5/9/2014');
insert into applicant_views_post (ApplicantID, PostID, ViewDate)
values ('14', '13', '4/16/2010');
insert into applicant_views_post (ApplicantID, PostID, ViewDate)
values ('4', '24', '11/6/2007');
insert into applicant_views_post (ApplicantID, PostID, ViewDate)
values ('7', '21', '1/2/2012');
insert into applicant_views_post (ApplicantID, PostID, ViewDate)
values ('15', '30', '11/10/2013');
insert into applicant_views_post (ApplicantID, PostID, ViewDate)
values ('46', '34', '8/12/2016');
insert into applicant_views_post (ApplicantID, PostID, ViewDate)
values ('43', '7', '3/18/2006');
insert into applicant_views_post (ApplicantID, PostID, ViewDate)
values ('38', '12', '10/29/2018');
insert into applicant_views_post (ApplicantID, PostID, ViewDate)
values ('40', '25', '4/15/2002');
insert into applicant_views_post (ApplicantID, PostID, ViewDate)
values ('6', '45', '8/20/2015');
insert into applicant_views_post (ApplicantID, PostID, ViewDate)
values ('35', '48', '2/3/2018');
insert into applicant_views_post (ApplicantID, PostID, ViewDate)
values ('16', '17', '9/10/2023');
insert into applicant_views_post (ApplicantID, PostID, ViewDate)
values ('41', '49', '2/13/2003');
insert into applicant_views_post (ApplicantID, PostID, ViewDate)
values ('18', '14', '8/23/2013');
insert into applicant_views_post (ApplicantID, PostID, ViewDate)
values ('33', '16', '10/25/2007');
insert into applicant_views_post (ApplicantID, PostID, ViewDate)
values ('49', '9', '2/9/2007');
insert into applicant_views_post (ApplicantID, PostID, ViewDate)
values ('48', '1', '7/25/2001');
insert into applicant_views_post (ApplicantID, PostID, ViewDate)
values ('32', '29', '7/15/2014');
insert into applicant_views_post (ApplicantID, PostID, ViewDate)
values ('12', '6', '6/20/2017');
insert into applicant_views_post (ApplicantID, PostID, ViewDate)
values ('24', '3', '8/13/2001');
insert into applicant_views_post (ApplicantID, PostID, ViewDate)
values ('25', '31', '4/14/2015');
insert into applicant_views_post (ApplicantID, PostID, ViewDate)
values ('2', '4', '6/14/2003');
insert into applicant_views_post (ApplicantID, PostID, ViewDate)
values ('28', '11', '8/16/2007');
insert into applicant_views_post (ApplicantID, PostID, ViewDate)
values ('23', '15', '8/9/2018');
insert into applicant_views_post (ApplicantID, PostID, ViewDate)
values ('10', '33', '7/27/2003');
insert into applicant_views_post (ApplicantID, PostID, ViewDate)
values ('44', '5', '4/12/2009');
insert into applicant_views_post (ApplicantID, PostID, ViewDate)
values ('42', '4', '4/20/2005');
insert into applicant_views_post (ApplicantID, PostID, ViewDate)
values ('24', '47', '4/8/2020');
insert into applicant_views_post (ApplicantID, PostID, ViewDate)
values ('28', '37', '5/1/2016');
insert into applicant_views_post (ApplicantID, PostID, ViewDate)
values ('26', '36', '8/16/2017');
insert into applicant_views_post (ApplicantID, PostID, ViewDate)
values ('14', '9', '11/18/2016');
insert into applicant_views_post (ApplicantID, PostID, ViewDate)
values ('12', '5', '6/30/2015');
insert into applicant_views_post (ApplicantID, PostID, ViewDate)
values ('31', '14', '8/1/2010');
insert into applicant_views_post (ApplicantID, PostID, ViewDate)
values ('9', '41', '4/4/2015');
insert into applicant_views_post (ApplicantID, PostID, ViewDate)
values ('46', '23', '11/23/2017');
insert into applicant_views_post (ApplicantID, PostID, ViewDate)
values ('30', '7', '1/12/2014');
insert into applicant_views_post (ApplicantID, PostID, ViewDate)
values ('43', '39', '1/13/2002');
insert into applicant_views_post (ApplicantID, PostID, ViewDate)
values ('34', '29', '11/5/2014');
insert into applicant_views_post (ApplicantID, PostID, ViewDate)
values ('19', '15', '10/28/2019');
insert into applicant_views_post (ApplicantID, PostID, ViewDate)
values ('5', '27', '2/23/2014');
insert into applicant_views_post (ApplicantID, PostID, ViewDate)
values ('23', '35', '8/23/2002');
insert into applicant_views_post (ApplicantID, PostID, ViewDate)
values ('35', '19', '11/21/2017');
insert into applicant_views_post (ApplicantID, PostID, ViewDate)
values ('33', '12', '10/21/2002');
insert into applicant_views_post (ApplicantID, PostID, ViewDate)
values ('7', '8', '12/14/2002');
insert into applicant_views_post (ApplicantID, PostID, ViewDate)
values ('29', '1', '9/5/2007');
insert into applicant_views_post (ApplicantID, PostID, ViewDate)
values ('20', '26', '2/23/2002');
insert into applicant_views_post (ApplicantID, PostID, ViewDate)
values ('16', '20', '9/2/2021');
insert into applicant_views_post (ApplicantID, PostID, ViewDate)
values ('13', '22', '10/27/2003');
insert into applicant_views_post (ApplicantID, PostID, ViewDate)
values ('25', '3', '11/22/2013');
insert into applicant_views_post (ApplicantID, PostID, ViewDate)
values ('49', '21', '1/26/2020');
insert into applicant_views_post (ApplicantID, PostID, ViewDate)
values ('38', '30', '10/28/2021');
insert into applicant_views_post (ApplicantID, PostID, ViewDate)
values ('6', '18', '3/8/2004');
insert into applicant_views_post (ApplicantID, PostID, ViewDate)
values ('21', '43', '9/24/2014');
insert into applicant_views_post (ApplicantID, PostID, ViewDate)
values ('22', '24', '5/1/2005');
insert into applicant_views_post (ApplicantID, PostID, ViewDate)
values ('36', '17', '10/13/2008');
insert into applicant_views_post (ApplicantID, PostID, ViewDate)
values ('17', '10', '9/9/2015');
insert into applicant_views_post (ApplicantID, PostID, ViewDate)
values ('37', '50', '3/10/2001');
insert into applicant_views_post (ApplicantID, PostID, ViewDate)
values ('45', '34', '4/24/2009');
insert into applicant_views_post (ApplicantID, PostID, ViewDate)
values ('48', '40', '6/6/2017');
insert into applicant_views_post (ApplicantID, PostID, ViewDate)
values ('32', '25', '6/21/2008');
insert into applicant_views_post (ApplicantID, PostID, ViewDate)
values ('27', '38', '1/14/2013');
insert into applicant_views_post (ApplicantID, PostID, ViewDate)
values ('4', '49', '11/15/2021');
insert into applicant_views_post (ApplicantID, PostID, ViewDate)
values ('11', '32', '8/24/2023');
insert into applicant_views_post (ApplicantID, PostID, ViewDate)
values ('1', '48', '9/30/2018');
insert into applicant_views_post (ApplicantID, PostID, ViewDate)
values ('2', '16', '7/14/2004');
insert into applicant_views_post (ApplicantID, PostID, ViewDate)
values ('15', '11', '6/28/2012');
insert into applicant_views_post (ApplicantID, PostID, ViewDate)
values ('41', '44', '5/17/2009');
insert into applicant_views_post (ApplicantID, PostID, ViewDate)
values ('18', '31', '10/1/2018');
insert into applicant_views_post (ApplicantID, PostID, ViewDate)
values ('3', '2', '1/8/2001');
insert into applicant_views_post (ApplicantID, PostID, ViewDate)
values ('39', '6', '7/28/2001');
insert into applicant_views_post (ApplicantID, PostID, ViewDate)
values ('47', '42', '7/13/2010');
insert into applicant_views_post (ApplicantID, PostID, ViewDate)
values ('10', '28', '5/13/2009');
insert into applicant_views_post (ApplicantID, PostID, ViewDate)
values ('50', '46', '6/18/2003');
insert into applicant_views_post (ApplicantID, PostID, ViewDate)
values ('40', '13', '4/30/2021');
insert into applicant_views_post (ApplicantID, PostID, ViewDate)
values ('44', '33', '6/1/2009');
insert into applicant_views_post (ApplicantID, PostID, ViewDate)
values ('8', '45', '5/7/2013');
insert into applicant_views_post (ApplicantID, PostID, ViewDate)
values ('5', '34', '11/23/2008');
insert into applicant_views_post (ApplicantID, PostID, ViewDate)
values ('34', '10', '9/10/2022');
insert into applicant_views_post (ApplicantID, PostID, ViewDate)
values ('39', '19', '1/25/2002');
insert into applicant_views_post (ApplicantID, PostID, ViewDate)
values ('26', '17', '12/7/2001');
insert into applicant_views_post (ApplicantID, PostID, ViewDate)
values ('16', '35', '4/5/2020');
insert into applicant_views_post (ApplicantID, PostID, ViewDate)
values ('36', '39', '6/15/2001');
insert into applicant_views_post (ApplicantID, PostID, ViewDate)
values ('31', '21', '9/11/2019');
insert into applicant_views_post (ApplicantID, PostID, ViewDate)
values ('49', '16', '10/6/2020');
insert into applicant_views_post (ApplicantID, PostID, ViewDate)
values ('41', '38', '4/16/2020');
insert into applicant_views_post (ApplicantID, PostID, ViewDate)
values ('18', '13', '7/3/2023');
insert into applicant_views_post (ApplicantID, PostID, ViewDate)
values ('25', '24', '4/27/2023');
insert into applicant_views_post (ApplicantID, PostID, ViewDate)
values ('22', '25', '7/7/2011');
insert into applicant_views_post (ApplicantID, PostID, ViewDate)
values ('6', '5', '7/26/2015');
insert into applicant_views_post (ApplicantID, PostID, ViewDate)
values ('23', '6', '5/10/2012');
insert into applicant_views_post (ApplicantID, PostID, ViewDate)
values ('17', '7', '8/16/2021');
insert into applicant_views_post (ApplicantID, PostID, ViewDate)
values ('48', '46', '10/1/2002');
insert into applicant_views_post (ApplicantID, PostID, ViewDate)
values ('44', '3', '5/9/2005');
insert into applicant_views_post (ApplicantID, PostID, ViewDate)
values ('50', '12', '5/7/2020');
insert into applicant_views_post (ApplicantID, PostID, ViewDate)
values ('38', '15', '5/14/2001');
insert into applicant_views_post (ApplicantID, PostID, ViewDate)
values ('37', '47', '6/27/2001');
insert into applicant_views_post (ApplicantID, PostID, ViewDate)
values ('24', '43', '11/15/2002');
insert into applicant_views_post (ApplicantID, PostID, ViewDate)
values ('7', '36', '12/12/2016');
insert into applicant_views_post (ApplicantID, PostID, ViewDate)
values ('13', '42', '9/19/2000');
insert into applicant_views_post (ApplicantID, PostID, ViewDate)
values ('30', '23', '11/23/2010');
insert into applicant_views_post (ApplicantID, PostID, ViewDate)
values ('3', '45', '10/27/2016');
insert into applicant_views_post (ApplicantID, PostID, ViewDate)
values ('35', '50', '2/25/2002');
insert into applicant_views_post (ApplicantID, PostID, ViewDate)
values ('42', '30', '12/19/2011');
insert into applicant_views_post (ApplicantID, PostID, ViewDate)
values ('21', '33', '5/2/2016');
insert into applicant_views_post (ApplicantID, PostID, ViewDate)
values ('11', '26', '9/22/2018');
insert into applicant_views_post (ApplicantID, PostID, ViewDate)
values ('43', '49', '11/7/2000');
insert into applicant_views_post (ApplicantID, PostID, ViewDate)
values ('12', '9', '6/25/2015');
insert into applicant_views_post (ApplicantID, PostID, ViewDate)
values ('46', '18', '11/17/2004');
insert into applicant_views_post (ApplicantID, PostID, ViewDate)
values ('32', '44', '5/17/2009');
insert into applicant_views_post (ApplicantID, PostID, ViewDate)
values ('2', '32', '6/7/2005');
insert into applicant_views_post (ApplicantID, PostID, ViewDate)
values ('28', '27', '5/25/2023');
insert into applicant_views_post (ApplicantID, PostID, ViewDate)
values ('27', '14', '8/17/2019');
insert into applicant_views_post (ApplicantID, PostID, ViewDate)
values ('33', '22', '7/25/2010');
insert into applicant_views_post (ApplicantID, PostID, ViewDate)
values ('4', '2', '10/21/2015');
insert into applicant_views_post (ApplicantID, PostID, ViewDate)
values ('1', '37', '7/30/2005');
insert into applicant_views_post (ApplicantID, PostID, ViewDate)
values ('40', '4', '1/29/2022');
insert into applicant_views_post (ApplicantID, PostID, ViewDate)
values ('29', '40', '5/24/2003');
insert into applicant_views_post (ApplicantID, PostID, ViewDate)
values ('10', '31', '8/26/2007');
insert into applicant_views_post (ApplicantID, PostID, ViewDate)
values ('20', '1', '3/22/2005');
insert into applicant_views_post (ApplicantID, PostID, ViewDate)
values ('9', '20', '5/24/2000');
insert into applicant_views_post (ApplicantID, PostID, ViewDate)
values ('14', '11', '8/20/2015');
insert into applicant_views_post (ApplicantID, PostID, ViewDate)
values ('15', '29', '5/29/2008');
insert into applicant_views_post (ApplicantID, PostID, ViewDate)
values ('45', '41', '10/14/2019');
insert into applicant_views_post (ApplicantID, PostID, ViewDate)
values ('8', '48', '11/13/2020');
insert into applicant_views_post (ApplicantID, PostID, ViewDate)
values ('19', '28', '8/9/2007');
insert into applicant_views_post (ApplicantID, PostID, ViewDate)
values ('47', '8', '4/24/2005');
insert into applicant_views_post (ApplicantID, PostID, ViewDate)
values ('36', '21', '5/16/2022');
insert into applicant_views_post (ApplicantID, PostID, ViewDate)
values ('17', '12', '3/31/2000');
insert into applicant_views_post (ApplicantID, PostID, ViewDate)
values ('5', '3', '9/5/2011');
insert into applicant_views_post (ApplicantID, PostID, ViewDate)
values ('16', '2', '10/29/2020');
insert into applicant_views_post (ApplicantID, PostID, ViewDate)
values ('38', '17', '7/15/2013');
insert into applicant_views_post (ApplicantID, PostID, ViewDate)
values ('45', '23', '7/27/2011');
insert into applicant_views_post (ApplicantID, PostID, ViewDate)
values ('39', '1', '7/6/2019');
insert into applicant_views_post (ApplicantID, PostID, ViewDate)
values ('37', '5', '7/15/2003');
insert into applicant_views_post (ApplicantID, PostID, ViewDate)
values ('29', '16', '6/5/2005');
insert into applicant_views_post (ApplicantID, PostID, ViewDate)
values ('24', '9', '7/26/2007');
insert into applicant_views_post (ApplicantID, PostID, ViewDate)
values ('21', '19', '5/23/2021');
insert into applicant_views_post (ApplicantID, PostID, ViewDate)
values ('31', '49', '12/16/2013');
insert into applicant_views_post (ApplicantID, PostID, ViewDate)
values ('18', '4', '3/1/2010');
insert into applicant_views_post (ApplicantID, PostID, ViewDate)
values ('22', '32', '11/8/2003');
insert into applicant_views_post (ApplicantID, PostID, ViewDate)
values ('11', '30', '1/18/2001');
insert into applicant_views_post (ApplicantID, PostID, ViewDate)
values ('9', '28', '2/22/2017');
insert into applicant_views_post (ApplicantID, PostID, ViewDate)
values ('14', '18', '12/10/2001');
insert into applicant_views_post (ApplicantID, PostID, ViewDate)
values ('46', '22', '2/7/2011');
insert into applicant_views_post (ApplicantID, PostID, ViewDate)
values ('8', '8', '7/29/2021');
insert into applicant_views_post (ApplicantID, PostID, ViewDate)
values ('1', '31', '8/19/2015');
insert into applicant_views_post (ApplicantID, PostID, ViewDate)
values ('2', '15', '5/20/2005');
insert into applicant_views_post (ApplicantID, PostID, ViewDate)
values ('49', '37', '12/20/2008');
insert into applicant_views_post (ApplicantID, PostID, ViewDate)
values ('3', '41', '2/6/2015');
insert into applicant_views_post (ApplicantID, PostID, ViewDate)
values ('20', '50', '9/6/2020');
insert into applicant_views_post (ApplicantID, PostID, ViewDate)
values ('35', '29', '10/16/2016');
insert into applicant_views_post (ApplicantID, PostID, ViewDate)
values ('7', '48', '1/14/2018');
insert into applicant_views_post (ApplicantID, PostID, ViewDate)
values ('50', '46', '10/26/2020');
insert into applicant_views_post (ApplicantID, PostID, ViewDate)
values ('26', '10', '8/7/2020');
insert into applicant_views_post (ApplicantID, PostID, ViewDate)
values ('44', '11', '12/25/2005');
insert into applicant_views_post (ApplicantID, PostID, ViewDate)
values ('25', '20', '11/23/2022');
insert into applicant_views_post (ApplicantID, PostID, ViewDate)
values ('43', '33', '12/24/2017');
insert into applicant_views_post (ApplicantID, PostID, ViewDate)
values ('12', '25', '12/6/2001');
insert into applicant_views_post (ApplicantID, PostID, ViewDate)
values ('28', '27', '9/5/2002');
insert into applicant_views_post (ApplicantID, PostID, ViewDate)
values ('10', '13', '2/25/2003');
insert into applicant_views_post (ApplicantID, PostID, ViewDate)
values ('48', '39', '7/27/2018');
insert into applicant_views_post (ApplicantID, PostID, ViewDate)
values ('15', '42', '1/18/2003');
insert into applicant_views_post (ApplicantID, PostID, ViewDate)
values ('19', '34', '7/26/2011');
insert into applicant_views_post (ApplicantID, PostID, ViewDate)
values ('13', '40', '2/16/2002');
insert into applicant_views_post (ApplicantID, PostID, ViewDate)
values ('47', '7', '10/29/2015');
insert into applicant_views_post (ApplicantID, PostID, ViewDate)
values ('30', '45', '9/29/2005');
insert into applicant_views_post (ApplicantID, PostID, ViewDate)
values ('23', '38', '8/3/2015');
insert into applicant_views_post (ApplicantID, PostID, ViewDate)
values ('40', '26', '11/2/2006');
insert into applicant_views_post (ApplicantID, PostID, ViewDate)
values ('34', '6', '5/18/2019');
insert into applicant_views_post (ApplicantID, PostID, ViewDate)
values ('27', '24', '10/16/2010');
insert into applicant_views_post (ApplicantID, PostID, ViewDate)
values ('32', '36', '2/13/2016');
insert into applicant_views_post (ApplicantID, PostID, ViewDate)
values ('42', '44', '5/7/2023');
insert into applicant_views_post (ApplicantID, PostID, ViewDate)
values ('4', '35', '3/13/2015');
insert into applicant_views_post (ApplicantID, PostID, ViewDate)
values ('33', '47', '7/22/2008');
insert into applicant_views_post (ApplicantID, PostID, ViewDate)
values ('41', '14', '9/25/2005');
insert into applicant_views_post (ApplicantID, PostID, ViewDate)
values ('6', '43', '2/15/2003');


