
use jobboard;

INSERT into applicant (ID, FirstName, LastName, DOB, Email, PasswordHASH, Phone, StreetAddress, City, State, Zip)
values (1, 'Jakob', 'Moore', '1978-1-6', 'jmoore0@netscape.com',
        '$2a$04$oP1GenruvjoiwPNmyTTiHu5aEDM2Rjdfbb1RABJP04IAG87TXQjJ2', '602-285-2672', '802 Blackbird Circle',
        'Phoenix', 'Arizona', '85077');
insert into applicant (ID, FirstName, LastName, DOB, Email, PasswordHASH, Phone, StreetAddress, City, State, Zip)
values (2, 'Lynnett', 'Sloss', '2007-11-23', 'lsloss1@wikimedia.org',
        '$2a$04$pXKFwGQze31UisEbwqI9BO4gQakxj3yqoJQUy5NVlV94rn29R0Ijy', '515-750-1658', '19023 Knutson Park',
        'Des Moines', 'Iowa', '50393');
insert into applicant (ID, FirstName, LastName, DOB, Email, PasswordHASH, Phone, StreetAddress, City, State, Zip)
values (3, 'Vinni', 'Kaye', '1960-7-10', 'vkaye2@hatena.ne.jp',
        '$2a$04$YfGKvQGoe/7rTROUwqwPquFcIa4HcFxtQ1FM0eanhtEFj6PjImd4u', '415-123-5783', '326 Fairfield Plaza',
        'San Francisco', 'California', '94164');
insert into applicant (ID, FirstName, LastName, DOB, Email, PasswordHASH, Phone, StreetAddress, City, State, Zip)
values (4, 'Arri', 'Vanns', '1966-11-25', 'avanns3@imageshack.us',
        '$2a$04$DLOzXiRiOoN25B50.jU09uSU/7xtG6o.GYEbfKdxDe.iGqOpxfcZu', '812-203-4104', '131 Columbus Plaza',
        'Evansville', 'Indiana', '47737');
insert into applicant (ID, FirstName, LastName, DOB, Email, PasswordHASH, Phone, StreetAddress, City, State, Zip)
values (5, 'Yard', 'Verchambre', '1966-10-6', 'yverchambre4@bing.com',
        '$2a$04$TWlJIx9BGpNs569IQdcHfeldJGouaYlPuj8fkODUFoSzoarkX5uii', '414-559-6678', '5 Lindbergh Hill', 'Milwaukee',
        'Wisconsin', '53215');
insert into applicant (ID, FirstName, LastName, DOB, Email, PasswordHASH, Phone, StreetAddress, City, State, Zip)
values (6, 'Guenevere', 'Traut', '1988-12-5', 'gtraut5@i2i.jp',
        '$2a$04$tFUSVuxwOYirP8z1oVmLVuv0v0CQzV557YW/OiAx21OWyHrbVtGG2', '203-583-0171', '6 Drewry Crossing',
        'Waterbury', 'Connecticut', '06705');
insert into applicant (ID, FirstName, LastName, DOB, Email, PasswordHASH, Phone, StreetAddress, City, State, Zip)
values (7, 'Julita', 'Feeham', '2004-5-24', 'jfeeham6@paginegialle.it',
        '$2a$04$t3/olklrgRgvl60im4nzbuUUW3D3QMNo1PbAvllyG41m3isu8OYre', '614-379-7235', '4880 Sugar Hill', 'Columbus',
        'Ohio', '43240');
insert into applicant (ID, FirstName, LastName, DOB, Email, PasswordHASH, Phone, StreetAddress, City, State, Zip)
values (8, 'Jessey', 'Smither', '1994-11-12', 'jsmither7@sun.com',
        '$2a$04$DgMR4IKFPTHtMIibYGm54.p5Wro.EjX1OuwSM8NN3LmHydIO4/qkm', '402-411-7733', '00 Service Circle', 'Omaha',
        'Nebraska', '68179');
insert into applicant (ID, FirstName, LastName, DOB, Email, PasswordHASH, Phone, StreetAddress, City, State, Zip)
values (9, 'Lilias', 'Smallsman', '1998-1-19', 'lsmallsman8@si.edu',
        '$2a$04$o87dX8uy3nJKT.5s.ZohpOYZvxP3E2bXyh.flLOU2AmjeUmmVNjZy', '314-121-7981', '326 Thierer Plaza',
        'Saint Louis', 'Missouri', '63126');
insert into applicant (ID, FirstName, LastName, DOB, Email, PasswordHASH, Phone, StreetAddress, City, State, Zip)
values (10, 'Nonna', 'Roakes', '1986-7-25', 'nroakes9@github.io',
        '$2a$04$rKUJBLo2icA/KUafX6XCO.7pobARxNm3FFlBV3EvYvFEGTN5wvcPS', '917-242-7118', '570 Florence Terrace',
        'Jamaica', 'New York', '11436');
insert into applicant (ID, FirstName, LastName, DOB, Email, PasswordHASH, Phone, StreetAddress, City, State, Zip)
values (11, 'Winne', 'Kuhnke', '1977-8-5', 'wkuhnkea@cyberchimps.com',
        '$2a$04$3/Xd.EtRPm2nIorONbdwwuwHoRAB5JSwQnKvPmtpY1wCmuFI.k6V6', '718-886-6515', '90971 Redwing Trail', 'Bronx',
        'New York', '10474');
insert into applicant (ID, FirstName, LastName, DOB, Email, PasswordHASH, Phone, StreetAddress, City, State, Zip)
values (12, 'Robinett', 'Schoenrock', '1959-6-28', 'rschoenrockb@nature.com',
        '$2a$04$8KU2g3WZMeNYZY/fApo0TeC94U1KOsfAy6z026s92TZ3XT8fhykQq', '504-176-1549', '84 Northport Parkway',
        'New Orleans', 'Louisiana', '70179');
insert into applicant (ID, FirstName, LastName, DOB, Email, PasswordHASH, Phone, StreetAddress, City, State, Zip)
values (13, 'Lou', 'Seth', '2001-6-1', 'lsethc@behance.net',
        '$2a$04$pLbMFixadf8EgSuxBZRUh.MbFJNZu2LWhk5cp97p3vxXkKoa0M5QS', '410-752-9203', '2 Jenifer Crossing', 'Ridgely',
        'Maryland', '21684');
insert into applicant (ID, FirstName, LastName, DOB, Email, PasswordHASH, Phone, StreetAddress, City, State, Zip)
values (14, 'Modesty', 'Shall', '1973-7-1', 'mshalld@smh.com.au',
        '$2a$04$vGz23UptNqNXirvovYwqJeSgCgDiQGwTIm3EBS44a2Y0wb.c8um9G', '808-923-9099', '1133 Muir Road', 'Honolulu',
        'Hawaii', '96840');
insert into applicant (ID, FirstName, LastName, DOB, Email, PasswordHASH, Phone, StreetAddress, City, State, Zip)
values (15, 'Kalie', 'Ditter', '1983-7-9', 'kdittere@youtu.be',
        '$2a$04$o2Z4KTDdbXpW0pJhgQxUZ.QxnOh/ZJGGnzEVIIHvBq/6vXW0TD2Iy', '414-943-9022', '27 Eagle Crest Street',
        'Milwaukee', 'Wisconsin', '53220');
insert into applicant (ID, FirstName, LastName, DOB, Email, PasswordHASH, Phone, StreetAddress, City, State, Zip)
values (16, 'Bealle', 'Lemerle', '1989-8-23', 'blemerlef@friendfeed.com',
        '$2a$04$ZPpB0Y84EbmkjoGWkUeKGezMaavO2LlyduYOGHq1zmb5LbY3iS2XG', '214-406-8346', '11262 Derek Parkway', 'Dallas',
        'Texas', '75397');
insert into applicant (ID, FirstName, LastName, DOB, Email, PasswordHASH, Phone, StreetAddress, City, State, Zip)
values (17, 'Conny', 'Kilfoyle', '1970-4-24', 'ckilfoyleg@mail.ru',
        '$2a$04$TLEEIzIsf95OhAM3T.Tm0O/JZDH2qZ30H/uY0zNLMR6Nn5CUTlez.', '727-465-6935', '6 Oak Valley Court',
        'Saint Petersburg', 'Florida', '33737');
insert into applicant (ID, FirstName, LastName, DOB, Email, PasswordHASH, Phone, StreetAddress, City, State, Zip)
values (18, 'Alix', 'Aneley', '1991-2-26', 'aaneleyh@feedburner.com',
        '$2a$04$JFO3kHnefEHOKdj7/8N0W.kGzo9cBVeCzMcWXg6U/kZiGuQabfMMa', '912-637-0147', '8 Di Loreto Center',
        'Savannah', 'Georgia', '31422');
insert into applicant (ID, FirstName, LastName, DOB, Email, PasswordHASH, Phone, StreetAddress, City, State, Zip)
values (19, 'Blayne', 'Hembrow', '1977-6-7', 'bhembrowi@hubpages.com',
        '$2a$04$QS8NXe0.DDzxEexn7WDo5OH.1Csj2HmcDsT.c2HZLEn5vX16A96uO', '602-371-9701', '8 Saint Paul Plaza', 'Phoenix',
        'Arizona', '85020');
insert into applicant (ID, FirstName, LastName, DOB, Email, PasswordHASH, Phone, StreetAddress, City, State, Zip)
values (20, 'Bride', 'Soot', '1973-1-22', 'bsootj@blog.com',
        '$2a$04$dWI4bGwXlgMPs5bYIRjUP.eRAPhlL6TGRrjP3o4J3L3NXpv5cAI2i', '509-837-5792', '77 Oak Drive', 'Spokane',
        'Washington', '99210');
insert into applicant (ID, FirstName, LastName, DOB, Email, PasswordHASH, Phone, StreetAddress, City, State, Zip)
values (21, 'Therine', 'Pablos', '1994-5-27', 'tpablosk@histats.com',
        '$2a$04$e./k.TcdSruC5Frlv7iRmeHaje7Yj0S8wlLNtdYtaOEtAXPzZAS9u', '325-243-7935', '741 Donald Alley', 'Abilene',
        'Texas', '79699');
insert into applicant (ID, FirstName, LastName, DOB, Email, PasswordHASH, Phone, StreetAddress, City, State, Zip)
values (22, 'Beilul', 'Starrs', '1994-4-9', 'bstarrsl@naver.com',
        '$2a$04$OuDPXAArf/lmEFWi84W3I.vS/Cp3nhRWVtXx1.t2PHAKYFo.Aw2im', '305-670-9632', '07 Redwing Court', 'Miami',
        'Florida', '33142');
insert into applicant (ID, FirstName, LastName, DOB, Email, PasswordHASH, Phone, StreetAddress, City, State, Zip)
values (23, 'Ermengarde', 'Sidey', '1969-3-4', 'esideym@delicious.com',
        '$2a$04$jJUZzoJrf24OxLHKrqgcxe.YSI3MFU7sZ7HzCTQrxkzSXXI/P187a', '720-699-6490', '5 Cambridge Avenue', 'Denver',
        'Colorado', '80255');
insert into applicant (ID, FirstName, LastName, DOB, Email, PasswordHASH, Phone, StreetAddress, City, State, Zip)
values (24, 'Katharyn', 'Lattos', '1964-3-31', 'klattosn@amazon.de',
        '$2a$04$ZCqga3KqW3DfEgzEY9opTe4gs/s3K/FGSoMKtu0Y7tFO8307h/XXG', '310-188-2376', '41 Straubel Lane',
        'San Francisco', 'California', '94105');
insert into applicant (ID, FirstName, LastName, DOB, Email, PasswordHASH, Phone, StreetAddress, City, State, Zip)
values (25, 'Emlynn', 'Gartsyde', '1995-4-18', 'egartsydeo@sina.com.cn',
        '$2a$04$7ZuKMMx44vd5EWfuFqVcKeYPYGoVPWh/EsTi04Nk21js49ucSW05y', '334-742-1754', '992 Little Fleur Trail',
        'Montgomery', 'Alabama', '36195');
insert into applicant (ID, FirstName, LastName, DOB, Email, PasswordHASH, Phone, StreetAddress, City, State, Zip)
values (26, 'Abrahan', 'Jakubovicz', '1993-11-8', 'ajakuboviczp@google.com.au',
        '$2a$04$K5VG6MvSUMvVAEcahWq0HOpZ3nmAe/ioZEi/uN.oUn8R2h3SvWMHS', '808-886-2271', '080 Manitowish Alley',
        'Honolulu', 'Hawaii', '96840');
insert into applicant (ID, FirstName, LastName, DOB, Email, PasswordHASH, Phone, StreetAddress, City, State, Zip)
values (27, 'Donn', 'Bolt', '1992-12-9', 'dboltq@bluehost.com',
        '$2a$04$HrVvkLJ3SPi3.3qpNZycGuo3YOdQ1DQADEFd5VUq5UkOq86l4AfEi', '571-908-4256', '6 Bellgrove Place',
        'Merrifield', 'Virginia', '22119');
insert into applicant (ID, FirstName, LastName, DOB, Email, PasswordHASH, Phone, StreetAddress, City, State, Zip)
values (28, 'Adiana', 'Hassin', '2002-7-20', 'ahassinr@clickbank.net',
        '$2a$04$EFrEGMuTyFnQCSomilprdOJBy58yLsZFTeH7HSz8oIoJ5arTSqEYW', '562-403-3332', '8274 Del Sol Crossing',
        'Los Angeles', 'California', '90015');
insert into applicant (ID, FirstName, LastName, DOB, Email, PasswordHASH, Phone, StreetAddress, City, State, Zip)
values (29, 'Giffy', 'Jagels', '1967-2-1', 'gjagelss@simplemachines.org',
        '$2a$04$aBmMPz7ACHdGhOnrSkDFn.kDHzGcVj92MUvJVfAFyyppF5byDP246', '917-925-2348', '25693 Buell Way', 'Jamaica',
        'New York', '11436');
insert into applicant (ID, FirstName, LastName, DOB, Email, PasswordHASH, Phone, StreetAddress, City, State, Zip)
values (30, 'Mallory', 'Allibon', '1985-9-10', 'mallibont@usgs.gov',
        '$2a$04$x.YcVfcBbI7Xoj8VKNqbGeO2s7yoOfSv34gdEHhBcZl9SbOIGy3ri', '314-165-0048', '487 Fremont Junction',
        'Saint Louis', 'Missouri', '63196');
insert into applicant (ID, FirstName, LastName, DOB, Email, PasswordHASH, Phone, StreetAddress, City, State, Zip)
values (31, 'Eloisa', 'Plessing', '1988-3-16', 'eplessingu@uol.com.br',
        '$2a$04$GdXpY2Y.5CVQdCSNTQ5QUu7qV6g29Nlwmlzv3J4gWc2.TUgxXJH1y', '727-463-4875', '4 Everett Way', 'Clearwater',
        'Florida', '34620');
insert into applicant (ID, FirstName, LastName, DOB, Email, PasswordHASH, Phone, StreetAddress, City, State, Zip)
values (32, 'Carlota', 'Pinchen', '2005-9-22', 'cpinchenv@so-net.ne.jp',
        '$2a$04$zzSXQh189IiuqpQP85dpzeEKlWsiNyHp58H.L1yxJHSqzLlWn93By', '936-551-2980', '5 Cascade Center', 'Beaumont',
        'Texas', '77713');
insert into applicant (ID, FirstName, LastName, DOB, Email, PasswordHASH, Phone, StreetAddress, City, State, Zip)
values (33, 'Gratia', 'Nisius', '1969-6-9', 'gnisiusw@storify.com',
        '$2a$04$bJcUqWoPRwTqlib950RayeIrpeEMvyFscmcDGZ0l4e.po3Sxd.W6a', '339-346-3909', '23826 Carpenter Lane', 'Lynn',
        'Massachusetts', '01905');
insert into applicant (ID, FirstName, LastName, DOB, Email, PasswordHASH, Phone, StreetAddress, City, State, Zip)
values (34, 'Moe', 'Czapla', '1958-7-15', 'mczaplax@miitbeian.gov.cn',
        '$2a$04$G1edeZZFleR/3pyxKzZgb.F/ATIqVmT.A6kVgBD.a98SHHNKozUY2', '804-153-7102', '844 Lerdahl Alley', 'Richmond',
        'Virginia', '23208');
insert into applicant (ID, FirstName, LastName, DOB, Email, PasswordHASH, Phone, StreetAddress, City, State, Zip)
values (35, 'Abramo', 'Flucks', '1965-10-19', 'aflucksy@bloglines.com',
        '$2a$04$rvdeAXOFgMMva.WRZKCGhuxKvrH7waZ9v4zL2xLEtG0Jd6Xl6hMCu', '612-823-3750', '45 Fisk Drive', 'Saint Paul',
        'Minnesota', '55123');
insert into applicant (ID, FirstName, LastName, DOB, Email, PasswordHASH, Phone, StreetAddress, City, State, Zip)
values (36, 'Mei', 'Goldby', '1971-7-24', 'mgoldbyz@cnet.com',
        '$2a$04$ENQnS8dBZkzDVpsMbcnU6ePmrKtPJG84xILpZVe3YflvaybThjts2', '610-272-8733', '792 Corscot Drive',
        'Allentown', 'Pennsylvania', '18105');
insert into applicant (ID, FirstName, LastName, DOB, Email, PasswordHASH, Phone, StreetAddress, City, State, Zip)
values (37, 'Lilli', 'Egar', '2005-2-5', 'legar10@liveinternet.ru',
        '$2a$04$4DSOT0XobSxOyXcTtEg0DuuR0YaTBA43kfyX8o5XmqFmct5zTCgAa', '919-141-5191', '70 Randy Crossing', 'Raleigh',
        'North Carolina', '27610');
insert into applicant (ID, FirstName, LastName, DOB, Email, PasswordHASH, Phone, StreetAddress, City, State, Zip)
values (38, 'Carlyle', 'Ropkins', '2002-1-3', 'cropkins11@seattletimes.com',
        '$2a$04$XjE3IjYsy56NICNsHDX7Yu3eih.hOxpxSecosYuy23e2WnKAlKI4.', '817-769-9683', '3 Clarendon Crossing',
        'Fort Worth', 'Texas', '76129');
insert into applicant (ID, FirstName, LastName, DOB, Email, PasswordHASH, Phone, StreetAddress, City, State, Zip)
values (39, 'York', 'Thurstan', '1998-1-3', 'ythurstan12@webnode.com',
        '$2a$04$tx7v6oYxiaVLi4UfqWjRe.QooH1oId2.14CreyP74xgsSEKXOYJre', '812-742-6915', '264 Mockingbird Lane',
        'Evansville', 'Indiana', '47747');
insert into applicant (ID, FirstName, LastName, DOB, Email, PasswordHASH, Phone, StreetAddress, City, State, Zip)
values (40, 'Shirlene', 'Yoxall', '1966-1-3', 'syoxall13@unesco.org',
        '$2a$04$X7bAl8PbA/DfR75b4GuOAOQT4eOXq4Hu3J8sax3jsSue3utJ4FsVi', '312-339-2759', '93675 Caliangt Trail',
        'Chicago', 'Illinois', '60609');
insert into applicant (ID, FirstName, LastName, DOB, Email, PasswordHASH, Phone, StreetAddress, City, State, Zip)
values (41, 'Kassia', 'Wenn', '1986-10-18', 'kwenn14@ibm.com',
        '$2a$04$fLLGu6aG2OkUAr5Vve9Lne5W62KUyZHsryy51QOnTjGU4xF5Yu/Km', '360-208-9942', '4 Acker Junction', 'Seattle',
        'Washington', '98158');
insert into applicant (ID, FirstName, LastName, DOB, Email, PasswordHASH, Phone, StreetAddress, City, State, Zip)
values (42, 'Martin', 'Paulmann', '1994-8-27', 'mpaulmann15@cloudflare.com',
        '$2a$04$RQFSsJVF8abyzRG7o2fetOcx3IgqnHDroxRD.eyZ2ScsOD6v.kbc2', '808-113-5534', '64 Nevada Place', 'Honolulu',
        'Hawaii', '96845');
insert into applicant (ID, FirstName, LastName, DOB, Email, PasswordHASH, Phone, StreetAddress, City, State, Zip)
values (43, 'Ursuline', 'Tuminini', '1972-11-22', 'utuminini16@fema.gov',
        '$2a$04$0p85VKH/NjQBW223jBCAdOjsGKOOAaUDDblh1gOW57LiCwAOpUCjS', '513-395-1531', '676 Prairie Rose Circle',
        'Cincinnati', 'Ohio', '45271');
insert into applicant (ID, FirstName, LastName, DOB, Email, PasswordHASH, Phone, StreetAddress, City, State, Zip)
values (44, 'Melamie', 'Moland', '1980-5-7', 'mmoland17@hibu.com',
        '$2a$04$MDum68MpAZmwULIwFNWkAe0BnhaefCK0xa3u3N292KBz6SBssloKm', '916-249-0536', '6998 Monument Lane',
        'Sacramento', 'California', '94263');
insert into applicant (ID, FirstName, LastName, DOB, Email, PasswordHASH, Phone, StreetAddress, City, State, Zip)
values (45, 'Shelley', 'Sudran', '2002-3-2', 'ssudran18@omniture.com',
        '$2a$04$vqDNyROly9mdqLRiZVtOJ.lMUWGpCHoec4et4uKLvOiCGGJ6miWYO', '509-362-5595', '7445 Hintze Point', 'Spokane',
        'Washington', '99210');
insert into applicant (ID, FirstName, LastName, DOB, Email, PasswordHASH, Phone, StreetAddress, City, State, Zip)
values (46, 'Bryana', 'Bolles', '2004-6-5', 'bbolles19@woothemes.com',
        '$2a$04$2J7ZMjd15Y4JeNm7i8DnG.zJ8MWdGibD0xtmhUqLn7fElDhf2RsG2', '225-710-0795', '99023 Burning Wood Place',
        'Baton Rouge', 'Louisiana', '70894');
insert into applicant (ID, FirstName, LastName, DOB, Email, PasswordHASH, Phone, StreetAddress, City, State, Zip)
values (47, 'Enrika', 'Saunderson', '1964-12-12', 'esaunderson1a@csmonitor.com',
        '$2a$04$ksj1GcIIzA0cKRmh0iAM9eY/HBbaQtEUqHkfDLBLzsWrOI3ev7Qx6', '520-603-8243', '4 Burrows Terrace', 'Tucson',
        'Arizona', '85743');
insert into applicant (ID, FirstName, LastName, DOB, Email, PasswordHASH, Phone, StreetAddress, City, State, Zip)
values (48, 'Davin', 'Leedal', '1999-1-16', 'dleedal1b@ovh.net',
        '$2a$04$G8S3rQzh6TuqZBJR4OZH6OnXcg88nTSJCrC0gtU2sjceziu4CyAFO', '720-843-6616', '4284 Pine View Plaza',
        'Arvada', 'Colorado', '80005');
insert into applicant (ID, FirstName, LastName, DOB, Email, PasswordHASH, Phone, StreetAddress, City, State, Zip)
values (49, 'Marnie', 'De Roeck', '1985-7-17', 'mderoeck1c@naver.com',
        '$2a$04$SdB9ZOJg6GUzudg6RRs1geZaSH0b.fsRJTSdu4vDOEL1j2h0G7Dym', '713-767-9035', '78356 Maple Hill', 'Houston',
        'Texas', '77260');
insert into applicant (ID, FirstName, LastName, DOB, Email, PasswordHASH, Phone, StreetAddress, City, State, Zip)
values (50, 'Binky', 'Scarfe', '1966-10-20', 'bscarfe1d@rakuten.co.jp',
        '$2a$04$xekifd29obqEvt7IIkBJY.P1OOO2sNDnyIXqVKtM6xg.j/iVrsxbW', '952-887-3811', '5758 Autumn Leaf Plaza',
        'Young America', 'Minnesota', '55551');

-- wants


insert into wants (WantID, ApplicantID, WantDescription)
values (1, '27', 'nam congue risus semper porta volutpat quam');
insert into wants (WantID, ApplicantID, WantDescription)
values (2, '4', 'eu pede');
insert into wants (WantID, ApplicantID, WantDescription)
values (3, '32', 'lacinia');
insert into wants (WantID, ApplicantID, WantDescription)
values (4, '15', 'nulla tellus in sagittis dui vel nisl');
insert into wants (WantID, ApplicantID, WantDescription)
values (5, '9', 'in libero ut massa volutpat convallis morbi');
insert into wants (WantID, ApplicantID, WantDescription)
values (6, '36', 'orci mauris lacinia sapien');
insert into wants (WantID, ApplicantID, WantDescription)
values (7, '11', 'justo maecenas rhoncus aliquam lacus morbi quis tortor');
insert into wants (WantID, ApplicantID, WantDescription)
values (8, '35', 'feugiat non pretium quis lectus suspendisse');
insert into wants (WantID, ApplicantID, WantDescription)
values (9, '39', 'justo nec condimentum neque sapien');
insert into wants (WantID, ApplicantID, WantDescription)
values (10, '43', 'pede morbi porttitor lorem id ligula');
insert into wants (WantID, ApplicantID, WantDescription)
values (11, '37', 'et magnis dis parturient');
insert into wants (WantID, ApplicantID, WantDescription)
values (12, '40', 'augue aliquam erat volutpat in congue etiam justo');
insert into wants (WantID, ApplicantID, WantDescription)
values (13, '18', 'eleifend quam a odio in hac');
insert into wants (WantID, ApplicantID, WantDescription)
values (14, '30', 'nunc purus phasellus in felis donec semper');
insert into wants (WantID, ApplicantID, WantDescription)
values (15, '3', 'mi nulla');
insert into wants (WantID, ApplicantID, WantDescription)
values (16, '23', 'orci luctus et ultrices posuere cubilia curae donec');
insert into wants (WantID, ApplicantID, WantDescription)
values (17, '34', 'aliquet massa id lobortis convallis tortor risus dapibus');
insert into wants (WantID, ApplicantID, WantDescription)
values (18, '10', 'nibh in lectus pellentesque at nulla suspendisse potenti');
insert into wants (WantID, ApplicantID, WantDescription)
values (19, '22', 'a odio');
insert into wants (WantID, ApplicantID, WantDescription)
values (20, '46', 'cursus urna ut tellus nulla ut erat');
insert into wants (WantID, ApplicantID, WantDescription)
values (21, '38', 'lorem ipsum dolor sit');
insert into wants (WantID, ApplicantID, WantDescription)
values (22, '31', 'porttitor lorem id ligula suspendisse');
insert into wants (WantID, ApplicantID, WantDescription)
values (23, '8', 'tempor turpis nec euismod scelerisque quam');
insert into wants (WantID, ApplicantID, WantDescription)
values (24, '26', 'faucibus accumsan odio curabitur convallis');
insert into wants (WantID, ApplicantID, WantDescription)
values (25, '33', 'nec sem duis aliquam');
insert into wants (WantID, ApplicantID, WantDescription)
values (26, '25', 'dolor vel est donec odio justo');
insert into wants (WantID, ApplicantID, WantDescription)
values (27, '48', 'amet cursus id turpis integer');
insert into wants (WantID, ApplicantID, WantDescription)
values (28, '28', 'nec molestie sed justo pellentesque viverra pede ac');
insert into wants (WantID, ApplicantID, WantDescription)
values (29, '41', 'rutrum ac lobortis');
insert into wants (WantID, ApplicantID, WantDescription)
values (30, '45', 'donec');
insert into wants (WantID, ApplicantID, WantDescription)
values (31, '24', 'at nunc commodo placerat praesent');
insert into wants (WantID, ApplicantID, WantDescription)
values (32, '42', 'fringilla rhoncus mauris enim');
insert into wants (WantID, ApplicantID, WantDescription)
values (33, '50', 'vel dapibus at diam nam tristique tortor eu');
insert into wants (WantID, ApplicantID, WantDescription)
values (34, '1', 'velit id pretium');
insert into wants (WantID, ApplicantID, WantDescription)
values (35, '2', 'nunc donec quis');
insert into wants (WantID, ApplicantID, WantDescription)
values (36, '12', 'vestibulum sagittis sapien cum sociis natoque');
insert into wants (WantID, ApplicantID, WantDescription)
values (37, '13', 'at lorem integer tincidunt');
insert into wants (WantID, ApplicantID, WantDescription)
values (38, '29', 'neque aenean auctor gravida sem praesent id');
insert into wants (WantID, ApplicantID, WantDescription)
values (39, '21', 'elit sodales scelerisque mauris sit amet');
insert into wants (WantID, ApplicantID, WantDescription)
values (40, '6', 'id pretium iaculis diam erat fermentum justo');
insert into wants (WantID, ApplicantID, WantDescription)
values (41, '5', 'tempus vivamus in felis eu sapien');
insert into wants (WantID, ApplicantID, WantDescription)
values (42, '16', 'vel augue');
insert into wants (WantID, ApplicantID, WantDescription)
values (43, '19', 'interdum mauris ullamcorper purus');
insert into wants (WantID, ApplicantID, WantDescription)
values (44, '17', 'leo pellentesque ultrices mattis odio donec vitae nisi');
insert into wants (WantID, ApplicantID, WantDescription)
values (45, '47', 'vestibulum sit amet cursus id');
insert into wants (WantID, ApplicantID, WantDescription)
values (46, '44', 'sodales sed tincidunt eu felis');
insert into wants (WantID, ApplicantID, WantDescription)
values (47, '49', 'aliquet massa');
insert into wants (WantID, ApplicantID, WantDescription)
values (48, '14', 'cras in purus eu');
insert into wants (WantID, ApplicantID, WantDescription)
values (49, '7', 'turpis integer aliquet massa id');
insert into wants (WantID, ApplicantID, WantDescription)
values (50, '20', 'lectus in est risus auctor sed');

-- pdf resume


insert into pdf_resume (pdfID, ApplicantID, PdfFilename)
values (1, '21', 'amet.pdf');
insert into pdf_resume (pdfID, ApplicantID, PdfFilename)
values (2, '2', 'proin.pdf');
insert into pdf_resume (pdfID, ApplicantID, PdfFilename)
values (3, '19', 'maecenas.pdf');
insert into pdf_resume (pdfID, ApplicantID, PdfFilename)
values (4, '30', 'sagittis.pdf');
insert into pdf_resume (pdfID, ApplicantID, PdfFilename)
values (5, '28', 'volutpat.pdf');
insert into pdf_resume (pdfID, ApplicantID, PdfFilename)
values (6, '35', 'in.pdf');
insert into pdf_resume (pdfID, ApplicantID, PdfFilename)
values (7, '11', 'vehicula.pdf');
insert into pdf_resume (pdfID, ApplicantID, PdfFilename)
values (8, '36', 'nisi.pdf');
insert into pdf_resume (pdfID, ApplicantID, PdfFilename)
values (9, '40', 'in.pdf');
insert into pdf_resume (pdfID, ApplicantID, PdfFilename)
values (10, '45', 'penatibus.pdf');
insert into pdf_resume (pdfID, ApplicantID, PdfFilename)
values (11, '46', 'mauris.pdf');
insert into pdf_resume (pdfID, ApplicantID, PdfFilename)
values (12, '17', 'morbi.pdf');
insert into pdf_resume (pdfID, ApplicantID, PdfFilename)
values (13, '50', 'rutrum.pdf');
insert into pdf_resume (pdfID, ApplicantID, PdfFilename)
values (14, '16', 'a.pdf');
insert into pdf_resume (pdfID, ApplicantID, PdfFilename)
values (15, '27', 'odio.pdf');
insert into pdf_resume (pdfID, ApplicantID, PdfFilename)
values (16, '5', 'nunc.pdf');
insert into pdf_resume (pdfID, ApplicantID, PdfFilename)
values (17, '39', 'in.pdf');
insert into pdf_resume (pdfID, ApplicantID, PdfFilename)
values (18, '8', 'nibh.pdf');
insert into pdf_resume (pdfID, ApplicantID, PdfFilename)
values (19, '18', 'integer.pdf');
insert into pdf_resume (pdfID, ApplicantID, PdfFilename)
values (20, '41', 'felis.pdf');
insert into pdf_resume (pdfID, ApplicantID, PdfFilename)
values (21, '32', 'pede.pdf');
insert into pdf_resume (pdfID, ApplicantID, PdfFilename)
values (22, '10', 'pharetra.pdf');
insert into pdf_resume (pdfID, ApplicantID, PdfFilename)
values (23, '1', 'aliquet.pdf');
insert into pdf_resume (pdfID, ApplicantID, PdfFilename)
values (24, '12', 'posuere.pdf');
insert into pdf_resume (pdfID, ApplicantID, PdfFilename)
values (25, '33', 'dictumst.pdf');
insert into pdf_resume (pdfID, ApplicantID, PdfFilename)
values (26, '38', 'sapien.pdf');
insert into pdf_resume (pdfID, ApplicantID, PdfFilename)
values (27, '14', 'posuere.pdf');
insert into pdf_resume (pdfID, ApplicantID, PdfFilename)
values (28, '47', 'ipsum.pdf');
insert into pdf_resume (pdfID, ApplicantID, PdfFilename)
values (29, '25', 'lobortis.pdf');
insert into pdf_resume (pdfID, ApplicantID, PdfFilename)
values (30, '43', 'lacinia.pdf');
insert into pdf_resume (pdfID, ApplicantID, PdfFilename)
values (31, '22', 'consectetuer.pdf');
insert into pdf_resume (pdfID, ApplicantID, PdfFilename)
values (32, '13', 'pellentesque.pdf');
insert into pdf_resume (pdfID, ApplicantID, PdfFilename)
values (33, '29', 'eleifend.pdf');
insert into pdf_resume (pdfID, ApplicantID, PdfFilename)
values (34, '44', 'nunc.pdf');
insert into pdf_resume (pdfID, ApplicantID, PdfFilename)
values (35, '4', 'nibh.pdf');
insert into pdf_resume (pdfID, ApplicantID, PdfFilename)
values (36, '7', 'in.pdf');
insert into pdf_resume (pdfID, ApplicantID, PdfFilename)
values (37, '49', 'vitae.pdf');
insert into pdf_resume (pdfID, ApplicantID, PdfFilename)
values (38, '6', 'vestibulum.pdf');
insert into pdf_resume (pdfID, ApplicantID, PdfFilename)
values (39, '48', 'aliquam.pdf');
insert into pdf_resume (pdfID, ApplicantID, PdfFilename)
values (40, '9', 'arcu.pdf');
insert into pdf_resume (pdfID, ApplicantID, PdfFilename)
values (41, '24', 'vel.pdf');
insert into pdf_resume (pdfID, ApplicantID, PdfFilename)
values (42, '3', 'aliquam.pdf');
insert into pdf_resume (pdfID, ApplicantID, PdfFilename)
values (43, '42', 'augue.pdf');
insert into pdf_resume (pdfID, ApplicantID, PdfFilename)
values (44, '26', 'odio.pdf');
insert into pdf_resume (pdfID, ApplicantID, PdfFilename)
values (45, '20', 'eu.pdf');
insert into pdf_resume (pdfID, ApplicantID, PdfFilename)
values (46, '15', 'nisl.pdf');
insert into pdf_resume (pdfID, ApplicantID, PdfFilename)
values (47, '23', 'eu.pdf');
insert into pdf_resume (pdfID, ApplicantID, PdfFilename)
values (48, '31', 'semper.pdf');
insert into pdf_resume (pdfID, ApplicantID, PdfFilename)
values (49, '37', 'pede.pdf');
insert into pdf_resume (pdfID, ApplicantID, PdfFilename)
values (50, '34', 'nisl.pdf');


-- company


insert into company (CompanyID, Name, about)
values (1, 'Divanoodle',
        'Donec semper sapien a libero. Nam dui. Proin leo odio, porttitor id, consequat in, consequat ut, nulla.');
insert into company (CompanyID, Name, about)
values (2, 'Browsetype',
        'Maecenas tincidunt lacus at velit. Vivamus vel nulla eget eros elementum pellentesque. Quisque porta volutpat erat. Quisque erat eros, viverra eget, congue eget, semper rutrum, nulla. Nunc purus.');
insert into company (CompanyID, Name, about)
values (3, 'Mynte', 'Etiam vel augue. Vestibulum rutrum rutrum neque.');
insert into company (CompanyID, Name, about)
values (4, 'Feedbug',
        'Proin leo odio, porttitor id, consequat in, consequat ut, nulla. Sed accumsan felis. Ut at dolor quis odio consequat varius.');
insert into company (CompanyID, Name, about)
values (5, 'Browsedrive',
        'Aliquam sit amet diam in magna bibendum imperdiet. Nullam orci pede, venenatis non, sodales sed, tincidunt eu, felis. Fusce posuere felis sed lacus.');
insert into company (CompanyID, Name, about)
values (6, 'Blognation',
        'Donec odio justo, sollicitudin ut, suscipit a, feugiat et, eros. Vestibulum ac est lacinia nisi venenatis tristique. Fusce congue, diam id ornare imperdiet, sapien urna pretium nisl, ut volutpat sapien arcu sed augue.');
insert into company (CompanyID, Name, about)
values (7, 'Twitternation', 'Cum sociis natoque penatibus et magnis dis parturient montes, nascetur ridiculus mus.');
insert into company (CompanyID, Name, about)
values (8, 'Pixope',
        'Nulla facilisi. Cras non velit nec nisi vulputate nonummy. Maecenas tincidunt lacus at velit. Vivamus vel nulla eget eros elementum pellentesque. Quisque porta volutpat erat.');
insert into company (CompanyID, Name, about)
values (9, 'Mydo',
        'Proin leo odio, porttitor id, consequat in, consequat ut, nulla. Sed accumsan felis. Ut at dolor quis odio consequat varius. Integer ac leo. Pellentesque ultrices mattis odio.');
insert into company (CompanyID, Name, about)
values (10, 'Reallinks',
        'Donec vitae nisi. Nam ultrices, libero non mattis pulvinar, nulla pede ullamcorper augue, a suscipit nulla elit ac nulla. Sed vel enim sit amet nunc viverra dapibus. Nulla suscipit ligula in lacus.');
insert into company (CompanyID, Name, about)
values (11, 'Tazz',
        'Donec ut dolor. Morbi vel lectus in quam fringilla rhoncus. Mauris enim leo, rhoncus sed, vestibulum sit amet, cursus id, turpis. Integer aliquet, massa id lobortis convallis, tortor risus dapibus augue, vel accumsan tellus nisi eu orci. Mauris lacinia sapien quis libero.');
insert into company (CompanyID, Name, about)
values (12, 'Topdrive',
        'Pellentesque viverra pede ac diam. Cras pellentesque volutpat dui. Maecenas tristique, est et tempus semper, est quam pharetra magna, ac consequat metus sapien ut nunc. Vestibulum ante ipsum primis in faucibus orci luctus et ultrices posuere cubilia Curae; Mauris viverra diam vitae quam. Suspendisse potenti.');
insert into company (CompanyID, Name, about)
values (13, 'Katz', 'Nulla tempus.');
insert into company (CompanyID, Name, about)
values (14, 'Wordpedia',
        'Sed sagittis. Nam congue, risus semper porta volutpat, quam pede lobortis ligula, sit amet eleifend pede libero quis orci. Nullam molestie nibh in lectus. Pellentesque at nulla.');
insert into company (CompanyID, Name, about)
values (15, 'Dazzlesphere',
        'In est risus, auctor sed, tristique in, tempus sit amet, sem. Fusce consequat. Nulla nisl. Nunc nisl.');
insert into company (CompanyID, Name, about)
values (16, 'Eabox', 'Integer tincidunt ante vel ipsum. Praesent blandit lacinia erat.');
insert into company (CompanyID, Name, about)
values (17, 'Blognation',
        'Nam ultrices, libero non mattis pulvinar, nulla pede ullamcorper augue, a suscipit nulla elit ac nulla. Sed vel enim sit amet nunc viverra dapibus.');
insert into company (CompanyID, Name, about)
values (18, 'Oyoloo', 'Maecenas pulvinar lobortis est.');
insert into company (CompanyID, Name, about)
values (19, 'Skimia', 'Sed ante.');
insert into company (CompanyID, Name, about)
values (20, 'Aimbo',
        'Aliquam augue quam, sollicitudin vitae, consectetuer eget, rutrum at, lorem. Integer tincidunt ante vel ipsum. Praesent blandit lacinia erat. Vestibulum sed magna at nunc commodo placerat.');
insert into company (CompanyID, Name, about)
values (21, 'Dynava',
        'Integer aliquet, massa id lobortis convallis, tortor risus dapibus augue, vel accumsan tellus nisi eu orci.');
insert into company (CompanyID, Name, about)
values (22, 'Rhynyx', 'Suspendisse potenti. In eleifend quam a odio.');
insert into company (CompanyID, Name, about)
values (23, 'Pixonyx',
        'Integer pede justo, lacinia eget, tincidunt eget, tempus vel, pede. Morbi porttitor lorem id ligula. Suspendisse ornare consequat lectus. In est risus, auctor sed, tristique in, tempus sit amet, sem.');
insert into company (CompanyID, Name, about)
values (24, 'Shuffledrive',
        'Quisque arcu libero, rutrum ac, lobortis vel, dapibus at, diam. Nam tristique tortor eu pede.');
insert into company (CompanyID, Name, about)
values (25, 'Divanoodle',
        'Vestibulum sed magna at nunc commodo placerat. Praesent blandit. Nam nulla. Integer pede justo, lacinia eget, tincidunt eget, tempus vel, pede. Morbi porttitor lorem id ligula.');
insert into company (CompanyID, Name, about)
values (26, 'Thoughtbridge',
        'Nunc rhoncus dui vel sem. Sed sagittis. Nam congue, risus semper porta volutpat, quam pede lobortis ligula, sit amet eleifend pede libero quis orci. Nullam molestie nibh in lectus.');
insert into company (CompanyID, Name, about)
values (27, 'Zoozzy', 'Etiam vel augue. Vestibulum rutrum rutrum neque. Aenean auctor gravida sem.');
insert into company (CompanyID, Name, about)
values (28, 'Twinder',
        'Aliquam augue quam, sollicitudin vitae, consectetuer eget, rutrum at, lorem. Integer tincidunt ante vel ipsum. Praesent blandit lacinia erat. Vestibulum sed magna at nunc commodo placerat.');
insert into company (CompanyID, Name, about)
values (29, 'Meembee',
        'Aenean lectus. Pellentesque eget nunc. Donec quis orci eget orci vehicula condimentum. Curabitur in libero ut massa volutpat convallis. Morbi odio odio, elementum eu, interdum eu, tincidunt in, leo.');
insert into company (CompanyID, Name, about)
values (30, 'Brainsphere',
        'Lorem ipsum dolor sit amet, consectetuer adipiscing elit. Proin interdum mauris non ligula pellentesque ultrices.');
insert into company (CompanyID, Name, about)
values (31, 'Avavee',
        'In est risus, auctor sed, tristique in, tempus sit amet, sem. Fusce consequat. Nulla nisl. Nunc nisl.');
insert into company (CompanyID, Name, about)
values (32, 'Jazzy',
        'Cum sociis natoque penatibus et magnis dis parturient montes, nascetur ridiculus mus. Etiam vel augue. Vestibulum rutrum rutrum neque.');
insert into company (CompanyID, Name, about)
values (33, 'Trilith',
        'Fusce lacus purus, aliquet at, feugiat non, pretium quis, lectus. Suspendisse potenti. In eleifend quam a odio. In hac habitasse platea dictumst. Maecenas ut massa quis augue luctus tincidunt.');
insert into company (CompanyID, Name, about)
values (34, 'Wordpedia', 'Integer tincidunt ante vel ipsum.');
insert into company (CompanyID, Name, about)
values (35, 'Blogpad',
        'Nullam orci pede, venenatis non, sodales sed, tincidunt eu, felis. Fusce posuere felis sed lacus. Morbi sem mauris, laoreet ut, rhoncus aliquet, pulvinar sed, nisl. Nunc rhoncus dui vel sem. Sed sagittis.');
insert into company (CompanyID, Name, about)
values (36, 'Oyonder', 'Pellentesque viverra pede ac diam.');
insert into company (CompanyID, Name, about)
values (37, 'Centizu',
        'Integer ac leo. Pellentesque ultrices mattis odio. Donec vitae nisi. Nam ultrices, libero non mattis pulvinar, nulla pede ullamcorper augue, a suscipit nulla elit ac nulla.');
insert into company (CompanyID, Name, about)
values (38, 'Flashpoint',
        'Morbi vel lectus in quam fringilla rhoncus. Mauris enim leo, rhoncus sed, vestibulum sit amet, cursus id, turpis.');
insert into company (CompanyID, Name, about)
values (39, 'Oyoloo', 'Fusce lacus purus, aliquet at, feugiat non, pretium quis, lectus. Suspendisse potenti.');
insert into company (CompanyID, Name, about)
values (40, 'Shufflester',
        'Curabitur convallis. Duis consequat dui nec nisi volutpat eleifend. Donec ut dolor. Morbi vel lectus in quam fringilla rhoncus. Mauris enim leo, rhoncus sed, vestibulum sit amet, cursus id, turpis.');
insert into company (CompanyID, Name, about)
values (41, 'Brainsphere',
        'Donec ut dolor. Morbi vel lectus in quam fringilla rhoncus. Mauris enim leo, rhoncus sed, vestibulum sit amet, cursus id, turpis. Integer aliquet, massa id lobortis convallis, tortor risus dapibus augue, vel accumsan tellus nisi eu orci. Mauris lacinia sapien quis libero.');
insert into company (CompanyID, Name, about)
values (42, 'Oyope', 'Nulla ut erat id mauris vulputate elementum. Nullam varius. Nulla facilisi.');
insert into company (CompanyID, Name, about)
values (43, 'Twimbo', 'Nulla facilisi. Cras non velit nec nisi vulputate nonummy.');
insert into company (CompanyID, Name, about)
values (44, 'Midel', 'Proin risus.');
insert into company (CompanyID, Name, about)
values (45, 'Reallinks',
        'Vestibulum quam sapien, varius ut, blandit non, interdum in, ante. Vestibulum ante ipsum primis in faucibus orci luctus et ultrices posuere cubilia Curae; Duis faucibus accumsan odio. Curabitur convallis.');
insert into company (CompanyID, Name, about)
values (46, 'Reallinks',
        'Cras non velit nec nisi vulputate nonummy. Maecenas tincidunt lacus at velit. Vivamus vel nulla eget eros elementum pellentesque. Quisque porta volutpat erat. Quisque erat eros, viverra eget, congue eget, semper rutrum, nulla.');
insert into company (CompanyID, Name, about)
values (47, 'Thoughtmix',
        'Cum sociis natoque penatibus et magnis dis parturient montes, nascetur ridiculus mus. Vivamus vestibulum sagittis sapien.');
insert into company (CompanyID, Name, about)
values (48, 'Realcube',
        'Donec posuere metus vitae ipsum. Aliquam non mauris. Morbi non lectus. Aliquam sit amet diam in magna bibendum imperdiet.');
insert into company (CompanyID, Name, about)
values (49, 'Wikivu',
        'Donec posuere metus vitae ipsum. Aliquam non mauris. Morbi non lectus. Aliquam sit amet diam in magna bibendum imperdiet. Nullam orci pede, venenatis non, sodales sed, tincidunt eu, felis.');
insert into company (CompanyID, Name, about)
values (50, 'Flipstorm',
        'Vivamus tortor. Duis mattis egestas metus. Aenean fermentum. Donec ut mauris eget massa tempor convallis.');


-- job


insert into job (JobID, CompanyID, Title, Description, Salary, LocationTownCity, LocationState, ApplicationDeadline) values (1, '1', 'Assistant Manager', 'Morbi vestibulum, velit id pretium iaculis, diam erat fermentum justo, nec condimentum neque sapien placerat ante. Nulla justo. Aliquam quis turpis eget elit sodales scelerisque. Mauris sit amet eros.', 498007, 'Uglovoye', null, '2024-04-10');
insert into job (JobID, CompanyID, Title, Description, Salary, LocationTownCity, LocationState, ApplicationDeadline) values (2, '20', 'VP Quality Control', 'In blandit ultrices enim. Lorem ipsum dolor sit amet, consectetuer adipiscing elit.', 367738, 'Sasnovy Bor', null, '2023-03-26');
insert into job (JobID, CompanyID, Title, Description, Salary, LocationTownCity, LocationState, ApplicationDeadline) values (3, '3', 'Research Nurse', 'Vivamus tortor. Duis mattis egestas metus. Aenean fermentum. Donec ut mauris eget massa tempor convallis. Nulla neque libero, convallis eget, eleifend luctus, ultricies eu, nibh. Quisque id justo sit amet sapien dignissim vestibulum. Vestibulum ante ipsum primis in faucibus orci luctus et ultrices posuere cubilia Curae; Nulla dapibus dolor vel est. Donec odio justo, sollicitudin ut, suscipit a, feugiat et, eros.', 419125, 'Dongke', null, '2023-05-11');
insert into job (JobID, CompanyID, Title, Description, Salary, LocationTownCity, LocationState, ApplicationDeadline) values (4, '40', 'Senior Sales Associate', 'Cum sociis natoque penatibus et magnis dis parturient montes, nascetur ridiculus mus. Etiam vel augue. Vestibulum rutrum rutrum neque. Aenean auctor gravida sem. Praesent id massa id nisl venenatis lacinia.', 174990, 'Papágou', null, '2023-04-20');
insert into job (JobID, CompanyID, Title, Description, Salary, LocationTownCity, LocationState, ApplicationDeadline) values (5, '36', 'Librarian', 'Duis ac nibh. Fusce lacus purus, aliquet at, feugiat non, pretium quis, lectus. Suspendisse potenti. In eleifend quam a odio. In hac habitasse platea dictumst. Maecenas ut massa quis augue luctus tincidunt. Nulla mollis molestie lorem. Quisque ut erat. Curabitur gravida nisi at nibh. In hac habitasse platea dictumst.', 321120, 'Kobylin', null, '2024-04-17');
insert into job (JobID, CompanyID, Title, Description, Salary, LocationTownCity, LocationState, ApplicationDeadline) values (6, '2', 'Database Administrator IV', 'Morbi sem mauris, laoreet ut, rhoncus aliquet, pulvinar sed, nisl. Nunc rhoncus dui vel sem. Sed sagittis. Nam congue, risus semper porta volutpat, quam pede lobortis ligula, sit amet eleifend pede libero quis orci.', 176933, 'Funchal', 'Ilha da Madeira', '2023-07-23');
insert into job (JobID, CompanyID, Title, Description, Salary, LocationTownCity, LocationState, ApplicationDeadline) values (7, '39', 'Engineer II', 'Vestibulum ante ipsum primis in faucibus orci luctus et ultrices posuere cubilia Curae; Duis faucibus accumsan odio. Curabitur convallis. Duis consequat dui nec nisi volutpat eleifend. Donec ut dolor. Morbi vel lectus in quam fringilla rhoncus. Mauris enim leo, rhoncus sed, vestibulum sit amet, cursus id, turpis. Integer aliquet, massa id lobortis convallis, tortor risus dapibus augue, vel accumsan tellus nisi eu orci. Mauris lacinia sapien quis libero. Nullam sit amet turpis elementum ligula vehicula consequat.', 24087, 'Jongīyeh', null, '2023-10-13');
insert into job (JobID, CompanyID, Title, Description, Salary, LocationTownCity, LocationState, ApplicationDeadline) values (8, '29', 'Research Nurse', 'Aliquam non mauris. Morbi non lectus.', 56542, 'Paphos', null, '2023-06-20');
insert into job (JobID, CompanyID, Title, Description, Salary, LocationTownCity, LocationState, ApplicationDeadline) values (9, '32', 'Quality Engineer', 'Maecenas pulvinar lobortis est. Phasellus sit amet erat. Nulla tempus. Vivamus in felis eu sapien cursus vestibulum. Proin eu mi.', 293508, 'Dieppe', 'New Brunswick', '2024-08-28');
insert into job (JobID, CompanyID, Title, Description, Salary, LocationTownCity, LocationState, ApplicationDeadline) values (10, '5', 'Paralegal', 'Suspendisse ornare consequat lectus. In est risus, auctor sed, tristique in, tempus sit amet, sem. Fusce consequat. Nulla nisl. Nunc nisl. Duis bibendum, felis sed interdum venenatis, turpis enim blandit mi, in porttitor pede justo eu massa. Donec dapibus. Duis at velit eu est congue elementum. In hac habitasse platea dictumst.', 137937, 'Kotawaikabubak', null, '2023-01-08');
insert into job (JobID, CompanyID, Title, Description, Salary, LocationTownCity, LocationState, ApplicationDeadline) values (11, '43', 'Geologist I', 'Nullam porttitor lacus at turpis. Donec posuere metus vitae ipsum. Aliquam non mauris. Morbi non lectus. Aliquam sit amet diam in magna bibendum imperdiet. Nullam orci pede, venenatis non, sodales sed, tincidunt eu, felis. Fusce posuere felis sed lacus. Morbi sem mauris, laoreet ut, rhoncus aliquet, pulvinar sed, nisl. Nunc rhoncus dui vel sem.', 314632, 'Qiancheng', null, '2024-05-13');
insert into job (JobID, CompanyID, Title, Description, Salary, LocationTownCity, LocationState, ApplicationDeadline) values (12, '28', 'Software Test Engineer III', 'Suspendisse potenti. In eleifend quam a odio. In hac habitasse platea dictumst. Maecenas ut massa quis augue luctus tincidunt. Nulla mollis molestie lorem. Quisque ut erat. Curabitur gravida nisi at nibh. In hac habitasse platea dictumst. Aliquam augue quam, sollicitudin vitae, consectetuer eget, rutrum at, lorem. Integer tincidunt ante vel ipsum.', 471470, 'Meicheng', null, '2023-06-09');
insert into job (JobID, CompanyID, Title, Description, Salary, LocationTownCity, LocationState, ApplicationDeadline) values (13, '37', 'Programmer I', 'Aliquam augue quam, sollicitudin vitae, consectetuer eget, rutrum at, lorem. Integer tincidunt ante vel ipsum. Praesent blandit lacinia erat. Vestibulum sed magna at nunc commodo placerat. Praesent blandit. Nam nulla. Integer pede justo, lacinia eget, tincidunt eget, tempus vel, pede. Morbi porttitor lorem id ligula.', 62334, 'Phủ Thông', null, '2024-07-12');
insert into job (JobID, CompanyID, Title, Description, Salary, LocationTownCity, LocationState, ApplicationDeadline) values (14, '50', 'Mechanical Systems Engineer', 'Integer ac neque. Duis bibendum. Morbi non quam nec dui luctus rutrum. Nulla tellus. In sagittis dui vel nisl. Duis ac nibh.', 42397, 'Aldana', null, '2024-11-13');
insert into job (JobID, CompanyID, Title, Description, Salary, LocationTownCity, LocationState, ApplicationDeadline) values (15, '12', 'Civil Engineer', 'Proin risus. Praesent lectus. Vestibulum quam sapien, varius ut, blandit non, interdum in, ante. Vestibulum ante ipsum primis in faucibus orci luctus et ultrices posuere cubilia Curae; Duis faucibus accumsan odio. Curabitur convallis. Duis consequat dui nec nisi volutpat eleifend. Donec ut dolor. Morbi vel lectus in quam fringilla rhoncus. Mauris enim leo, rhoncus sed, vestibulum sit amet, cursus id, turpis. Integer aliquet, massa id lobortis convallis, tortor risus dapibus augue, vel accumsan tellus nisi eu orci.', 443217, 'Pingdi', null, '2023-05-12');
insert into job (JobID, CompanyID, Title, Description, Salary, LocationTownCity, LocationState, ApplicationDeadline) values (16, '41', 'Physical Therapy Assistant', 'Nunc rhoncus dui vel sem. Sed sagittis. Nam congue, risus semper porta volutpat, quam pede lobortis ligula, sit amet eleifend pede libero quis orci. Nullam molestie nibh in lectus.', 421876, 'Zavoronezhskoye', null, '2023-12-10');
insert into job (JobID, CompanyID, Title, Description, Salary, LocationTownCity, LocationState, ApplicationDeadline) values (17, '14', 'Food Chemist', 'Aenean lectus. Pellentesque eget nunc. Donec quis orci eget orci vehicula condimentum. Curabitur in libero ut massa volutpat convallis. Morbi odio odio, elementum eu, interdum eu, tincidunt in, leo. Maecenas pulvinar lobortis est.', 27791, 'Bunisari', null, '2024-03-23');
insert into job (JobID, CompanyID, Title, Description, Salary, LocationTownCity, LocationState, ApplicationDeadline) values (18, '24', 'Nuclear Power Engineer', 'Phasellus in felis. Donec semper sapien a libero. Nam dui. Proin leo odio, porttitor id, consequat in, consequat ut, nulla. Sed accumsan felis.', 328096, 'Villa María', null, '2023-08-20');
insert into job (JobID, CompanyID, Title, Description, Salary, LocationTownCity, LocationState, ApplicationDeadline) values (19, '47', 'Food Chemist', 'Morbi a ipsum. Integer a nibh. In quis justo. Maecenas rhoncus aliquam lacus. Morbi quis tortor id nulla ultrices aliquet. Maecenas leo odio, condimentum id, luctus nec, molestie sed, justo. Pellentesque viverra pede ac diam. Cras pellentesque volutpat dui. Maecenas tristique, est et tempus semper, est quam pharetra magna, ac consequat metus sapien ut nunc. Vestibulum ante ipsum primis in faucibus orci luctus et ultrices posuere cubilia Curae; Mauris viverra diam vitae quam.', 197535, 'Cobh', null, '2023-07-15');
insert into job (JobID, CompanyID, Title, Description, Salary, LocationTownCity, LocationState, ApplicationDeadline) values (20, '9', 'Software Engineer I', 'Duis bibendum, felis sed interdum venenatis, turpis enim blandit mi, in porttitor pede justo eu massa. Donec dapibus. Duis at velit eu est congue elementum. In hac habitasse platea dictumst. Morbi vestibulum, velit id pretium iaculis, diam erat fermentum justo, nec condimentum neque sapien placerat ante. Nulla justo. Aliquam quis turpis eget elit sodales scelerisque. Mauris sit amet eros.', 116034, 'Ndélé', null, '2023-05-22');
insert into job (JobID, CompanyID, Title, Description, Salary, LocationTownCity, LocationState, ApplicationDeadline) values (21, '7', 'Budget/Accounting Analyst IV', 'Nulla neque libero, convallis eget, eleifend luctus, ultricies eu, nibh. Quisque id justo sit amet sapien dignissim vestibulum. Vestibulum ante ipsum primis in faucibus orci luctus et ultrices posuere cubilia Curae; Nulla dapibus dolor vel est. Donec odio justo, sollicitudin ut, suscipit a, feugiat et, eros.', 224326, 'Lucma', null, '2024-06-04');
insert into job (JobID, CompanyID, Title, Description, Salary, LocationTownCity, LocationState, ApplicationDeadline) values (22, '42', 'Registered Nurse', 'Lorem ipsum dolor sit amet, consectetuer adipiscing elit.', 299168, 'Lazurne', null, '2024-05-22');
insert into job (JobID, CompanyID, Title, Description, Salary, LocationTownCity, LocationState, ApplicationDeadline) values (23, '21', 'Geologist III', 'Quisque porta volutpat erat. Quisque erat eros, viverra eget, congue eget, semper rutrum, nulla. Nunc purus. Phasellus in felis. Donec semper sapien a libero. Nam dui. Proin leo odio, porttitor id, consequat in, consequat ut, nulla. Sed accumsan felis. Ut at dolor quis odio consequat varius.', 285771, 'Itapé', null, '2024-03-13');
insert into job (JobID, CompanyID, Title, Description, Salary, LocationTownCity, LocationState, ApplicationDeadline) values (24, '8', 'General Manager', 'In hac habitasse platea dictumst. Etiam faucibus cursus urna.', 192500, 'Kungsbacka', 'Halland', '2023-05-03');
insert into job (JobID, CompanyID, Title, Description, Salary, LocationTownCity, LocationState, ApplicationDeadline) values (25, '33', 'Analog Circuit Design manager', 'Morbi a ipsum.', 78601, 'Vinkkilä', null, '2024-06-18');
insert into job (JobID, CompanyID, Title, Description, Salary, LocationTownCity, LocationState, ApplicationDeadline) values (26, '17', 'Safety Technician III', 'Mauris enim leo, rhoncus sed, vestibulum sit amet, cursus id, turpis. Integer aliquet, massa id lobortis convallis, tortor risus dapibus augue, vel accumsan tellus nisi eu orci. Mauris lacinia sapien quis libero. Nullam sit amet turpis elementum ligula vehicula consequat. Morbi a ipsum. Integer a nibh. In quis justo.', 439202, 'Horodok', null, '2023-10-13');
insert into job (JobID, CompanyID, Title, Description, Salary, LocationTownCity, LocationState, ApplicationDeadline) values (27, '45', 'Actuary', 'Etiam justo. Etiam pretium iaculis justo. In hac habitasse platea dictumst. Etiam faucibus cursus urna. Ut tellus.', 440596, 'Heping', null, '2024-09-03');
insert into job (JobID, CompanyID, Title, Description, Salary, LocationTownCity, LocationState, ApplicationDeadline) values (28, '19', 'Chief Design Engineer', 'Morbi quis tortor id nulla ultrices aliquet. Maecenas leo odio, condimentum id, luctus nec, molestie sed, justo. Pellentesque viverra pede ac diam.', 106000, 'Tuscaloosa', 'Alabama', '2024-02-03');
insert into job (JobID, CompanyID, Title, Description, Salary, LocationTownCity, LocationState, ApplicationDeadline) values (29, '23', 'Software Consultant', 'Proin leo odio, porttitor id, consequat in, consequat ut, nulla. Sed accumsan felis. Ut at dolor quis odio consequat varius. Integer ac leo. Pellentesque ultrices mattis odio. Donec vitae nisi. Nam ultrices, libero non mattis pulvinar, nulla pede ullamcorper augue, a suscipit nulla elit ac nulla. Sed vel enim sit amet nunc viverra dapibus. Nulla suscipit ligula in lacus. Curabitur at ipsum ac tellus semper interdum.', 310029, 'Orzu', null, '2024-10-25');
insert into job (JobID, CompanyID, Title, Description, Salary, LocationTownCity, LocationState, ApplicationDeadline) values (30, '27', 'Clinical Specialist', 'Aenean lectus. Pellentesque eget nunc. Donec quis orci eget orci vehicula condimentum. Curabitur in libero ut massa volutpat convallis. Morbi odio odio, elementum eu, interdum eu, tincidunt in, leo. Maecenas pulvinar lobortis est. Phasellus sit amet erat. Nulla tempus. Vivamus in felis eu sapien cursus vestibulum. Proin eu mi.', 381401, 'Nikopol', null, '2024-04-13');
insert into job (JobID, CompanyID, Title, Description, Salary, LocationTownCity, LocationState, ApplicationDeadline) values (31, '6', 'Occupational Therapist', 'Duis bibendum. Morbi non quam nec dui luctus rutrum. Nulla tellus. In sagittis dui vel nisl.', 414001, 'Albanel', 'Québec', '2023-08-08');
insert into job (JobID, CompanyID, Title, Description, Salary, LocationTownCity, LocationState, ApplicationDeadline) values (32, '22', 'Occupational Therapist', 'Nullam varius. Nulla facilisi. Cras non velit nec nisi vulputate nonummy. Maecenas tincidunt lacus at velit. Vivamus vel nulla eget eros elementum pellentesque. Quisque porta volutpat erat. Quisque erat eros, viverra eget, congue eget, semper rutrum, nulla. Nunc purus. Phasellus in felis. Donec semper sapien a libero.', 245200, 'Beringinjaya', null, '2024-08-08');
insert into job (JobID, CompanyID, Title, Description, Salary, LocationTownCity, LocationState, ApplicationDeadline) values (33, '26', 'General Manager', 'Morbi ut odio. Cras mi pede, malesuada in, imperdiet et, commodo vulputate, justo. In blandit ultrices enim. Lorem ipsum dolor sit amet, consectetuer adipiscing elit. Proin interdum mauris non ligula pellentesque ultrices. Phasellus id sapien in sapien iaculis congue. Vivamus metus arcu, adipiscing molestie, hendrerit at, vulputate vitae, nisl. Aenean lectus.', 210958, 'Banjar Susut Kaja', null, '2024-12-01');
insert into job (JobID, CompanyID, Title, Description, Salary, LocationTownCity, LocationState, ApplicationDeadline) values (34, '18', 'Editor', 'Duis bibendum, felis sed interdum venenatis, turpis enim blandit mi, in porttitor pede justo eu massa. Donec dapibus. Duis at velit eu est congue elementum. In hac habitasse platea dictumst. Morbi vestibulum, velit id pretium iaculis, diam erat fermentum justo, nec condimentum neque sapien placerat ante. Nulla justo. Aliquam quis turpis eget elit sodales scelerisque. Mauris sit amet eros. Suspendisse accumsan tortor quis turpis. Sed ante.', 241205, 'Qingdao', null, '2024-12-02');
insert into job (JobID, CompanyID, Title, Description, Salary, LocationTownCity, LocationState, ApplicationDeadline) values (35, '13', 'Media Manager IV', 'Aliquam non mauris. Morbi non lectus. Aliquam sit amet diam in magna bibendum imperdiet. Nullam orci pede, venenatis non, sodales sed, tincidunt eu, felis. Fusce posuere felis sed lacus. Morbi sem mauris, laoreet ut, rhoncus aliquet, pulvinar sed, nisl. Nunc rhoncus dui vel sem. Sed sagittis. Nam congue, risus semper porta volutpat, quam pede lobortis ligula, sit amet eleifend pede libero quis orci. Nullam molestie nibh in lectus.', 228015, 'Omaha', 'Nebraska', '2024-05-18');
insert into job (JobID, CompanyID, Title, Description, Salary, LocationTownCity, LocationState, ApplicationDeadline) values (36, '31', 'Cost Accountant', 'Nam nulla. Integer pede justo, lacinia eget, tincidunt eget, tempus vel, pede. Morbi porttitor lorem id ligula. Suspendisse ornare consequat lectus.', 307543, 'Xiangquan', null, '2024-05-21');
insert into job (JobID, CompanyID, Title, Description, Salary, LocationTownCity, LocationState, ApplicationDeadline) values (37, '44', 'Senior Financial Analyst', 'Morbi non lectus. Aliquam sit amet diam in magna bibendum imperdiet. Nullam orci pede, venenatis non, sodales sed, tincidunt eu, felis. Fusce posuere felis sed lacus. Morbi sem mauris, laoreet ut, rhoncus aliquet, pulvinar sed, nisl. Nunc rhoncus dui vel sem. Sed sagittis. Nam congue, risus semper porta volutpat, quam pede lobortis ligula, sit amet eleifend pede libero quis orci. Nullam molestie nibh in lectus.', 144800, 'Hồ Xá', null, '2023-03-28');
insert into job (JobID, CompanyID, Title, Description, Salary, LocationTownCity, LocationState, ApplicationDeadline) values (38, '48', 'Physical Therapy Assistant', 'Quisque erat eros, viverra eget, congue eget, semper rutrum, nulla. Nunc purus.', 483387, 'Tabūk', null, '2024-08-22');
insert into job (JobID, CompanyID, Title, Description, Salary, LocationTownCity, LocationState, ApplicationDeadline) values (39, '38', 'Librarian', 'Proin interdum mauris non ligula pellentesque ultrices. Phasellus id sapien in sapien iaculis congue. Vivamus metus arcu, adipiscing molestie, hendrerit at, vulputate vitae, nisl. Aenean lectus. Pellentesque eget nunc. Donec quis orci eget orci vehicula condimentum. Curabitur in libero ut massa volutpat convallis.', 101934, 'Klapagading', null, '2023-08-06');
insert into job (JobID, CompanyID, Title, Description, Salary, LocationTownCity, LocationState, ApplicationDeadline) values (40, '30', 'Nurse', 'Nam congue, risus semper porta volutpat, quam pede lobortis ligula, sit amet eleifend pede libero quis orci. Nullam molestie nibh in lectus. Pellentesque at nulla. Suspendisse potenti. Cras in purus eu magna vulputate luctus. Cum sociis natoque penatibus et magnis dis parturient montes, nascetur ridiculus mus. Vivamus vestibulum sagittis sapien. Cum sociis natoque penatibus et magnis dis parturient montes, nascetur ridiculus mus. Etiam vel augue.', 496568, 'Zhenzhushan', null, '2023-10-25');
insert into job (JobID, CompanyID, Title, Description, Salary, LocationTownCity, LocationState, ApplicationDeadline) values (41, '46', 'Account Executive', 'Mauris enim leo, rhoncus sed, vestibulum sit amet, cursus id, turpis. Integer aliquet, massa id lobortis convallis, tortor risus dapibus augue, vel accumsan tellus nisi eu orci. Mauris lacinia sapien quis libero. Nullam sit amet turpis elementum ligula vehicula consequat. Morbi a ipsum. Integer a nibh. In quis justo. Maecenas rhoncus aliquam lacus.', 464770, 'Sungailiat', null, '2024-07-02');
insert into job (JobID, CompanyID, Title, Description, Salary, LocationTownCity, LocationState, ApplicationDeadline) values (42, '16', 'Legal Assistant', 'Donec ut mauris eget massa tempor convallis. Nulla neque libero, convallis eget, eleifend luctus, ultricies eu, nibh. Quisque id justo sit amet sapien dignissim vestibulum. Vestibulum ante ipsum primis in faucibus orci luctus et ultrices posuere cubilia Curae; Nulla dapibus dolor vel est. Donec odio justo, sollicitudin ut, suscipit a, feugiat et, eros. Vestibulum ac est lacinia nisi venenatis tristique. Fusce congue, diam id ornare imperdiet, sapien urna pretium nisl, ut volutpat sapien arcu sed augue. Aliquam erat volutpat. In congue. Etiam justo.', 211227, 'Germiston', null, '2023-07-22');
insert into job (JobID, CompanyID, Title, Description, Salary, LocationTownCity, LocationState, ApplicationDeadline) values (43, '10', 'Technical Writer', 'Nulla ut erat id mauris vulputate elementum.', 222120, 'Shahrak', null, '2024-09-21');
insert into job (JobID, CompanyID, Title, Description, Salary, LocationTownCity, LocationState, ApplicationDeadline) values (44, '49', 'Community Outreach Specialist', 'Curabitur in libero ut massa volutpat convallis. Morbi odio odio, elementum eu, interdum eu, tincidunt in, leo. Maecenas pulvinar lobortis est. Phasellus sit amet erat. Nulla tempus. Vivamus in felis eu sapien cursus vestibulum. Proin eu mi. Nulla ac enim.', 83551, 'Lok', null, '2024-11-05');
insert into job (JobID, CompanyID, Title, Description, Salary, LocationTownCity, LocationState, ApplicationDeadline) values (45, '15', 'Developer II', 'Morbi non lectus. Aliquam sit amet diam in magna bibendum imperdiet. Nullam orci pede, venenatis non, sodales sed, tincidunt eu, felis.', 282239, 'Stockholm', 'Stockholm', '2023-04-11');
insert into job (JobID, CompanyID, Title, Description, Salary, LocationTownCity, LocationState, ApplicationDeadline) values (46, '25', 'Recruiting Manager', 'Etiam faucibus cursus urna. Ut tellus. Nulla ut erat id mauris vulputate elementum. Nullam varius. Nulla facilisi. Cras non velit nec nisi vulputate nonummy. Maecenas tincidunt lacus at velit. Vivamus vel nulla eget eros elementum pellentesque. Quisque porta volutpat erat. Quisque erat eros, viverra eget, congue eget, semper rutrum, nulla.', 203681, 'Dengfang', null, '2024-09-27');
insert into job (JobID, CompanyID, Title, Description, Salary, LocationTownCity, LocationState, ApplicationDeadline) values (47, '35', 'Assistant Professor', 'Ut tellus. Nulla ut erat id mauris vulputate elementum. Nullam varius.', 132274, 'Thymianá', null, '2024-09-21');
insert into job (JobID, CompanyID, Title, Description, Salary, LocationTownCity, LocationState, ApplicationDeadline) values (48, '4', 'Software Test Engineer III', 'Mauris lacinia sapien quis libero. Nullam sit amet turpis elementum ligula vehicula consequat. Morbi a ipsum. Integer a nibh. In quis justo.', 82608, 'Nansheng', null, '2023-11-01');
insert into job (JobID, CompanyID, Title, Description, Salary, LocationTownCity, LocationState, ApplicationDeadline) values (49, '34', 'Teacher', 'Morbi odio odio, elementum eu, interdum eu, tincidunt in, leo. Maecenas pulvinar lobortis est. Phasellus sit amet erat.', 195192, 'Tampa', 'Florida', '2023-03-11');
insert into job (JobID, CompanyID, Title, Description, Salary, LocationTownCity, LocationState, ApplicationDeadline) values (50, '11', 'Quality Control Specialist', 'Suspendisse potenti. In eleifend quam a odio. In hac habitasse platea dictumst.', 438676, 'Zhiryatino', null, '2023-05-10');



-- benefits


insert into benefits (BenefitID, JobID, BenefitDescription)
values (1, '48',
        'Morbi non lectus. Aliquam sit amet diam in magna bibendum imperdiet. Nullam orci pede, venenatis non, sodales sed, tincidunt eu, felis. Fusce posuere felis sed lacus. Morbi sem mauris, laoreet ut, rhoncus aliquet, pulvinar sed, nisl. Nunc rhoncus dui vel sem. Sed sagittis. Nam congue, risus semper porta volutpat, quam pede lobortis ligula, sit amet eleifend pede libero quis orci.');
insert into benefits (BenefitID, JobID, BenefitDescription)
values (2, '49', 'Mauris sit amet eros. Suspendisse accumsan tortor quis turpis.');
insert into benefits (BenefitID, JobID, BenefitDescription)
values (3, '7',
        'Vivamus metus arcu, adipiscing molestie, hendrerit at, vulputate vitae, nisl. Aenean lectus. Pellentesque eget nunc.');
insert into benefits (BenefitID, JobID, BenefitDescription)
values (4, '8',
        'In blandit ultrices enim. Lorem ipsum dolor sit amet, consectetuer adipiscing elit. Proin interdum mauris non ligula pellentesque ultrices. Phasellus id sapien in sapien iaculis congue. Vivamus metus arcu, adipiscing molestie, hendrerit at, vulputate vitae, nisl. Aenean lectus.');
insert into benefits (BenefitID, JobID, BenefitDescription)
values (5, '5',
        'Cum sociis natoque penatibus et magnis dis parturient montes, nascetur ridiculus mus. Vivamus vestibulum sagittis sapien. Cum sociis natoque penatibus et magnis dis parturient montes, nascetur ridiculus mus. Etiam vel augue. Vestibulum rutrum rutrum neque. Aenean auctor gravida sem. Praesent id massa id nisl venenatis lacinia. Aenean sit amet justo. Morbi ut odio.');
insert into benefits (BenefitID, JobID, BenefitDescription)
values (6, '17',
        'Pellentesque ultrices mattis odio. Donec vitae nisi. Nam ultrices, libero non mattis pulvinar, nulla pede ullamcorper augue, a suscipit nulla elit ac nulla. Sed vel enim sit amet nunc viverra dapibus.');
insert into benefits (BenefitID, JobID, BenefitDescription)
values (7, '13',
        'Suspendisse potenti. Nullam porttitor lacus at turpis. Donec posuere metus vitae ipsum. Aliquam non mauris. Morbi non lectus. Aliquam sit amet diam in magna bibendum imperdiet. Nullam orci pede, venenatis non, sodales sed, tincidunt eu, felis. Fusce posuere felis sed lacus. Morbi sem mauris, laoreet ut, rhoncus aliquet, pulvinar sed, nisl. Nunc rhoncus dui vel sem.');
insert into benefits (BenefitID, JobID, BenefitDescription)
values (8, '25',
        'Morbi vestibulum, velit id pretium iaculis, diam erat fermentum justo, nec condimentum neque sapien placerat ante. Nulla justo. Aliquam quis turpis eget elit sodales scelerisque.');
insert into benefits (BenefitID, JobID, BenefitDescription)
values (9, '34',
        'Morbi ut odio. Cras mi pede, malesuada in, imperdiet et, commodo vulputate, justo. In blandit ultrices enim. Lorem ipsum dolor sit amet, consectetuer adipiscing elit. Proin interdum mauris non ligula pellentesque ultrices.');
insert into benefits (BenefitID, JobID, BenefitDescription)
values (10, '14',
        'Duis consequat dui nec nisi volutpat eleifend. Donec ut dolor. Morbi vel lectus in quam fringilla rhoncus. Mauris enim leo, rhoncus sed, vestibulum sit amet, cursus id, turpis. Integer aliquet, massa id lobortis convallis, tortor risus dapibus augue, vel accumsan tellus nisi eu orci. Mauris lacinia sapien quis libero.');
insert into benefits (BenefitID, JobID, BenefitDescription)
values (11, '22',
        'Nam dui. Proin leo odio, porttitor id, consequat in, consequat ut, nulla. Sed accumsan felis. Ut at dolor quis odio consequat varius. Integer ac leo. Pellentesque ultrices mattis odio. Donec vitae nisi.');
insert into benefits (BenefitID, JobID, BenefitDescription)
values (12, '6',
        'In congue. Etiam justo. Etiam pretium iaculis justo. In hac habitasse platea dictumst. Etiam faucibus cursus urna. Ut tellus.');
insert into benefits (BenefitID, JobID, BenefitDescription)
values (13, '16',
        'Etiam faucibus cursus urna. Ut tellus. Nulla ut erat id mauris vulputate elementum. Nullam varius. Nulla facilisi. Cras non velit nec nisi vulputate nonummy.');
insert into benefits (BenefitID, JobID, BenefitDescription)
values (14, '26',
        'Vivamus in felis eu sapien cursus vestibulum. Proin eu mi. Nulla ac enim. In tempor, turpis nec euismod scelerisque, quam turpis adipiscing lorem, vitae mattis nibh ligula nec sem. Duis aliquam convallis nunc. Proin at turpis a pede posuere nonummy. Integer non velit. Donec diam neque, vestibulum eget, vulputate ut, ultrices vel, augue. Vestibulum ante ipsum primis in faucibus orci luctus et ultrices posuere cubilia Curae; Donec pharetra, magna vestibulum aliquet ultrices, erat tortor sollicitudin mi, sit amet lobortis sapien sapien non mi.');
insert into benefits (BenefitID, JobID, BenefitDescription)
values (15, '24', 'In eleifend quam a odio.');
insert into benefits (BenefitID, JobID, BenefitDescription)
values (16, '23',
        'Aliquam erat volutpat. In congue. Etiam justo. Etiam pretium iaculis justo. In hac habitasse platea dictumst. Etiam faucibus cursus urna. Ut tellus. Nulla ut erat id mauris vulputate elementum. Nullam varius.');
insert into benefits (BenefitID, JobID, BenefitDescription)
values (17, '50',
        'Maecenas ut massa quis augue luctus tincidunt. Nulla mollis molestie lorem. Quisque ut erat. Curabitur gravida nisi at nibh.');
insert into benefits (BenefitID, JobID, BenefitDescription)
values (18, '3',
        'Lorem ipsum dolor sit amet, consectetuer adipiscing elit. Proin risus. Praesent lectus. Vestibulum quam sapien, varius ut, blandit non, interdum in, ante. Vestibulum ante ipsum primis in faucibus orci luctus et ultrices posuere cubilia Curae; Duis faucibus accumsan odio. Curabitur convallis. Duis consequat dui nec nisi volutpat eleifend. Donec ut dolor.');
insert into benefits (BenefitID, JobID, BenefitDescription)
values (19, '42',
        'Ut at dolor quis odio consequat varius. Integer ac leo. Pellentesque ultrices mattis odio. Donec vitae nisi. Nam ultrices, libero non mattis pulvinar, nulla pede ullamcorper augue, a suscipit nulla elit ac nulla. Sed vel enim sit amet nunc viverra dapibus.');
insert into benefits (BenefitID, JobID, BenefitDescription)
values (20, '27',
        'Maecenas ut massa quis augue luctus tincidunt. Nulla mollis molestie lorem. Quisque ut erat. Curabitur gravida nisi at nibh. In hac habitasse platea dictumst. Aliquam augue quam, sollicitudin vitae, consectetuer eget, rutrum at, lorem. Integer tincidunt ante vel ipsum.');
insert into benefits (BenefitID, JobID, BenefitDescription)
values (21, '10',
        'Pellentesque eget nunc. Donec quis orci eget orci vehicula condimentum. Curabitur in libero ut massa volutpat convallis. Morbi odio odio, elementum eu, interdum eu, tincidunt in, leo. Maecenas pulvinar lobortis est. Phasellus sit amet erat. Nulla tempus.');
insert into benefits (BenefitID, JobID, BenefitDescription)
values (22, '38',
        'Proin interdum mauris non ligula pellentesque ultrices. Phasellus id sapien in sapien iaculis congue.');
insert into benefits (BenefitID, JobID, BenefitDescription)
values (23, '11',
        'Donec posuere metus vitae ipsum. Aliquam non mauris. Morbi non lectus. Aliquam sit amet diam in magna bibendum imperdiet. Nullam orci pede, venenatis non, sodales sed, tincidunt eu, felis. Fusce posuere felis sed lacus. Morbi sem mauris, laoreet ut, rhoncus aliquet, pulvinar sed, nisl. Nunc rhoncus dui vel sem. Sed sagittis. Nam congue, risus semper porta volutpat, quam pede lobortis ligula, sit amet eleifend pede libero quis orci.');
insert into benefits (BenefitID, JobID, BenefitDescription)
values (24, '29', 'Morbi non quam nec dui luctus rutrum.');
insert into benefits (BenefitID, JobID, BenefitDescription)
values (25, '40', 'Aenean sit amet justo. Morbi ut odio.');
insert into benefits (BenefitID, JobID, BenefitDescription)
values (26, '47', 'Donec odio justo, sollicitudin ut, suscipit a, feugiat et, eros.');
insert into benefits (BenefitID, JobID, BenefitDescription)
values (27, '33',
        'Cras mi pede, malesuada in, imperdiet et, commodo vulputate, justo. In blandit ultrices enim. Lorem ipsum dolor sit amet, consectetuer adipiscing elit. Proin interdum mauris non ligula pellentesque ultrices. Phasellus id sapien in sapien iaculis congue. Vivamus metus arcu, adipiscing molestie, hendrerit at, vulputate vitae, nisl. Aenean lectus.');
insert into benefits (BenefitID, JobID, BenefitDescription)
values (28, '30',
        'Morbi vel lectus in quam fringilla rhoncus. Mauris enim leo, rhoncus sed, vestibulum sit amet, cursus id, turpis. Integer aliquet, massa id lobortis convallis, tortor risus dapibus augue, vel accumsan tellus nisi eu orci. Mauris lacinia sapien quis libero. Nullam sit amet turpis elementum ligula vehicula consequat. Morbi a ipsum. Integer a nibh. In quis justo. Maecenas rhoncus aliquam lacus.');
insert into benefits (BenefitID, JobID, BenefitDescription)
values (29, '41', 'Nunc rhoncus dui vel sem. Sed sagittis.');
insert into benefits (BenefitID, JobID, BenefitDescription)
values (30, '46',
        'Morbi odio odio, elementum eu, interdum eu, tincidunt in, leo. Maecenas pulvinar lobortis est. Phasellus sit amet erat. Nulla tempus. Vivamus in felis eu sapien cursus vestibulum. Proin eu mi. Nulla ac enim. In tempor, turpis nec euismod scelerisque, quam turpis adipiscing lorem, vitae mattis nibh ligula nec sem.');
insert into benefits (BenefitID, JobID, BenefitDescription)
values (31, '12', 'Integer ac neque. Duis bibendum.');
insert into benefits (BenefitID, JobID, BenefitDescription)
values (32, '31', 'Nulla neque libero, convallis eget, eleifend luctus, ultricies eu, nibh.');
insert into benefits (BenefitID, JobID, BenefitDescription)
values (33, '2',
        'In hac habitasse platea dictumst. Maecenas ut massa quis augue luctus tincidunt. Nulla mollis molestie lorem. Quisque ut erat. Curabitur gravida nisi at nibh. In hac habitasse platea dictumst.');
insert into benefits (BenefitID, JobID, BenefitDescription)
values (34, '45',
        'Nulla tellus. In sagittis dui vel nisl. Duis ac nibh. Fusce lacus purus, aliquet at, feugiat non, pretium quis, lectus.');
insert into benefits (BenefitID, JobID, BenefitDescription)
values (35, '28',
        'Nunc purus. Phasellus in felis. Donec semper sapien a libero. Nam dui. Proin leo odio, porttitor id, consequat in, consequat ut, nulla. Sed accumsan felis. Ut at dolor quis odio consequat varius.');
insert into benefits (BenefitID, JobID, BenefitDescription)
values (36, '18',
        'Fusce lacus purus, aliquet at, feugiat non, pretium quis, lectus. Suspendisse potenti. In eleifend quam a odio. In hac habitasse platea dictumst. Maecenas ut massa quis augue luctus tincidunt. Nulla mollis molestie lorem. Quisque ut erat. Curabitur gravida nisi at nibh. In hac habitasse platea dictumst.');
insert into benefits (BenefitID, JobID, BenefitDescription)
values (37, '36',
        'In hac habitasse platea dictumst. Morbi vestibulum, velit id pretium iaculis, diam erat fermentum justo, nec condimentum neque sapien placerat ante. Nulla justo. Aliquam quis turpis eget elit sodales scelerisque. Mauris sit amet eros. Suspendisse accumsan tortor quis turpis. Sed ante. Vivamus tortor.');
insert into benefits (BenefitID, JobID, BenefitDescription)
values (38, '44',
        'In blandit ultrices enim. Lorem ipsum dolor sit amet, consectetuer adipiscing elit. Proin interdum mauris non ligula pellentesque ultrices. Phasellus id sapien in sapien iaculis congue. Vivamus metus arcu, adipiscing molestie, hendrerit at, vulputate vitae, nisl. Aenean lectus. Pellentesque eget nunc. Donec quis orci eget orci vehicula condimentum. Curabitur in libero ut massa volutpat convallis. Morbi odio odio, elementum eu, interdum eu, tincidunt in, leo.');
insert into benefits (BenefitID, JobID, BenefitDescription)
values (39, '39', 'Vivamus in felis eu sapien cursus vestibulum. Proin eu mi. Nulla ac enim.');
insert into benefits (BenefitID, JobID, BenefitDescription)
values (40, '19',
        'Pellentesque eget nunc. Donec quis orci eget orci vehicula condimentum. Curabitur in libero ut massa volutpat convallis. Morbi odio odio, elementum eu, interdum eu, tincidunt in, leo. Maecenas pulvinar lobortis est. Phasellus sit amet erat.');
insert into benefits (BenefitID, JobID, BenefitDescription)
values (41, '43',
        'Lorem ipsum dolor sit amet, consectetuer adipiscing elit. Proin interdum mauris non ligula pellentesque ultrices. Phasellus id sapien in sapien iaculis congue. Vivamus metus arcu, adipiscing molestie, hendrerit at, vulputate vitae, nisl. Aenean lectus. Pellentesque eget nunc. Donec quis orci eget orci vehicula condimentum. Curabitur in libero ut massa volutpat convallis. Morbi odio odio, elementum eu, interdum eu, tincidunt in, leo.');
insert into benefits (BenefitID, JobID, BenefitDescription)
values (42, '37',
        'Nulla mollis molestie lorem. Quisque ut erat. Curabitur gravida nisi at nibh. In hac habitasse platea dictumst. Aliquam augue quam, sollicitudin vitae, consectetuer eget, rutrum at, lorem. Integer tincidunt ante vel ipsum. Praesent blandit lacinia erat.');
insert into benefits (BenefitID, JobID, BenefitDescription)
values (43, '21',
        'Integer aliquet, massa id lobortis convallis, tortor risus dapibus augue, vel accumsan tellus nisi eu orci. Mauris lacinia sapien quis libero. Nullam sit amet turpis elementum ligula vehicula consequat. Morbi a ipsum. Integer a nibh. In quis justo. Maecenas rhoncus aliquam lacus. Morbi quis tortor id nulla ultrices aliquet. Maecenas leo odio, condimentum id, luctus nec, molestie sed, justo. Pellentesque viverra pede ac diam.');
insert into benefits (BenefitID, JobID, BenefitDescription)
values (44, '32',
        'Morbi vel lectus in quam fringilla rhoncus. Mauris enim leo, rhoncus sed, vestibulum sit amet, cursus id, turpis. Integer aliquet, massa id lobortis convallis, tortor risus dapibus augue, vel accumsan tellus nisi eu orci. Mauris lacinia sapien quis libero. Nullam sit amet turpis elementum ligula vehicula consequat. Morbi a ipsum. Integer a nibh. In quis justo.');
insert into benefits (BenefitID, JobID, BenefitDescription)
values (45, '35', 'Donec dapibus. Duis at velit eu est congue elementum.');
insert into benefits (BenefitID, JobID, BenefitDescription)
values (46, '1',
        'Mauris enim leo, rhoncus sed, vestibulum sit amet, cursus id, turpis. Integer aliquet, massa id lobortis convallis, tortor risus dapibus augue, vel accumsan tellus nisi eu orci. Mauris lacinia sapien quis libero. Nullam sit amet turpis elementum ligula vehicula consequat. Morbi a ipsum. Integer a nibh. In quis justo. Maecenas rhoncus aliquam lacus. Morbi quis tortor id nulla ultrices aliquet.');
insert into benefits (BenefitID, JobID, BenefitDescription)
values (47, '20',
        'Quisque ut erat. Curabitur gravida nisi at nibh. In hac habitasse platea dictumst. Aliquam augue quam, sollicitudin vitae, consectetuer eget, rutrum at, lorem. Integer tincidunt ante vel ipsum. Praesent blandit lacinia erat.');
insert into benefits (BenefitID, JobID, BenefitDescription)
values (48, '15',
        'Duis aliquam convallis nunc. Proin at turpis a pede posuere nonummy. Integer non velit. Donec diam neque, vestibulum eget, vulputate ut, ultrices vel, augue. Vestibulum ante ipsum primis in faucibus orci luctus et ultrices posuere cubilia Curae; Donec pharetra, magna vestibulum aliquet ultrices, erat tortor sollicitudin mi, sit amet lobortis sapien sapien non mi. Integer ac neque. Duis bibendum. Morbi non quam nec dui luctus rutrum.');
insert into benefits (BenefitID, JobID, BenefitDescription)
values (49, '9',
        'Pellentesque eget nunc. Donec quis orci eget orci vehicula condimentum. Curabitur in libero ut massa volutpat convallis. Morbi odio odio, elementum eu, interdum eu, tincidunt in, leo. Maecenas pulvinar lobortis est. Phasellus sit amet erat. Nulla tempus. Vivamus in felis eu sapien cursus vestibulum. Proin eu mi. Nulla ac enim.');
insert into benefits (BenefitID, JobID, BenefitDescription)
values (50, '4',
        'Ut tellus. Nulla ut erat id mauris vulputate elementum. Nullam varius. Nulla facilisi. Cras non velit nec nisi vulputate nonummy. Maecenas tincidunt lacus at velit. Vivamus vel nulla eget eros elementum pellentesque. Quisque porta volutpat erat. Quisque erat eros, viverra eget, congue eget, semper rutrum, nulla. Nunc purus.');


-- jobApplication

insert into jobApplication (jobApplicationID, ApplicantID, JobID, ApplicationDate) values (1, '28', '9', '2003-01-12');
insert into jobApplication (jobApplicationID, ApplicantID, JobID, ApplicationDate) values (2, '2', '45', '2011-02-26');
insert into jobApplication (jobApplicationID, ApplicantID, JobID, ApplicationDate) values (3, '50', '18', '2003-07-17');
insert into jobApplication (jobApplicationID, ApplicantID, JobID, ApplicationDate) values (4, '35', '21', '2011-06-06');
insert into jobApplication (jobApplicationID, ApplicantID, JobID, ApplicationDate) values (5, '37', '27', '2008-10-14');
insert into jobApplication (jobApplicationID, ApplicantID, JobID, ApplicationDate) values (6, '32', '32', '2000-07-23');
insert into jobApplication (jobApplicationID, ApplicantID, JobID, ApplicationDate) values (7, '1', '10', '2016-08-07');
insert into jobApplication (jobApplicationID, ApplicantID, JobID, ApplicationDate) values (8, '6', '50', '2022-06-09');
insert into jobApplication (jobApplicationID, ApplicantID, JobID, ApplicationDate) values (9, '22', '17', '2002-09-04');
insert into jobApplication (jobApplicationID, ApplicantID, JobID, ApplicationDate) values (10, '46', '23', '2007-05-27');
insert into jobApplication (jobApplicationID, ApplicantID, JobID, ApplicationDate) values (11, '19', '33', '2001-11-15');
insert into jobApplication (jobApplicationID, ApplicantID, JobID, ApplicationDate) values (12, '7', '16', '2003-11-12');
insert into jobApplication (jobApplicationID, ApplicantID, JobID, ApplicationDate) values (13, '21', '49', '2006-12-20');
insert into jobApplication (jobApplicationID, ApplicantID, JobID, ApplicationDate) values (14, '49', '13', '2017-03-31');
insert into jobApplication (jobApplicationID, ApplicantID, JobID, ApplicationDate) values (15, '16', '42', '2013-12-04');
insert into jobApplication (jobApplicationID, ApplicantID, JobID, ApplicationDate) values (16, '14', '19', '2010-08-07');
insert into jobApplication (jobApplicationID, ApplicantID, JobID, ApplicationDate) values (17, '31', '7', '2020-09-10');
insert into jobApplication (jobApplicationID, ApplicantID, JobID, ApplicationDate) values (18, '29', '20', '2017-03-23');
insert into jobApplication (jobApplicationID, ApplicantID, JobID, ApplicationDate) values (19, '43', '22', '2022-04-27');
insert into jobApplication (jobApplicationID, ApplicantID, JobID, ApplicationDate) values (20, '40', '14', '2022-10-08');
insert into jobApplication (jobApplicationID, ApplicantID, JobID, ApplicationDate) values (21, '9', '25', '2010-06-03');
insert into jobApplication (jobApplicationID, ApplicantID, JobID, ApplicationDate) values (22, '39', '40', '2013-11-29');
insert into jobApplication (jobApplicationID, ApplicantID, JobID, ApplicationDate) values (23, '45', '34', '2018-02-07');
insert into jobApplication (jobApplicationID, ApplicantID, JobID, ApplicationDate) values (24, '25', '38', '2015-12-29');
insert into jobApplication (jobApplicationID, ApplicantID, JobID, ApplicationDate) values (25, '4', '30', '2013-05-27');
insert into jobApplication (jobApplicationID, ApplicantID, JobID, ApplicationDate) values (26, '11', '36', '2007-04-16');
insert into jobApplication (jobApplicationID, ApplicantID, JobID, ApplicationDate) values (27, '48', '26', '2010-09-02');
insert into jobApplication (jobApplicationID, ApplicantID, JobID, ApplicationDate) values (28, '12', '6', '2004-03-19');
insert into jobApplication (jobApplicationID, ApplicantID, JobID, ApplicationDate) values (29, '10', '15', '2005-11-20');
insert into jobApplication (jobApplicationID, ApplicantID, JobID, ApplicationDate) values (30, '20', '35', '2003-02-07');
insert into jobApplication (jobApplicationID, ApplicantID, JobID, ApplicationDate) values (31, '24', '44', '2008-10-26');
insert into jobApplication (jobApplicationID, ApplicantID, JobID, ApplicationDate) values (32, '41', '29', '2022-02-19');
insert into jobApplication (jobApplicationID, ApplicantID, JobID, ApplicationDate) values (33, '23', '4', '2019-02-22');
insert into jobApplication (jobApplicationID, ApplicantID, JobID, ApplicationDate) values (34, '27', '41', '2012-10-10');
insert into jobApplication (jobApplicationID, ApplicantID, JobID, ApplicationDate) values (35, '8', '48', '2017-06-11');
insert into jobApplication (jobApplicationID, ApplicantID, JobID, ApplicationDate) values (36, '36', '11', '2013-10-13');
insert into jobApplication (jobApplicationID, ApplicantID, JobID, ApplicationDate) values (37, '42', '28', '2000-02-13');
insert into jobApplication (jobApplicationID, ApplicantID, JobID, ApplicationDate) values (38, '18', '37', '2015-05-21');
insert into jobApplication (jobApplicationID, ApplicantID, JobID, ApplicationDate) values (39, '3', '2', '2004-07-03');
insert into jobApplication (jobApplicationID, ApplicantID, JobID, ApplicationDate) values (40, '15', '12', '2014-08-12');
insert into jobApplication (jobApplicationID, ApplicantID, JobID, ApplicationDate) values (41, '30', '5', '2001-02-09');
insert into jobApplication (jobApplicationID, ApplicantID, JobID, ApplicationDate) values (42, '47', '1', '2016-11-23');
insert into jobApplication (jobApplicationID, ApplicantID, JobID, ApplicationDate) values (43, '44', '24', '2022-03-21');
insert into jobApplication (jobApplicationID, ApplicantID, JobID, ApplicationDate) values (44, '13', '8', '2021-07-15');
insert into jobApplication (jobApplicationID, ApplicantID, JobID, ApplicationDate) values (45, '17', '3', '2001-05-01');
insert into jobApplication (jobApplicationID, ApplicantID, JobID, ApplicationDate) values (46, '26', '47', '2015-08-02');
insert into jobApplication (jobApplicationID, ApplicantID, JobID, ApplicationDate) values (47, '5', '31', '2003-09-09');
insert into jobApplication (jobApplicationID, ApplicantID, JobID, ApplicationDate) values (48, '38', '46', '2014-01-17');
insert into jobApplication (jobApplicationID, ApplicantID, JobID, ApplicationDate) values (49, '34', '43', '2005-01-02');
insert into jobApplication (jobApplicationID, ApplicantID, JobID, ApplicationDate) values (50, '33', '39', '2003-09-29');


-- hiringManager


insert into hiring_manager (EmployeeID, CompanyID, FirstName, LastName, Email, Phone, PasswordHASH)
values (1, 10, 'Cyndie', 'Jordi', 'cjordi0@yale.edu', '164-446-6965',
        '$2a$04$PVj/DKz8R5v6dFUI9TIjxOgw1aTZU95aw2KAygEciqEPSYCgwpGyG');
insert into hiring_manager (EmployeeID, CompanyID, FirstName, LastName, Email, Phone, PasswordHASH)
values (2, 3, 'Noak', 'Vany', 'nvany1@shareasale.com', '861-735-6939',
        '$2a$04$DqnEgI8gymHX5n2Oa4xnnuSMBAAnbKQYhA8rRn2Fu/A0ORpnmlnjG');
insert into hiring_manager (EmployeeID, CompanyID, FirstName, LastName, Email, Phone, PasswordHASH)
values (3, 38, 'Lauri', 'Benadette', 'lbenadette2@webs.com', '119-794-7962',
        '$2a$04$egRwB9r2QySpH9yLAYMIA.FhqNu72pxa4FKdjSKFofRblCS9jnU3u');
insert into hiring_manager (EmployeeID, CompanyID, FirstName, LastName, Email, Phone, PasswordHASH)
values (4, 17, 'Wright', 'Heathfield', 'wheathfield3@nih.gov', '403-615-3985',
        '$2a$04$E3AZQQUb0gSpYKdTZoIkC.y5BKpldcRabGG7gZVtiyfZwsGF26GRa');
insert into hiring_manager (EmployeeID, CompanyID, FirstName, LastName, Email, Phone, PasswordHASH)
values (5, 12, 'Dorothea', 'Alleyn', 'dalleyn4@biblegateway.com', '848-477-2980',
        '$2a$04$RwtqH1PY3iM1nJA37mJ4nOlEnhXnmtLF8IdrKohRI8aATljpfGR1u');
insert into hiring_manager (EmployeeID, CompanyID, FirstName, LastName, Email, Phone, PasswordHASH)
values (6, 4, 'Zia', 'Stallwood', 'zstallwood5@yahoo.co.jp', '642-179-3226',
        '$2a$04$hgDLP9jIetu.UUuaFjm98upFu7vd61cCHOpcvfsrfdOAVAOvYFDEO');
insert into hiring_manager (EmployeeID, CompanyID, FirstName, LastName, Email, Phone, PasswordHASH)
values (7, 34, 'Linell', 'Brimblecomb', 'lbrimblecomb6@phoca.cz', '836-632-2945',
        '$2a$04$IPoqDDC47etLmSkXs0yBXOotTINRG8N59pZoJ9ZHqpHLowmXraZLu');
insert into hiring_manager (EmployeeID, CompanyID, FirstName, LastName, Email, Phone, PasswordHASH)
values (8, 27, 'Donielle', 'Clitheroe', 'dclitheroe7@geocities.jp', '191-626-8566',
        '$2a$04$yppRqR1bHxRVnnIuai/hEuxgY8.u3KABHHIGj0FYcjbqUV5Tqw8XO');
insert into hiring_manager (EmployeeID, CompanyID, FirstName, LastName, Email, Phone, PasswordHASH)
values (9, 33, 'Corliss', 'Curwood', 'ccurwood8@newsvine.com', '658-811-6016',
        '$2a$04$Ed80EcL/mEBnx0bJUDBEQ.EqBqQHKNIbA6mMWrCgyEjo3/fFCVa/m');
insert into hiring_manager (EmployeeID, CompanyID, FirstName, LastName, Email, Phone, PasswordHASH)
values (10, 45, 'Garald', 'Billie', 'gbillie9@technorati.com', '579-875-7498',
        '$2a$04$7dtowdkx6BkHiOMAsKWcceertymTrEaykhxfPLGGAihk0eUzcBEq.');
insert into hiring_manager (EmployeeID, CompanyID, FirstName, LastName, Email, Phone, PasswordHASH)
values (11, 29, 'Reena', 'Andreasen', 'randreasena@reddit.com', '738-740-6986',
        '$2a$04$HKlok1QtvZdUscH2ohIOBOiOet4NU09k50/b.Z8kz4KYzDslvMlDu');
insert into hiring_manager (EmployeeID, CompanyID, FirstName, LastName, Email, Phone, PasswordHASH)
values (12, 7, 'Corena', 'Prinnett', 'cprinnettb@craigslist.org', '987-322-3959',
        '$2a$04$A5y9YOtc1JzuW8SwWs8XKefBfRnvaitGVb4xCfnIrbB5oN6v4hXOe');
insert into hiring_manager (EmployeeID, CompanyID, FirstName, LastName, Email, Phone, PasswordHASH)
values (13, 31, 'Terencio', 'Viner', 'tvinerc@etsy.com', '808-854-4946',
        '$2a$04$EJYTSRK/N22bwECM1aR1o.QID9VfrvDlHlpRSZ13v.wkXwJmhSYRO');
insert into hiring_manager (EmployeeID, CompanyID, FirstName, LastName, Email, Phone, PasswordHASH)
values (14, 35, 'Darrell', 'Jackes', 'djackesd@gmpg.org', '360-524-2542',
        '$2a$04$Um1Wd8Z.YGgg5MMSWwhPqePzJjqVwYJNqdb.EsxzBhE2Z6ohKM1ce');
insert into hiring_manager (EmployeeID, CompanyID, FirstName, LastName, Email, Phone, PasswordHASH)
values (15, 30, 'Charlene', 'Shewring', 'cshewringe@bizjournals.com', '895-677-8213',
        '$2a$04$fsn5.dFpff8uMT8ZIqlicOj77vbbj3i574RH4iFx1l8SvMw.7ho2S');
insert into hiring_manager (EmployeeID, CompanyID, FirstName, LastName, Email, Phone, PasswordHASH)
values (16, 1, 'Doro', 'de Leon', 'ddeleonf@rediff.com', '488-153-6225',
        '$2a$04$sfzRh2VhUZ8JxS2Bb/OvwOniImyc7uX6Q9LM7oFAXVJUjrB6YHCRu');
insert into hiring_manager (EmployeeID, CompanyID, FirstName, LastName, Email, Phone, PasswordHASH)
values (17, 20, 'Ulysses', 'Points', 'upointsg@posterous.com', '349-105-6210',
        '$2a$04$EwxXLLXqZtXWlCppmNTh7OZuLo2Lovf36EliZqSowZYXhSzD8YWoy');
insert into hiring_manager (EmployeeID, CompanyID, FirstName, LastName, Email, Phone, PasswordHASH)
values (18, 43, 'Ivor', 'Pethick', 'ipethickh@miibeian.gov.cn', '828-291-9079',
        '$2a$04$l8OcXPdFqE2RL06gRXhvk..cZzwgFX2Bv8g6G7RtK5aJ8ED9TROHm');
insert into hiring_manager (EmployeeID, CompanyID, FirstName, LastName, Email, Phone, PasswordHASH)
values (19, 49, 'Whit', 'Ebrall', 'webralli@columbia.edu', '784-739-4613',
        '$2a$04$3ofe7A3OCySUwhvVI2uoOuWxoPYc4EkSILL0nVWaxPOYc5ickoN/6');
insert into hiring_manager (EmployeeID, CompanyID, FirstName, LastName, Email, Phone, PasswordHASH)
values (20, 16, 'Laurena', 'Medhurst', 'lmedhurstj@de.vu', '969-797-6603',
        '$2a$04$tyChFAupKb86CQzWMCFTyeZZTD4eYKqTAcze6DllyHfHlPVJdjSuK');
insert into hiring_manager (EmployeeID, CompanyID, FirstName, LastName, Email, Phone, PasswordHASH)
values (21, 40, 'Germain', 'Whiffen', 'gwhiffenk@flickr.com', '733-181-7943',
        '$2a$04$G.NmJVf8HsnUZHAeugDPq.6es2VhGwcWkkQspy3rnj/Wei9KKsNnm');
insert into hiring_manager (EmployeeID, CompanyID, FirstName, LastName, Email, Phone, PasswordHASH)
values (22, 37, 'Micheal', 'John', 'mjohnl@cisco.com', '497-517-8976',
        '$2a$04$BoY9zXwN3FrzRPzDEL3Y0.PbQm7QfjD/pl1rNf/0eUZyc12RwP4/y');
insert into hiring_manager (EmployeeID, CompanyID, FirstName, LastName, Email, Phone, PasswordHASH)
values (23, 50, 'Kalle', 'Durker', 'kdurkerm@twitpic.com', '885-548-8691',
        '$2a$04$wKVQEc8Y0mniGRryikcnlerdyCwnR7nk9uTPnDs1Lz0wss1FkyTdy');
insert into hiring_manager (EmployeeID, CompanyID, FirstName, LastName, Email, Phone, PasswordHASH)
values (24, 42, 'Carce', 'Isard', 'cisardn@sphinn.com', '518-602-6852',
        '$2a$04$Yi5cX80JKwbAk6/RmNBrL.W3PAoZOyjhOA4nkwV2k3fOl5QRLGpXO');
insert into hiring_manager (EmployeeID, CompanyID, FirstName, LastName, Email, Phone, PasswordHASH)
values (25, 2, 'Berky', 'Brockhurst', 'bbrockhursto@webeden.co.uk', '570-132-0778',
        '$2a$04$wiFLJfzxC2piJTfM2u/jVOgwy8j3hWV4dwPQvD68zKI1ARSOXVIh.');
insert into hiring_manager (EmployeeID, CompanyID, FirstName, LastName, Email, Phone, PasswordHASH)
values (26, 2, 'Denys', 'Doget', 'ddogetp@gizmodo.com', '218-632-6683',
        '$2a$04$BujS7S.a7V3T3SKvrues0enMZTm5utyEG3xvrD4/s2VT2ki7iZF/C');
insert into hiring_manager (EmployeeID, CompanyID, FirstName, LastName, Email, Phone, PasswordHASH)
values (27, 13, 'Penny', 'Hansemann', 'phansemannq@dmoz.org', '525-934-3197',
        '$2a$04$4kgLzSSYdSlcQEIkCdaTcOE47GRAzURRzUshVVYatetglMBaAs0W.');
insert into hiring_manager (EmployeeID, CompanyID, FirstName, LastName, Email, Phone, PasswordHASH)
values (28, 2, 'Sunny', 'Dovinson', 'sdovinsonr@sourceforge.net', '289-797-1721',
        '$2a$04$1.rqLNrjV.RXp.XnN/3UhuMzgi29oHL2MEXmUYeMkSFIff/YdfPie');
insert into hiring_manager (EmployeeID, CompanyID, FirstName, LastName, Email, Phone, PasswordHASH)
values (29, 2, 'Briana', 'Fyall', 'bfyalls@dailymail.co.uk', '523-227-5915',
        '$2a$04$eczXgD/Q2OoUpHRGFDMNtuO.uT.wogD0hTbj2y.24Zbt6ufRiNmBO');
insert into hiring_manager (EmployeeID, CompanyID, FirstName, LastName, Email, Phone, PasswordHASH)
values (30, 2, 'Neysa', 'Peacock', 'npeacockt@reuters.com', '130-120-6492',
        '$2a$04$UlJaTux3ocYxV83Cb4P96erNs0J/DtSrUps/yhXupj05eCcDlj2/u');
insert into hiring_manager (EmployeeID, CompanyID, FirstName, LastName, Email, Phone, PasswordHASH)
values (31, 47, 'Monro', 'Kield', 'mkieldu@bloomberg.com', '638-147-4829',
        '$2a$04$tj6IWu3tO7u/lpnkd8xHpuQLhgkt/bXuqSI0IPwAu84ATSzzBbpm2');
insert into hiring_manager (EmployeeID, CompanyID, FirstName, LastName, Email, Phone, PasswordHASH)
values (32, 25, 'Frederich', 'Giffin', 'fgiffinv@unicef.org', '547-192-2090',
        '$2a$04$JOYJpUNNqtbOcryAH6SPx.Kfj5B55O97QqP2mOiMWMvzLSM8.Y1ZK');
insert into hiring_manager (EmployeeID, CompanyID, FirstName, LastName, Email, Phone, PasswordHASH)
values (33, 26, 'Elfrieda', 'Housego', 'ehousegow@prlog.org', '108-888-8246',
        '$2a$04$q7FPuRhBu5eIYXXms7hQA.pNiNo8dhbf3oxa77TzD4pEn0ILaXPty');
insert into hiring_manager (EmployeeID, CompanyID, FirstName, LastName, Email, Phone, PasswordHASH)
values (34, 46, 'Randolph', 'Abrashkov', 'rabrashkovx@mapquest.com', '504-742-3557',
        '$2a$04$2OY6TD.gjojrDvpyyLWXTuAbp5dGnqcZKoENTZXz2tLUfFNGLcvIi');
insert into hiring_manager (EmployeeID, CompanyID, FirstName, LastName, Email, Phone, PasswordHASH)
values (35, 18, 'Dante', 'Corbould', 'dcorbouldy@php.net', '140-616-4222',
        '$2a$04$0lM98sij0YpCoh.Yendi7ubplaaBlisoiFFfWgDDbyBGz.aAwN6t.');
insert into hiring_manager (EmployeeID, CompanyID, FirstName, LastName, Email, Phone, PasswordHASH)
values (36, 36, 'Kristofor', 'Quogan', 'kquoganz@wikimedia.org', '618-903-0856',
        '$2a$04$CJaXvWrarlw0ep6sjVPSN.WxKkdJz5JWKzLLAU8fvB909u5EM/iuK');
insert into hiring_manager (EmployeeID, CompanyID, FirstName, LastName, Email, Phone, PasswordHASH)
values (37, 41, 'Gusty', 'Matitiaho', 'gmatitiaho10@fema.gov', '507-933-8769',
        '$2a$04$S7xdbWXCg7nrTrCF3olK8exeFyPuOEBpUu8G0/6ludSF0CJDlo/7a');
insert into hiring_manager (EmployeeID, CompanyID, FirstName, LastName, Email, Phone, PasswordHASH)
values (38, 24, 'Gertruda', 'Jacobowicz', 'gjacobowicz11@ox.ac.uk', '882-557-5081',
        '$2a$04$HsPY3htRRv1gRUOoVKjENOVb7Mtz5yTVaB6QCtNudtdY0G7.iVdsi');
insert into hiring_manager (EmployeeID, CompanyID, FirstName, LastName, Email, Phone, PasswordHASH)
values (39, 22, 'Alaric', 'Crottagh', 'acrottagh12@nih.gov', '820-568-5131',
        '$2a$04$FLzy9dHc4Lit.oLZQZM8Buwk2YUgudVXhsZYc9sQ8B.1SKyNNQoSC');
insert into hiring_manager (EmployeeID, CompanyID, FirstName, LastName, Email, Phone, PasswordHASH)
values (40, 14, 'Garry', 'Grombridge', 'ggrombridge13@1und1.de', '759-301-4218',
        '$2a$04$JT3xeCjixHQHOqrE3Ga/IOQ1Q6i25MzheGRtyONOVv4Mxz1Ojk83y');
insert into hiring_manager (EmployeeID, CompanyID, FirstName, LastName, Email, Phone, PasswordHASH)
values (41, 15, 'Chloris', 'Baltzar', 'cbaltzar14@webeden.co.uk', '766-571-8785',
        '$2a$04$tuoRkLnEvIF/TgQJ3PavW.9Jmrgz4m.dXSJX8xkGZyXb6pnapCXpu');
insert into hiring_manager (EmployeeID, CompanyID, FirstName, LastName, Email, Phone, PasswordHASH)
values (42, 23, 'Dinnie', 'Balderston', 'dbalderston15@bbb.org', '222-948-2456',
        '$2a$04$Gyk6Q9oL7u7X0NjtI0nV5./G4Mw5PVe2q4zWFQQpZbaUGpWaHHGZW');
insert into hiring_manager (EmployeeID, CompanyID, FirstName, LastName, Email, Phone, PasswordHASH)
values (43, 9, 'Farrel', 'Gronowe', 'fgronowe16@myspace.com', '305-368-8027',
        '$2a$04$qo0E4rLYGUYuJv1zs/o2jObBDd8pAN/iPykcvLlKuEdCp9bEto2j.');
insert into hiring_manager (EmployeeID, CompanyID, FirstName, LastName, Email, Phone, PasswordHASH)
values (44, 48, 'Jodie', 'Kirsche', 'jkirsche17@utexas.edu', '619-112-5401',
        '$2a$04$3TRQzH.m1bFo7VOyrrOJjevk6vnZmM4RHb9Efjbf2F0UVAygs//EO');
insert into hiring_manager (EmployeeID, CompanyID, FirstName, LastName, Email, Phone, PasswordHASH)
values (45, 6, 'Sarina', 'Zouch', 'szouch18@admin.ch', '473-518-4039',
        '$2a$04$WPNQxQSev02jCW9MEoMKb.e.YU4PyUfD5WgaWLdX0rYYTdIVOJs0G');
insert into hiring_manager (EmployeeID, CompanyID, FirstName, LastName, Email, Phone, PasswordHASH)
values (46, 11, 'Shayne', 'O''Henecan', 'sohenecan19@trellian.com', '815-549-8273',
        '$2a$04$vuh83gG.eEQbOW7hQZ0Tj.i7ioAIMn4Vq94z6BmI0nHk1RO88MCXC');
insert into hiring_manager (EmployeeID, CompanyID, FirstName, LastName, Email, Phone, PasswordHASH)
values (47, 39, 'Carrissa', 'Shepstone', 'cshepstone1a@unc.edu', '593-733-3141',
        '$2a$04$q7/QLXhcT3XzC9yWlLX2l./20gYv3LNrrh53RTWAJvBUTJEXbazD2');
insert into hiring_manager (EmployeeID, CompanyID, FirstName, LastName, Email, Phone, PasswordHASH)
values (48, 19, 'Den', 'Christofor', 'dchristofor1b@comsenz.com', '611-652-8787',
        '$2a$04$qxm0dRyjvYz5BqssUdRfPOzzSQI0jA9CY.aM3yneOnvfxUTDfF/0y');
insert into hiring_manager (EmployeeID, CompanyID, FirstName, LastName, Email, Phone, PasswordHASH)
values (49, 32, 'Blaire', 'MacMakin', 'bmacmakin1c@sun.com', '747-946-6052',
        '$2a$04$j8lDMo6zglepWF.Dzzkm..TXDLMh/..LGKtruAGxcHE4nnQ7s5x2m');
insert into hiring_manager (EmployeeID, CompanyID, FirstName, LastName, Email, Phone, PasswordHASH)
values (50, 28, 'Marys', 'Pedler', 'mpedler1d@shareasale.com', '329-252-7192',
        '$2a$04$T496XCPBNhEtbS6KJNo7ge1Le5iNw1.SJKgFwc3y6wf2E5Vo/TFEu');


-- education

insert into education (EducationID, ApplicantID, Name, GradDate, clubs, courses, GPA) values (1, '39', 'ante vel ipsum', '2004-02-04', 'mattis pulvinar nulla pede ullamcorper augue a', 'tincidunt eget tempus vel pede morbi', 1.36);
insert into education (EducationID, ApplicantID, Name, GradDate, clubs, courses, GPA) values (2, '35', 'habitasse platea', '1995-10-25', 'donec pharetra magna vestibulum aliquet ultrices erat', 'condimentum id luctus nec molestie sed justo pellentesque viverra pede ac diam', 0.77);
insert into education (EducationID, ApplicantID, Name, GradDate, clubs, courses, GPA) values (3, '48', 'mi sit amet', '2000-10-31', 'est phasellus sit amet erat nulla tempus vivamus in', 'maecenas', 3.74);
insert into education (EducationID, ApplicantID, Name, GradDate, clubs, courses, GPA) values (4, '25', 'nulla', '1991-05-21', 'et ultrices posuere cubilia', 'sit amet sem fusce consequat nulla nisl nunc nisl duis bibendum felis sed', 2.05);
insert into education (EducationID, ApplicantID, Name, GradDate, clubs, courses, GPA) values (5, '22', 'mi pede', '2003-01-15', 'nisi vulputate nonummy maecenas tincidunt lacus at velit vivamus vel', 'ipsum integer a nibh in quis justo maecenas rhoncus aliquam lacus', 3.08);
insert into education (EducationID, ApplicantID, Name, GradDate, clubs, courses, GPA) values (6, '9', 'ut rhoncus aliquet', '2004-06-20', 'ultrices posuere cubilia curae mauris viverra diam vitae quam', 'lectus in est risus auctor sed tristique in tempus sit amet sem fusce consequat', 3.39);
insert into education (EducationID, ApplicantID, Name, GradDate, clubs, courses, GPA) values (7, '1', 'diam cras pellentesque volutpat', '1986-08-22', 'feugiat', 'vitae nisi nam ultrices libero non mattis pulvinar nulla pede', 3.5);
insert into education (EducationID, ApplicantID, Name, GradDate, clubs, courses, GPA) values (8, '20', 'duis bibendum', '1987-09-22', 'tempus vivamus', 'libero non', 1.47);
insert into education (EducationID, ApplicantID, Name, GradDate, clubs, courses, GPA) values (9, '47', 'elit proin risus praesent', '1963-04-05', 'vitae mattis nibh ligula nec sem duis', 'fermentum donec ut mauris eget massa tempor convallis nulla neque libero convallis eget eleifend luctus ultricies eu nibh quisque id', 0.91);
insert into education (EducationID, ApplicantID, Name, GradDate, clubs, courses, GPA) values (10, '42', 'lobortis vel dapibus at', '1973-07-22', 'ultrices', '', 3.29);
insert into education (EducationID, ApplicantID, Name, GradDate, clubs, courses, GPA) values (11, '30', 'phasellus in felis', '1974-09-26', 'aliquam augue quam sollicitudin vitae', 'pellentesque eget nunc donec quis orci', 1.65);
insert into education (EducationID, ApplicantID, Name, GradDate, clubs, courses, GPA) values (12, '5', 'elit proin risus praesent', '2020-01-18', 'sociis', 'turpis a pede posuere nonummy integer non velit', 2.01);
insert into education (EducationID, ApplicantID, Name, GradDate, clubs, courses, GPA) values (13, '17', 'ipsum dolor sit', '2004-01-26', 'quis justo maecenas', 'rhoncus mauris enim leo rhoncus sed vestibulum', 0.7);
insert into education (EducationID, ApplicantID, Name, GradDate, clubs, courses, GPA) values (14, '8', 'nulla sed vel enim', '2018-10-07', 'faucibus orci luctus et ultrices', 'aliquet massa id lobortis convallis tortor risus dapibus augue vel accumsan tellus', 1.37);
insert into education (EducationID, ApplicantID, Name, GradDate, clubs, courses, GPA) values (15, '36', 'sit amet', '2007-10-24', 'sollicitudin mi sit amet', '', 3.45);
insert into education (EducationID, ApplicantID, Name, GradDate, clubs, courses, GPA) values (16, '13', 'vitae ipsum aliquam', '2012-05-13', 'nullam orci', 'sed interdum venenatis', 1.78);
insert into education (EducationID, ApplicantID, Name, GradDate, clubs, courses, GPA) values (17, '23', 'lobortis convallis', '1992-06-22', 'porta volutpat quam pede lobortis ligula sit amet eleifend', 'pede ullamcorper augue', 3.31);
insert into education (EducationID, ApplicantID, Name, GradDate, clubs, courses, GPA) values (18, '24', 'ligula', '1990-03-19', 'mauris morbi non lectus aliquam sit amet diam in', 'nibh fusce lacus purus aliquet at feugiat non pretium quis lectus suspendisse', 2.96);
insert into education (EducationID, ApplicantID, Name, GradDate, clubs, courses, GPA) values (19, '49', 'eleifend donec', '1971-02-21', 'magna vestibulum aliquet ultrices erat tortor sollicitudin', 'mauris lacinia sapien quis libero nullam sit amet turpis elementum ligula vehicula consequat morbi a', 3.96);
insert into education (EducationID, ApplicantID, Name, GradDate, clubs, courses, GPA) values (20, '6', 'velit vivamus vel', '1997-02-04', 'velit id pretium iaculis', 'id nisl venenatis lacinia aenean sit amet justo morbi ut odio cras mi pede malesuada in imperdiet', 3.33);
insert into education (EducationID, ApplicantID, Name, GradDate, clubs, courses, GPA) values (21, '43', 'faucibus', '1971-04-05', 'tristique in tempus sit amet', 'ut at dolor quis odio consequat varius', 2.12);
insert into education (EducationID, ApplicantID, Name, GradDate, clubs, courses, GPA) values (22, '12', 'posuere nonummy', '1988-07-01', '', 'nibh in hac habitasse platea', 1.33);
insert into education (EducationID, ApplicantID, Name, GradDate, clubs, courses, GPA) values (23, '16', 'tempus vivamus', '1998-07-06', 'vulputate justo in blandit', 'sit amet sem fusce consequat nulla nisl nunc nisl duis bibendum felis sed interdum venenatis turpis enim blandit mi in', 0.04);
insert into education (EducationID, ApplicantID, Name, GradDate, clubs, courses, GPA) values (24, '50', 'orci nullam', '2009-07-23', 'in', 'leo maecenas pulvinar lobortis est phasellus sit amet erat', 3.33);
insert into education (EducationID, ApplicantID, Name, GradDate, clubs, courses, GPA) values (25, '18', 'quis tortor id', '2009-08-17', 'nec', 'vel ipsum praesent blandit lacinia erat vestibulum sed magna at nunc commodo placerat praesent blandit nam nulla integer pede', 1.15);
insert into education (EducationID, ApplicantID, Name, GradDate, clubs, courses, GPA) values (26, '3', 'elit proin interdum', '2019-11-15', 'interdum eu tincidunt in', 'nulla tempus vivamus in felis eu sapien cursus vestibulum proin eu mi nulla ac enim in', 0.94);
insert into education (EducationID, ApplicantID, Name, GradDate, clubs, courses, GPA) values (27, '40', 'scelerisque mauris sit amet', '2027-12-09', 'ultrices', 'nisl venenatis lacinia aenean sit amet justo morbi ut odio cras mi pede', 1.6);
insert into education (EducationID, ApplicantID, Name, GradDate, clubs, courses, GPA) values (28, '14', 'est risus auctor', '1998-04-12', 'ac nulla sed vel enim sit amet nunc viverra', 'luctus nec molestie sed justo pellentesque viverra pede ac', 1.45);
insert into education (EducationID, ApplicantID, Name, GradDate, clubs, courses, GPA) values (29, '44', 'eget semper rutrum', '1992-09-09', 'vulputate justo in blandit ultrices enim', 'lorem ipsum dolor', 1.72);
insert into education (EducationID, ApplicantID, Name, GradDate, clubs, courses, GPA) values (30, '38', 'non pretium', '2026-03-10', 'ante nulla justo aliquam quis turpis eget', 'aliquam non mauris morbi non lectus aliquam sit amet', 1.89);
insert into education (EducationID, ApplicantID, Name, GradDate, clubs, courses, GPA) values (31, '33', 'in', '1988-03-20', 'parturient montes nascetur ridiculus mus etiam vel augue vestibulum', 'ipsum primis in faucibus orci luctus et ultrices posuere cubilia', 3.4);
insert into education (EducationID, ApplicantID, Name, GradDate, clubs, courses, GPA) values (32, '2', 'etiam', '2011-03-02', '', 'sapien sapien non', 0.12);
insert into education (EducationID, ApplicantID, Name, GradDate, clubs, courses, GPA) values (33, '15', 'aliquet at feugiat', '1984-09-30', 'lorem integer tincidunt ante vel ipsum praesent', 'nunc commodo placerat praesent blandit nam nulla integer pede justo lacinia', 2.26);
insert into education (EducationID, ApplicantID, Name, GradDate, clubs, courses, GPA) values (34, '46', 'ut rhoncus', '1974-06-23', 'ipsum', 'in tempus', 3.06);
insert into education (EducationID, ApplicantID, Name, GradDate, clubs, courses, GPA) values (35, '4', 'commodo placerat', '2005-08-01', 'nulla tellus', 'dapibus augue vel accumsan', 3.84);
insert into education (EducationID, ApplicantID, Name, GradDate, clubs, courses, GPA) values (36, '28', 'luctus nec molestie sed', '1991-12-08', 'leo odio porttitor id', 'sit amet diam in magna', 3.9);
insert into education (EducationID, ApplicantID, Name, GradDate, clubs, courses, GPA) values (37, '32', 'a pede posuere', '2024-09-24', 'eget nunc donec quis', 'id lobortis convallis tortor risus dapibus augue vel accumsan tellus nisi eu orci mauris lacinia', 1.23);
insert into education (EducationID, ApplicantID, Name, GradDate, clubs, courses, GPA) values (38, '34', 'non', '1991-02-13', '', 'odio condimentum id luctus nec molestie sed justo pellentesque viverra', 3.45);
insert into education (EducationID, ApplicantID, Name, GradDate, clubs, courses, GPA) values (39, '37', 'eget eleifend', '2000-05-23', 'nulla tellus', 'quisque ut erat curabitur gravida nisi at nibh in hac habitasse platea dictumst aliquam augue quam', 2.6);
insert into education (EducationID, ApplicantID, Name, GradDate, clubs, courses, GPA) values (40, '41', 'rhoncus mauris', '1992-07-11', 'posuere cubilia curae donec pharetra magna vestibulum aliquet ultrices', 'pellentesque volutpat dui maecenas tristique est et tempus', 1.42);
insert into education (EducationID, ApplicantID, Name, GradDate, clubs, courses, GPA) values (41, '7', 'nisi at', '2016-03-16', 'amet', 'erat nulla tempus vivamus in felis eu sapien cursus vestibulum proin eu mi nulla', 3.93);
insert into education (EducationID, ApplicantID, Name, GradDate, clubs, courses, GPA) values (42, '31', 'dui maecenas tristique', '1999-07-05', 'ullamcorper purus sit amet nulla quisque arcu libero', 'est et tempus semper est quam pharetra magna ac consequat metus sapien ut nunc vestibulum', 2.05);
insert into education (EducationID, ApplicantID, Name, GradDate, clubs, courses, GPA) values (43, '45', 'nibh in', '2016-12-12', 'lacus morbi sem mauris', 'sed sagittis nam congue risus semper porta volutpat quam pede lobortis ligula sit amet eleifend pede libero quis orci', 0.07);
insert into education (EducationID, ApplicantID, Name, GradDate, clubs, courses, GPA) values (44, '27', 'lacus at', '1993-06-14', 'maecenas tristique est et tempus semper est quam', 'molestie nibh in lectus pellentesque at nulla suspendisse potenti cras in purus eu magna vulputate luctus cum sociis natoque penatibus', 2.8);
insert into education (EducationID, ApplicantID, Name, GradDate, clubs, courses, GPA) values (45, '21', 'mattis pulvinar nulla', '1969-10-11', 'lacinia erat vestibulum sed magna at nunc commodo', 'a pede posuere nonummy integer non velit donec diam neque vestibulum eget vulputate ut ultrices vel augue', 3.24);
insert into education (EducationID, ApplicantID, Name, GradDate, clubs, courses, GPA) values (46, '11', 'sed justo', '2000-09-15', 'feugiat non pretium quis lectus suspendisse', 'porttitor id consequat in consequat ut nulla sed accumsan felis ut at dolor', 1.32);
insert into education (EducationID, ApplicantID, Name, GradDate, clubs, courses, GPA) values (47, '19', 'ac', '2012-11-20', 'aliquet at feugiat non pretium', 'dolor vel', 2.27);
insert into education (EducationID, ApplicantID, Name, GradDate, clubs, courses, GPA) values (48, '26', 'morbi non lectus', '1995-04-23', 'luctus rutrum nulla tellus in sagittis dui vel', 'consequat dui nec nisi volutpat eleifend donec ut dolor', 2.17);
insert into education (EducationID, ApplicantID, Name, GradDate, clubs, courses, GPA) values (49, '29', 'amet consectetuer adipiscing', '1980-08-11', 'tincidunt nulla mollis molestie lorem quisque ut', 'amet sem fusce consequat nulla nisl nunc nisl duis bibendum felis sed interdum venenatis turpis enim blandit', 1.85);
insert into education (EducationID, ApplicantID, Name, GradDate, clubs, courses, GPA) values (50, '10', 'leo odio condimentum', '1991-06-07', 'risus dapibus augue', 'suscipit ligula in lacus curabitur at ipsum ac tellus semper interdum mauris ullamcorper purus sit amet nulla quisque arcu libero', 2.73);


-- volunteer experience

insert into Volunteer_Experience (volunteerExperienceID, ApplicantID, title, StartDate, EndDate, Description) values (1, '26', 'ac nibh fusce lacus', '1967-08-15', '1960-11-13', 'Duis consequat dui nec nisi volutpat eleifend.');
insert into Volunteer_Experience (volunteerExperienceID, ApplicantID, title, StartDate, EndDate, Description) values (2, '17', 'justo aliquam quis turpis eget', '2004-04-15', '1976-08-18', 'Praesent blandit lacinia erat.');
insert into Volunteer_Experience (volunteerExperienceID, ApplicantID, title, StartDate, EndDate, Description) values (3, '43', 'neque aenean', '2009-06-08', '1991-01-03', 'Sed ante. Vivamus tortor. Duis mattis egestas metus.');
insert into Volunteer_Experience (volunteerExperienceID, ApplicantID, title, StartDate, EndDate, Description) values (4, '37', 'nulla justo', '2021-04-12', '1992-03-18', 'Integer aliquet, massa id lobortis convallis, tortor risus dapibus augue, vel accumsan tellus nisi eu orci. Mauris lacinia sapien quis libero. Nullam sit amet turpis elementum ligula vehicula consequat.');
insert into Volunteer_Experience (volunteerExperienceID, ApplicantID, title, StartDate, EndDate, Description) values (5, '8', 'suspendisse potenti', '2014-08-06', '1995-05-29', 'Nunc nisl.');
insert into Volunteer_Experience (volunteerExperienceID, ApplicantID, title, StartDate, EndDate, Description) values (6, '7', 'tortor duis mattis', '2019-08-06', '1986-01-21', 'Nulla justo.');
insert into Volunteer_Experience (volunteerExperienceID, ApplicantID, title, StartDate, EndDate, Description) values (7, '5', 'at turpis donec posuere', '1992-07-29', '1972-08-03', 'Morbi porttitor lorem id ligula.');
insert into Volunteer_Experience (volunteerExperienceID, ApplicantID, title, StartDate, EndDate, Description) values (8, '35', 'dapibus nulla suscipit ligula', '2006-09-04', '1992-11-27', 'Duis consequat dui nec nisi volutpat eleifend.');
insert into Volunteer_Experience (volunteerExperienceID, ApplicantID, title, StartDate, EndDate, Description) values (9, '3', 'lacinia eget tincidunt', '2002-05-08', '2007-11-16', 'Maecenas leo odio, condimentum id, luctus nec, molestie sed, justo.');
insert into Volunteer_Experience (volunteerExperienceID, ApplicantID, title, StartDate, EndDate, Description) values (10, '41', 'ultrices posuere cubilia', '1980-04-16', '2010-08-08', 'In blandit ultrices enim. Lorem ipsum dolor sit amet, consectetuer adipiscing elit.');
insert into Volunteer_Experience (volunteerExperienceID, ApplicantID, title, StartDate, EndDate, Description) values (11, '1', 'adipiscing molestie', '1991-09-22', '1978-12-18', 'Donec semper sapien a libero. Nam dui.');
insert into Volunteer_Experience (volunteerExperienceID, ApplicantID, title, StartDate, EndDate, Description) values (12, '36', 'at dolor quis odio consequat', '1964-10-18', '2008-12-28', 'In hac habitasse platea dictumst. Aliquam augue quam, sollicitudin vitae, consectetuer eget, rutrum at, lorem. Integer tincidunt ante vel ipsum.');
insert into Volunteer_Experience (volunteerExperienceID, ApplicantID, title, StartDate, EndDate, Description) values (13, '24', 'elit ac nulla sed', '1972-05-02', '1967-09-29', 'Fusce posuere felis sed lacus. Morbi sem mauris, laoreet ut, rhoncus aliquet, pulvinar sed, nisl.');
insert into Volunteer_Experience (volunteerExperienceID, ApplicantID, title, StartDate, EndDate, Description) values (14, '16', 'mauris enim leo rhoncus sed', '2000-10-03', '1964-08-02', 'Proin eu mi. Nulla ac enim. In tempor, turpis nec euismod scelerisque, quam turpis adipiscing lorem, vitae mattis nibh ligula nec sem.');
insert into Volunteer_Experience (volunteerExperienceID, ApplicantID, title, StartDate, EndDate, Description) values (15, '20', 'vulputate elementum nullam', '1966-11-16', '1967-08-21', 'Curabitur convallis. Duis consequat dui nec nisi volutpat eleifend. Donec ut dolor.');
insert into Volunteer_Experience (volunteerExperienceID, ApplicantID, title, StartDate, EndDate, Description) values (16, '19', 'ante vel ipsum praesent blandit', '2009-08-11', '2016-02-20', 'Cras mi pede, malesuada in, imperdiet et, commodo vulputate, justo. In blandit ultrices enim. Lorem ipsum dolor sit amet, consectetuer adipiscing elit.');
insert into Volunteer_Experience (volunteerExperienceID, ApplicantID, title, StartDate, EndDate, Description) values (17, '4', 'duis bibendum morbi', '1996-11-16', '1993-05-03', 'Suspendisse potenti. Nullam porttitor lacus at turpis.');
insert into Volunteer_Experience (volunteerExperienceID, ApplicantID, title, StartDate, EndDate, Description) values (18, '39', 'pede', '2016-09-17', '1980-02-19', 'Lorem ipsum dolor sit amet, consectetuer adipiscing elit.');
insert into Volunteer_Experience (volunteerExperienceID, ApplicantID, title, StartDate, EndDate, Description) values (19, '40', 'justo', '1982-05-22', '2013-05-19', 'Nunc purus.');
insert into Volunteer_Experience (volunteerExperienceID, ApplicantID, title, StartDate, EndDate, Description) values (20, '23', 'lobortis', '1966-05-17', '1979-07-09', 'Donec diam neque, vestibulum eget, vulputate ut, ultrices vel, augue.');
insert into Volunteer_Experience (volunteerExperienceID, ApplicantID, title, StartDate, EndDate, Description) values (21, '47', 'sapien quis', '1966-04-30', '1997-10-04', 'Phasellus id sapien in sapien iaculis congue. Vivamus metus arcu, adipiscing molestie, hendrerit at, vulputate vitae, nisl. Aenean lectus.');
insert into Volunteer_Experience (volunteerExperienceID, ApplicantID, title, StartDate, EndDate, Description) values (22, '31', 'diam id ornare imperdiet', '2002-03-14', '1995-01-19', 'Nam congue, risus semper porta volutpat, quam pede lobortis ligula, sit amet eleifend pede libero quis orci. Nullam molestie nibh in lectus.');
insert into Volunteer_Experience (volunteerExperienceID, ApplicantID, title, StartDate, EndDate, Description) values (23, '29', 'metus sapien ut nunc', '1989-06-22', '2000-02-02', 'Sed accumsan felis. Ut at dolor quis odio consequat varius.');
insert into Volunteer_Experience (volunteerExperienceID, ApplicantID, title, StartDate, EndDate, Description) values (24, '9', 'in sagittis dui vel', '1986-06-21', '1993-05-06', 'Praesent blandit. Nam nulla.');
insert into Volunteer_Experience (volunteerExperienceID, ApplicantID, title, StartDate, EndDate, Description) values (25, '44', 'libero nam', '1966-06-07', '2011-02-10', 'Nulla justo. Aliquam quis turpis eget elit sodales scelerisque. Mauris sit amet eros.');
insert into Volunteer_Experience (volunteerExperienceID, ApplicantID, title, StartDate, EndDate, Description) values (26, '2', 'phasellus in felis donec', '1962-03-02', '2020-01-09', 'Maecenas rhoncus aliquam lacus. Morbi quis tortor id nulla ultrices aliquet.');
insert into Volunteer_Experience (volunteerExperienceID, ApplicantID, title, StartDate, EndDate, Description) values (27, '22', 'duis', '1999-06-07', '2022-07-17', 'Praesent lectus. Vestibulum quam sapien, varius ut, blandit non, interdum in, ante.');
insert into Volunteer_Experience (volunteerExperienceID, ApplicantID, title, StartDate, EndDate, Description) values (28, '25', 'sit amet erat nulla', '2014-09-30', '1960-09-18', 'Morbi vel lectus in quam fringilla rhoncus. Mauris enim leo, rhoncus sed, vestibulum sit amet, cursus id, turpis.');
insert into Volunteer_Experience (volunteerExperienceID, ApplicantID, title, StartDate, EndDate, Description) values (29, '33', 'orci luctus et', '1989-04-17', '1990-11-19', 'In hac habitasse platea dictumst. Aliquam augue quam, sollicitudin vitae, consectetuer eget, rutrum at, lorem. Integer tincidunt ante vel ipsum.');
insert into Volunteer_Experience (volunteerExperienceID, ApplicantID, title, StartDate, EndDate, Description) values (30, '46', 'orci mauris lacinia sapien quis', '2018-04-20', '1990-12-24', 'Fusce consequat. Nulla nisl.');
insert into Volunteer_Experience (volunteerExperienceID, ApplicantID, title, StartDate, EndDate, Description) values (31, '49', 'metus sapien', '1989-11-11', '1990-08-24', 'Mauris enim leo, rhoncus sed, vestibulum sit amet, cursus id, turpis. Integer aliquet, massa id lobortis convallis, tortor risus dapibus augue, vel accumsan tellus nisi eu orci. Mauris lacinia sapien quis libero.');
insert into Volunteer_Experience (volunteerExperienceID, ApplicantID, title, StartDate, EndDate, Description) values (32, '18', 'sit amet consectetuer adipiscing elit', '2003-02-19', '1964-05-19', 'Aenean lectus. Pellentesque eget nunc. Donec quis orci eget orci vehicula condimentum.');
insert into Volunteer_Experience (volunteerExperienceID, ApplicantID, title, StartDate, EndDate, Description) values (33, '48', 'vestibulum', '2022-10-18', '2003-12-13', 'Integer pede justo, lacinia eget, tincidunt eget, tempus vel, pede. Morbi porttitor lorem id ligula. Suspendisse ornare consequat lectus.');
insert into Volunteer_Experience (volunteerExperienceID, ApplicantID, title, StartDate, EndDate, Description) values (34, '32', 'sed nisl', '1983-04-22', '2007-08-22', 'Phasellus id sapien in sapien iaculis congue. Vivamus metus arcu, adipiscing molestie, hendrerit at, vulputate vitae, nisl.');
insert into Volunteer_Experience (volunteerExperienceID, ApplicantID, title, StartDate, EndDate, Description) values (35, '10', 'consequat in consequat ut', '2000-12-13', '2020-02-08', 'Donec ut dolor. Morbi vel lectus in quam fringilla rhoncus. Mauris enim leo, rhoncus sed, vestibulum sit amet, cursus id, turpis.');
insert into Volunteer_Experience (volunteerExperienceID, ApplicantID, title, StartDate, EndDate, Description) values (36, '6', 'semper rutrum nulla nunc', '2004-10-18', '1975-11-15', 'Fusce congue, diam id ornare imperdiet, sapien urna pretium nisl, ut volutpat sapien arcu sed augue.');
insert into Volunteer_Experience (volunteerExperienceID, ApplicantID, title, StartDate, EndDate, Description) values (37, '14', 'ac lobortis', '2013-09-10', '1973-02-26', 'Sed vel enim sit amet nunc viverra dapibus.');
insert into Volunteer_Experience (volunteerExperienceID, ApplicantID, title, StartDate, EndDate, Description) values (38, '28', 'diam neque vestibulum eget vulputate', '2008-10-15', '2013-07-10', 'Aenean lectus. Pellentesque eget nunc. Donec quis orci eget orci vehicula condimentum.');
insert into Volunteer_Experience (volunteerExperienceID, ApplicantID, title, StartDate, EndDate, Description) values (39, '45', 'tempus semper est', '1962-10-28', '2018-07-10', 'Vivamus vestibulum sagittis sapien. Cum sociis natoque penatibus et magnis dis parturient montes, nascetur ridiculus mus. Etiam vel augue.');
insert into Volunteer_Experience (volunteerExperienceID, ApplicantID, title, StartDate, EndDate, Description) values (40, '12', 'enim in', '1995-06-11', '1962-01-17', 'Sed sagittis. Nam congue, risus semper porta volutpat, quam pede lobortis ligula, sit amet eleifend pede libero quis orci. Nullam molestie nibh in lectus.');
insert into Volunteer_Experience (volunteerExperienceID, ApplicantID, title, StartDate, EndDate, Description) values (41, '34', 'donec pharetra magna vestibulum aliquet', '2019-07-18', '2008-04-13', 'Nam ultrices, libero non mattis pulvinar, nulla pede ullamcorper augue, a suscipit nulla elit ac nulla. Sed vel enim sit amet nunc viverra dapibus.');
insert into Volunteer_Experience (volunteerExperienceID, ApplicantID, title, StartDate, EndDate, Description) values (42, '21', 'morbi vel lectus in quam', '2019-08-11', '1967-10-25', 'Nunc purus. Phasellus in felis.');
insert into Volunteer_Experience (volunteerExperienceID, ApplicantID, title, StartDate, EndDate, Description) values (43, '13', 'dui vel nisl duis', '1974-08-18', '2008-05-04', 'Morbi non quam nec dui luctus rutrum. Nulla tellus. In sagittis dui vel nisl.');
insert into Volunteer_Experience (volunteerExperienceID, ApplicantID, title, StartDate, EndDate, Description) values (44, '42', 'ipsum', '1996-05-01', '2011-12-02', 'Duis mattis egestas metus.');
insert into Volunteer_Experience (volunteerExperienceID, ApplicantID, title, StartDate, EndDate, Description) values (45, '50', 'nam congue risus semper porta', '2011-01-03', '1969-01-07', 'Morbi vel lectus in quam fringilla rhoncus. Mauris enim leo, rhoncus sed, vestibulum sit amet, cursus id, turpis.');
insert into Volunteer_Experience (volunteerExperienceID, ApplicantID, title, StartDate, EndDate, Description) values (46, '38', 'in blandit ultrices enim lorem', '1971-08-29', '2017-05-15', 'Vestibulum rutrum rutrum neque. Aenean auctor gravida sem.');
insert into Volunteer_Experience (volunteerExperienceID, ApplicantID, title, StartDate, EndDate, Description) values (47, '27', 'integer pede', '1968-10-26', '2006-12-15', 'Curabitur convallis. Duis consequat dui nec nisi volutpat eleifend.');
insert into Volunteer_Experience (volunteerExperienceID, ApplicantID, title, StartDate, EndDate, Description) values (48, '11', 'mauris morbi non lectus', '1972-08-12', '2010-07-31', 'Donec posuere metus vitae ipsum.');
insert into Volunteer_Experience (volunteerExperienceID, ApplicantID, title, StartDate, EndDate, Description) values (49, '15', 'justo', '2022-05-27', '1970-11-11', 'Phasellus sit amet erat. Nulla tempus.');
insert into Volunteer_Experience (volunteerExperienceID, ApplicantID, title, StartDate, EndDate, Description) values (50, '30', 'cum sociis', '2013-07-22', '1967-12-03', 'Fusce congue, diam id ornare imperdiet, sapien urna pretium nisl, ut volutpat sapien arcu sed augue.');


-- work experience

insert into Work_Experience (experienceID, ApplicantID, title, StartDate, EndDate, Description, City, State) values (1, '49', 'nam nulla integer', '1984-03-15', '2012-05-23', 'Fusce congue, diam id ornare imperdiet, sapien urna pretium nisl, ut volutpat sapien arcu sed augue. Aliquam erat volutpat. In congue.', 'Dasongshu', null);
insert into Work_Experience (experienceID, ApplicantID, title, StartDate, EndDate, Description, City, State) values (2, '14', 'posuere cubilia curae', '1962-11-11', '1966-11-24', 'Maecenas pulvinar lobortis est. Phasellus sit amet erat. Nulla tempus.', 'Cibalieur', null);
insert into Work_Experience (experienceID, ApplicantID, title, StartDate, EndDate, Description, City, State) values (3, '12', 'libero nullam sit amet turpis', '1971-07-05', '1994-06-06', 'Nulla neque libero, convallis eget, eleifend luctus, ultricies eu, nibh.', 'Kim Sơn', null);
insert into Work_Experience (experienceID, ApplicantID, title, StartDate, EndDate, Description, City, State) values (4, '32', 'venenatis tristique fusce congue', '2019-02-09', '1972-05-16', 'Nulla suscipit ligula in lacus. Curabitur at ipsum ac tellus semper interdum. Mauris ullamcorper purus sit amet nulla.', 'La Jutosa', null);
insert into Work_Experience (experienceID, ApplicantID, title, StartDate, EndDate, Description, City, State) values (5, '43', 'arcu', '1989-12-20', '2017-07-24', 'Nulla nisl. Nunc nisl.', 'Jinhu', null);
insert into Work_Experience (experienceID, ApplicantID, title, StartDate, EndDate, Description, City, State) values (6, '31', 'nunc commodo', '1986-07-08', '2021-02-26', 'Ut at dolor quis odio consequat varius. Integer ac leo. Pellentesque ultrices mattis odio. Donec vitae nisi.', 'Sidomulyo', null);
insert into Work_Experience (experienceID, ApplicantID, title, StartDate, EndDate, Description, City, State) values (7, '36', 'vitae mattis nibh ligula nec', '2012-03-20', '2003-12-26', 'In hac habitasse platea dictumst. Morbi vestibulum, velit id pretium iaculis, diam erat fermentum justo, nec condimentum neque sapien placerat ante. Nulla justo.', 'Svetogorsk', null);
insert into Work_Experience (experienceID, ApplicantID, title, StartDate, EndDate, Description, City, State) values (8, '39', 'fermentum', '2013-05-14', '1961-12-26', 'Duis bibendum. Morbi non quam nec dui luctus rutrum. Nulla tellus. In sagittis dui vel nisl.', 'Ljutomer', null);
insert into Work_Experience (experienceID, ApplicantID, title, StartDate, EndDate, Description, City, State) values (9, '16', 'felis sed lacus morbi sem', '1978-06-28', '2009-01-02', 'Vivamus in felis eu sapien cursus vestibulum. Proin eu mi. Nulla ac enim. In tempor, turpis nec euismod scelerisque, quam turpis adipiscing lorem, vitae mattis nibh ligula nec sem. Duis aliquam convallis nunc.', 'Currais Novos', null);
insert into Work_Experience (experienceID, ApplicantID, title, StartDate, EndDate, Description, City, State) values (10, '4', 'urna ut tellus', '1992-09-03', '2005-03-27', 'Donec dapibus. Duis at velit eu est congue elementum. In hac habitasse platea dictumst. Morbi vestibulum, velit id pretium iaculis, diam erat fermentum justo, nec condimentum neque sapien placerat ante.', 'Bayan Bulag', null);
insert into Work_Experience (experienceID, ApplicantID, title, StartDate, EndDate, Description, City, State) values (11, '17', 'nibh in hac habitasse platea', '2006-12-27', '1966-07-08', 'Vivamus vestibulum sagittis sapien. Cum sociis natoque penatibus et magnis dis parturient montes, nascetur ridiculus mus. Etiam vel augue.', 'Tres Unidos', null);
insert into Work_Experience (experienceID, ApplicantID, title, StartDate, EndDate, Description, City, State) values (12, '21', 'in hac habitasse', '2015-06-17', '1981-08-21', 'Curabitur in libero ut massa volutpat convallis.', 'Belyye Berega', null);
insert into Work_Experience (experienceID, ApplicantID, title, StartDate, EndDate, Description, City, State) values (13, '6', 'risus', '1964-11-09', '1982-03-28', 'Donec semper sapien a libero. Nam dui.', 'Ash Shafā', null);
insert into Work_Experience (experienceID, ApplicantID, title, StartDate, EndDate, Description, City, State) values (14, '11', 'turpis enim blandit', '1970-05-26', '1974-01-05', 'Vivamus tortor. Duis mattis egestas metus. Aenean fermentum. Donec ut mauris eget massa tempor convallis.', 'Culasian', null);
insert into Work_Experience (experienceID, ApplicantID, title, StartDate, EndDate, Description, City, State) values (15, '7', 'nisi eu orci mauris lacinia', '2011-02-22', '1986-09-27', 'Nulla nisl. Nunc nisl. Duis bibendum, felis sed interdum venenatis, turpis enim blandit mi, in porttitor pede justo eu massa. Donec dapibus. Duis at velit eu est congue elementum.', 'Yetang', null);
insert into Work_Experience (experienceID, ApplicantID, title, StartDate, EndDate, Description, City, State) values (16, '40', 'justo maecenas rhoncus aliquam lacus', '2011-05-24', '2006-10-12', 'Cras mi pede, malesuada in, imperdiet et, commodo vulputate, justo. In blandit ultrices enim. Lorem ipsum dolor sit amet, consectetuer adipiscing elit.', 'Năm Căn', null);
insert into Work_Experience (experienceID, ApplicantID, title, StartDate, EndDate, Description, City, State) values (17, '38', 'eget elit sodales scelerisque', '2008-02-05', '1997-10-10', 'Duis ac nibh.', 'Cabalawan', null);
insert into Work_Experience (experienceID, ApplicantID, title, StartDate, EndDate, Description, City, State) values (18, '29', 'diam id ornare imperdiet sapien', '1967-09-13', '2020-06-20', 'Donec diam neque, vestibulum eget, vulputate ut, ultrices vel, augue.', 'Takanosu', null);
insert into Work_Experience (experienceID, ApplicantID, title, StartDate, EndDate, Description, City, State) values (19, '24', 'condimentum neque sapien placerat', '1984-07-27', '2015-09-25', 'Cras pellentesque volutpat dui. Maecenas tristique, est et tempus semper, est quam pharetra magna, ac consequat metus sapien ut nunc. Vestibulum ante ipsum primis in faucibus orci luctus et ultrices posuere cubilia Curae; Mauris viverra diam vitae quam. Suspendisse potenti. Nullam porttitor lacus at turpis.', 'Zhashkiv', null);
insert into Work_Experience (experienceID, ApplicantID, title, StartDate, EndDate, Description, City, State) values (20, '46', 'fusce consequat nulla nisl', '1974-12-19', '1984-04-16', 'Morbi sem mauris, laoreet ut, rhoncus aliquet, pulvinar sed, nisl. Nunc rhoncus dui vel sem. Sed sagittis.', 'Lynn', 'Massachusetts');
insert into Work_Experience (experienceID, ApplicantID, title, StartDate, EndDate, Description, City, State) values (21, '26', 'nulla', '2014-06-16', '1996-11-25', 'Aliquam non mauris. Morbi non lectus.', 'Timrat', null);
insert into Work_Experience (experienceID, ApplicantID, title, StartDate, EndDate, Description, City, State) values (22, '9', 'leo maecenas', '1990-04-07', '1991-01-01', 'Donec dapibus. Duis at velit eu est congue elementum. In hac habitasse platea dictumst. Morbi vestibulum, velit id pretium iaculis, diam erat fermentum justo, nec condimentum neque sapien placerat ante. Nulla justo.', 'Mogi das Cruzes', null);
insert into Work_Experience (experienceID, ApplicantID, title, StartDate, EndDate, Description, City, State) values (23, '20', 'et magnis dis', '2000-05-18', '2003-12-05', 'Duis aliquam convallis nunc.', 'Jawatiwa', null);
insert into Work_Experience (experienceID, ApplicantID, title, StartDate, EndDate, Description, City, State) values (24, '33', 'nec condimentum', '1983-11-30', '1964-07-08', 'Vestibulum ac est lacinia nisi venenatis tristique.', 'Qiaobian', null);
insert into Work_Experience (experienceID, ApplicantID, title, StartDate, EndDate, Description, City, State) values (25, '5', 'vel enim', '1997-12-04', '2001-09-22', 'Curabitur in libero ut massa volutpat convallis. Morbi odio odio, elementum eu, interdum eu, tincidunt in, leo.', 'Necochea', null);
insert into Work_Experience (experienceID, ApplicantID, title, StartDate, EndDate, Description, City, State) values (26, '41', 'pellentesque viverra pede ac', '2007-12-21', '1974-01-08', 'Vestibulum rutrum rutrum neque. Aenean auctor gravida sem. Praesent id massa id nisl venenatis lacinia.', 'Tertek', null);
insert into Work_Experience (experienceID, ApplicantID, title, StartDate, EndDate, Description, City, State) values (27, '3', 'quisque id', '1992-02-07', '1986-10-03', 'Vestibulum quam sapien, varius ut, blandit non, interdum in, ante. Vestibulum ante ipsum primis in faucibus orci luctus et ultrices posuere cubilia Curae; Duis faucibus accumsan odio. Curabitur convallis. Duis consequat dui nec nisi volutpat eleifend.', 'Novosin’kovo', null);
insert into Work_Experience (experienceID, ApplicantID, title, StartDate, EndDate, Description, City, State) values (28, '48', 'venenatis non sodales sed tincidunt', '1968-07-12', '1996-03-11', 'Integer aliquet, massa id lobortis convallis, tortor risus dapibus augue, vel accumsan tellus nisi eu orci. Mauris lacinia sapien quis libero. Nullam sit amet turpis elementum ligula vehicula consequat.', 'Buritama', null);
insert into Work_Experience (experienceID, ApplicantID, title, StartDate, EndDate, Description, City, State) values (29, '13', 'hac habitasse platea dictumst morbi', '1982-10-20', '2001-05-17', 'Suspendisse potenti. Nullam porttitor lacus at turpis. Donec posuere metus vitae ipsum.', 'Hucheng', null);
insert into Work_Experience (experienceID, ApplicantID, title, StartDate, EndDate, Description, City, State) values (30, '30', 'rutrum nulla nunc purus', '1969-01-13', '2022-02-01', 'Duis aliquam convallis nunc. Proin at turpis a pede posuere nonummy. Integer non velit.', 'Sarata', null);
insert into Work_Experience (experienceID, ApplicantID, title, StartDate, EndDate, Description, City, State) values (31, '44', 'mauris lacinia sapien quis', '1984-04-16', '1976-09-14', 'Praesent blandit lacinia erat.', 'Capacmarca', null);
insert into Work_Experience (experienceID, ApplicantID, title, StartDate, EndDate, Description, City, State) values (32, '18', 'sed ante vivamus tortor duis', '1980-07-18', '2007-03-06', 'In congue. Etiam justo. Etiam pretium iaculis justo.', 'Severomorsk', null);
insert into Work_Experience (experienceID, ApplicantID, title, StartDate, EndDate, Description, City, State) values (33, '15', 'curabitur gravida nisi at nibh', '1986-01-20', '1990-03-31', 'Donec vitae nisi. Nam ultrices, libero non mattis pulvinar, nulla pede ullamcorper augue, a suscipit nulla elit ac nulla. Sed vel enim sit amet nunc viverra dapibus. Nulla suscipit ligula in lacus. Curabitur at ipsum ac tellus semper interdum.', 'Lamía', null);
insert into Work_Experience (experienceID, ApplicantID, title, StartDate, EndDate, Description, City, State) values (34, '45', 'ullamcorper augue a suscipit', '2004-03-19', '1967-05-28', 'Sed ante. Vivamus tortor. Duis mattis egestas metus. Aenean fermentum. Donec ut mauris eget massa tempor convallis.', 'Malicboy', null);
insert into Work_Experience (experienceID, ApplicantID, title, StartDate, EndDate, Description, City, State) values (35, '10', 'tortor', '1977-11-26', '1970-06-19', 'Cras in purus eu magna vulputate luctus. Cum sociis natoque penatibus et magnis dis parturient montes, nascetur ridiculus mus. Vivamus vestibulum sagittis sapien. Cum sociis natoque penatibus et magnis dis parturient montes, nascetur ridiculus mus.', 'Lyeskawka', null);
insert into Work_Experience (experienceID, ApplicantID, title, StartDate, EndDate, Description, City, State) values (36, '27', 'amet nulla quisque', '1962-05-27', '1994-07-31', 'Proin leo odio, porttitor id, consequat in, consequat ut, nulla.', 'Acharnés', null);
insert into Work_Experience (experienceID, ApplicantID, title, StartDate, EndDate, Description, City, State) values (37, '34', 'aenean', '2013-08-26', '2011-08-08', 'Morbi porttitor lorem id ligula. Suspendisse ornare consequat lectus.', 'Dongdong', null);
insert into Work_Experience (experienceID, ApplicantID, title, StartDate, EndDate, Description, City, State) values (38, '19', 'consequat lectus in est', '1982-09-27', '2008-08-08', 'Nulla mollis molestie lorem.', 'Nobres', null);
insert into Work_Experience (experienceID, ApplicantID, title, StartDate, EndDate, Description, City, State) values (39, '1', 'penatibus et magnis', '1997-06-13', '1992-05-27', 'Donec ut dolor. Morbi vel lectus in quam fringilla rhoncus. Mauris enim leo, rhoncus sed, vestibulum sit amet, cursus id, turpis. Integer aliquet, massa id lobortis convallis, tortor risus dapibus augue, vel accumsan tellus nisi eu orci.', 'Shuanglongchang', null);
insert into Work_Experience (experienceID, ApplicantID, title, StartDate, EndDate, Description, City, State) values (40, '2', 'semper porta volutpat quam pede', '1963-03-23', '2022-04-26', 'Ut at dolor quis odio consequat varius. Integer ac leo.', 'Sindangsari', null);
insert into Work_Experience (experienceID, ApplicantID, title, StartDate, EndDate, Description, City, State) values (41, '50', 'posuere', '1967-11-26', '1989-06-12', 'Nunc purus.', 'Kayan Hulu', null);
insert into Work_Experience (experienceID, ApplicantID, title, StartDate, EndDate, Description, City, State) values (42, '42', 'tincidunt eget tempus', '2020-05-12', '1986-05-21', 'Proin eu mi. Nulla ac enim. In tempor, turpis nec euismod scelerisque, quam turpis adipiscing lorem, vitae mattis nibh ligula nec sem. Duis aliquam convallis nunc. Proin at turpis a pede posuere nonummy.', 'Shizukuishi', null);
insert into Work_Experience (experienceID, ApplicantID, title, StartDate, EndDate, Description, City, State) values (43, '37', 'dis parturient montes nascetur ridiculus', '2020-12-05', '1996-02-01', 'Quisque id justo sit amet sapien dignissim vestibulum.', 'Raheny', null);
insert into Work_Experience (experienceID, ApplicantID, title, StartDate, EndDate, Description, City, State) values (44, '25', 'cras', '1987-04-04', '1973-01-08', 'Nulla neque libero, convallis eget, eleifend luctus, ultricies eu, nibh. Quisque id justo sit amet sapien dignissim vestibulum. Vestibulum ante ipsum primis in faucibus orci luctus et ultrices posuere cubilia Curae; Nulla dapibus dolor vel est. Donec odio justo, sollicitudin ut, suscipit a, feugiat et, eros. Vestibulum ac est lacinia nisi venenatis tristique.', 'Middelburg', 'Provincie Zeeland');
insert into Work_Experience (experienceID, ApplicantID, title, StartDate, EndDate, Description, City, State) values (45, '28', 'ut erat curabitur gravida nisi', '1972-06-13', '2021-11-30', 'Vestibulum ante ipsum primis in faucibus orci luctus et ultrices posuere cubilia Curae; Donec pharetra, magna vestibulum aliquet ultrices, erat tortor sollicitudin mi, sit amet lobortis sapien sapien non mi. Integer ac neque.', 'Sexiong', null);
insert into Work_Experience (experienceID, ApplicantID, title, StartDate, EndDate, Description, City, State) values (46, '8', 'posuere cubilia curae donec', '2010-05-12', '1986-09-02', 'Vivamus vestibulum sagittis sapien. Cum sociis natoque penatibus et magnis dis parturient montes, nascetur ridiculus mus. Etiam vel augue.', 'Renfengzhuang', null);
insert into Work_Experience (experienceID, ApplicantID, title, StartDate, EndDate, Description, City, State) values (47, '47', 'nulla mollis molestie lorem', '2021-03-16', '1962-12-25', 'Praesent lectus. Vestibulum quam sapien, varius ut, blandit non, interdum in, ante.', 'Orleans', null);
insert into Work_Experience (experienceID, ApplicantID, title, StartDate, EndDate, Description, City, State) values (48, '35', 'semper rutrum', '2013-07-14', '1982-10-24', 'Morbi odio odio, elementum eu, interdum eu, tincidunt in, leo.', 'Rychwał', null);
insert into Work_Experience (experienceID, ApplicantID, title, StartDate, EndDate, Description, City, State) values (49, '23', 'purus sit', '1969-07-23', '2021-04-05', 'Fusce congue, diam id ornare imperdiet, sapien urna pretium nisl, ut volutpat sapien arcu sed augue.', 'Quinjalca', null);
insert into Work_Experience (experienceID, ApplicantID, title, StartDate, EndDate, Description, City, State) values (50, '22', 'hac', '1980-01-13', '1994-09-29', 'Mauris sit amet eros.', 'Fuding', null);

-- skill


insert into skill (skillID, Name)
values (1, 'TVC');
insert into skill (skillID, Name)
values (2, 'Drama');
insert into skill (skillID, Name)
values (3, 'PTLLS');
insert into skill (skillID, Name)
values (4, 'RTOS');
insert into skill (skillID, Name)
values (5, 'Disability Insurance');
insert into skill (skillID, Name)
values (6, 'VoIP');
insert into skill (skillID, Name)
values (7, 'PCI Standards');
insert into skill (skillID, Name)
values (8, 'Tutoring');
insert into skill (skillID, Name)
values (9, 'Embedded Systems');
insert into skill (skillID, Name)
values (10, 'HMO');
insert into skill (skillID, Name)
values (11, 'BMP design');
insert into skill (skillID, Name)
values (12, 'DP');
insert into skill (skillID, Name)
values (13, 'Construction Management');
insert into skill (skillID, Name)
values (14, 'IWR');
insert into skill (skillID, Name)
values (15, 'Olfaction');
insert into skill (skillID, Name)
values (16, 'DNA methylation');
insert into skill (skillID, Name)
values (17, 'PCR');
insert into skill (skillID, Name)
values (18, 'Aquisition');
insert into skill (skillID, Name)
values (19, 'PDMLink');
insert into skill (skillID, Name)
values (20, 'ODE');
insert into skill (skillID, Name)
values (21, 'Vendor Management');
insert into skill (skillID, Name)
values (22, 'Mortgage Underwriting');
insert into skill (skillID, Name)
values (23, 'Supply Management');
insert into skill (skillID, Name)
values (24, 'Long-term Care');
insert into skill (skillID, Name)
values (25, 'DDR2');
insert into skill (skillID, Name)
values (26, 'vBulletin');
insert into skill (skillID, Name)
values (27, 'Xajax');
insert into skill (skillID, Name)
values (28, 'Brochures');
insert into skill (skillID, Name)
values (29, 'QAS');
insert into skill (skillID, Name)
values (30, 'Mental Health Counseling');
insert into skill (skillID, Name)
values (31, 'Workplace Violence');
insert into skill (skillID, Name)
values (32, 'CMMI Level 5');
insert into skill (skillID, Name)
values (33, 'Xytech');
insert into skill (skillID, Name)
values (34, 'Natural Gas');
insert into skill (skillID, Name)
values (35, 'Civil Rights');
insert into skill (skillID, Name)
values (36, 'KNX');
insert into skill (skillID, Name)
values (37, 'TMDLs');
insert into skill (skillID, Name)
values (38, 'VSEO');
insert into skill (skillID, Name)
values (39, 'Zend Certified Engineer');
insert into skill (skillID, Name)
values (40, 'LDOM');
insert into skill (skillID, Name)
values (41, 'Organization Skills');
insert into skill (skillID, Name)
values (42, 'Urban');
insert into skill (skillID, Name)
values (43, 'Contractual Agreements');
insert into skill (skillID, Name)
values (44, 'cXML');
insert into skill (skillID, Name)
values (45, 'EWP');
insert into skill (skillID, Name)
values (46, 'eHealth');
insert into skill (skillID, Name)
values (47, 'NGP');
insert into skill (skillID, Name)
values (48, 'LCD');
insert into skill (skillID, Name)
values (49, 'HR Transformation');
insert into skill (skillID, Name)
values (50, 'DDS');


-- applicant skill


insert into applicant_skill (ApplicantID, SkillID, SkillLevel)
values ('9', '4', 2);
insert into applicant_skill (ApplicantID, SkillID, SkillLevel)
values ('5', '9', 10);
insert into applicant_skill (ApplicantID, SkillID, SkillLevel)
values ('50', '39', 2);
insert into applicant_skill (ApplicantID, SkillID, SkillLevel)
values ('28', '46', 6);
insert into applicant_skill (ApplicantID, SkillID, SkillLevel)
values ('45', '21', 2);
insert into applicant_skill (ApplicantID, SkillID, SkillLevel)
values ('37', '14', 1);
insert into applicant_skill (ApplicantID, SkillID, SkillLevel)
values ('39', '50', 7);
insert into applicant_skill (ApplicantID, SkillID, SkillLevel)
values ('41', '28', 5);
insert into applicant_skill (ApplicantID, SkillID, SkillLevel)
values ('2', '34', 3);
insert into applicant_skill (ApplicantID, SkillID, SkillLevel)
values ('38', '32', 5);
insert into applicant_skill (ApplicantID, SkillID, SkillLevel)
values ('19', '25', 7);
insert into applicant_skill (ApplicantID, SkillID, SkillLevel)
values ('44', '5', 4);
insert into applicant_skill (ApplicantID, SkillID, SkillLevel)
values ('21', '43', 3);
insert into applicant_skill (ApplicantID, SkillID, SkillLevel)
values ('18', '49', 2);
insert into applicant_skill (ApplicantID, SkillID, SkillLevel)
values ('6', '37', 9);
insert into applicant_skill (ApplicantID, SkillID, SkillLevel)
values ('17', '11', 6);
insert into applicant_skill (ApplicantID, SkillID, SkillLevel)
values ('46', '12', 3);
insert into applicant_skill (ApplicantID, SkillID, SkillLevel)
values ('22', '16', 1);
insert into applicant_skill (ApplicantID, SkillID, SkillLevel)
values ('15', '13', 3);
insert into applicant_skill (ApplicantID, SkillID, SkillLevel)
values ('25', '26', 3);
insert into applicant_skill (ApplicantID, SkillID, SkillLevel)
values ('30', '20', 3);
insert into applicant_skill (ApplicantID, SkillID, SkillLevel)
values ('27', '24', 2);
insert into applicant_skill (ApplicantID, SkillID, SkillLevel)
values ('10', '44', 8);
insert into applicant_skill (ApplicantID, SkillID, SkillLevel)
values ('20', '2', 9);
insert into applicant_skill (ApplicantID, SkillID, SkillLevel)
values ('12', '40', 5);
insert into applicant_skill (ApplicantID, SkillID, SkillLevel)
values ('34', '45', 5);
insert into applicant_skill (ApplicantID, SkillID, SkillLevel)
values ('42', '8', 8);
insert into applicant_skill (ApplicantID, SkillID, SkillLevel)
values ('40', '22', 4);
insert into applicant_skill (ApplicantID, SkillID, SkillLevel)
values ('13', '36', 8);
insert into applicant_skill (ApplicantID, SkillID, SkillLevel)
values ('23', '3', 4);
insert into applicant_skill (ApplicantID, SkillID, SkillLevel)
values ('43', '33', 2);
insert into applicant_skill (ApplicantID, SkillID, SkillLevel)
values ('1', '27', 3);
insert into applicant_skill (ApplicantID, SkillID, SkillLevel)
values ('31', '19', 4);
insert into applicant_skill (ApplicantID, SkillID, SkillLevel)
values ('26', '7', 10);
insert into applicant_skill (ApplicantID, SkillID, SkillLevel)
values ('48', '29', 4);
insert into applicant_skill (ApplicantID, SkillID, SkillLevel)
values ('35', '48', 6);
insert into applicant_skill (ApplicantID, SkillID, SkillLevel)
values ('47', '31', 8);
insert into applicant_skill (ApplicantID, SkillID, SkillLevel)
values ('7', '23', 2);
insert into applicant_skill (ApplicantID, SkillID, SkillLevel)
values ('49', '15', 6);
insert into applicant_skill (ApplicantID, SkillID, SkillLevel)
values ('32', '35', 3);
insert into applicant_skill (ApplicantID, SkillID, SkillLevel)
values ('29', '18', 4);
insert into applicant_skill (ApplicantID, SkillID, SkillLevel)
values ('14', '47', 7);
insert into applicant_skill (ApplicantID, SkillID, SkillLevel)
values ('33', '17', 8);
insert into applicant_skill (ApplicantID, SkillID, SkillLevel)
values ('24', '41', 10);
insert into applicant_skill (ApplicantID, SkillID, SkillLevel)
values ('8', '6', 5);
insert into applicant_skill (ApplicantID, SkillID, SkillLevel)
values ('4', '42', 8);
insert into applicant_skill (ApplicantID, SkillID, SkillLevel)
values ('11', '38', 4);
insert into applicant_skill (ApplicantID, SkillID, SkillLevel)
values ('36', '30', 1);
insert into applicant_skill (ApplicantID, SkillID, SkillLevel)
values ('3', '10', 6);
insert into applicant_skill (ApplicantID, SkillID, SkillLevel)
values ('13', '41', 6);
insert into applicant_skill (ApplicantID, SkillID, SkillLevel)
values ('20', '9', 7);
insert into applicant_skill (ApplicantID, SkillID, SkillLevel)
values ('11', '48', 4);
insert into applicant_skill (ApplicantID, SkillID, SkillLevel)
values ('2', '26', 6);
insert into applicant_skill (ApplicantID, SkillID, SkillLevel)
values ('14', '38', 1);
insert into applicant_skill (ApplicantID, SkillID, SkillLevel)
values ('47', '16', 4);
insert into applicant_skill (ApplicantID, SkillID, SkillLevel)
values ('9', '15', 6);
insert into applicant_skill (ApplicantID, SkillID, SkillLevel)
values ('44', '34', 1);
insert into applicant_skill (ApplicantID, SkillID, SkillLevel)
values ('45', '36', 1);
insert into applicant_skill (ApplicantID, SkillID, SkillLevel)
values ('48', '37', 3);
insert into applicant_skill (ApplicantID, SkillID, SkillLevel)
values ('17', '39', 1);
insert into applicant_skill (ApplicantID, SkillID, SkillLevel)
values ('40', '35', 10);
insert into applicant_skill (ApplicantID, SkillID, SkillLevel)
values ('6', '30', 1);
insert into applicant_skill (ApplicantID, SkillID, SkillLevel)
values ('43', '45', 3);
insert into applicant_skill (ApplicantID, SkillID, SkillLevel)
values ('32', '46', 4);
insert into applicant_skill (ApplicantID, SkillID, SkillLevel)
values ('10', '5', 3);
insert into applicant_skill (ApplicantID, SkillID, SkillLevel)
values ('12', '2', 7);
insert into applicant_skill (ApplicantID, SkillID, SkillLevel)
values ('46', '18', 4);
insert into applicant_skill (ApplicantID, SkillID, SkillLevel)
values ('18', '4', 3);
insert into applicant_skill (ApplicantID, SkillID, SkillLevel)
values ('1', '40', 1);
insert into applicant_skill (ApplicantID, SkillID, SkillLevel)
values ('41', '19', 4);
insert into applicant_skill (ApplicantID, SkillID, SkillLevel)
values ('31', '13', 10);
insert into applicant_skill (ApplicantID, SkillID, SkillLevel)
values ('49', '3', 8);
insert into applicant_skill (ApplicantID, SkillID, SkillLevel)
values ('28', '24', 6);
insert into applicant_skill (ApplicantID, SkillID, SkillLevel)
values ('21', '21', 6);
insert into applicant_skill (ApplicantID, SkillID, SkillLevel)
values ('24', '10', 5);
insert into applicant_skill (ApplicantID, SkillID, SkillLevel)
values ('36', '27', 5);
insert into applicant_skill (ApplicantID, SkillID, SkillLevel)
values ('7', '28', 10);
insert into applicant_skill (ApplicantID, SkillID, SkillLevel)
values ('35', '43', 9);
insert into applicant_skill (ApplicantID, SkillID, SkillLevel)
values ('22', '17', 5);
insert into applicant_skill (ApplicantID, SkillID, SkillLevel)
values ('19', '31', 6);
insert into applicant_skill (ApplicantID, SkillID, SkillLevel)
values ('30', '22', 9);
insert into applicant_skill (ApplicantID, SkillID, SkillLevel)
values ('26', '42', 4);
insert into applicant_skill (ApplicantID, SkillID, SkillLevel)
values ('50', '7', 1);
insert into applicant_skill (ApplicantID, SkillID, SkillLevel)
values ('29', '11', 5);
insert into applicant_skill (ApplicantID, SkillID, SkillLevel)
values ('8', '29', 7);
insert into applicant_skill (ApplicantID, SkillID, SkillLevel)
values ('33', '47', 5);
insert into applicant_skill (ApplicantID, SkillID, SkillLevel)
values ('3', '25', 10);
insert into applicant_skill (ApplicantID, SkillID, SkillLevel)
values ('25', '44', 9);
insert into applicant_skill (ApplicantID, SkillID, SkillLevel)
values ('39', '20', 8);
insert into applicant_skill (ApplicantID, SkillID, SkillLevel)
values ('4', '8', 10);
insert into applicant_skill (ApplicantID, SkillID, SkillLevel)
values ('27', '23', 7);
insert into applicant_skill (ApplicantID, SkillID, SkillLevel)
values ('23', '32', 5);
insert into applicant_skill (ApplicantID, SkillID, SkillLevel)
values ('5', '12', 1);
insert into applicant_skill (ApplicantID, SkillID, SkillLevel)
values ('38', '33', 9);
insert into applicant_skill (ApplicantID, SkillID, SkillLevel)
values ('34', '6', 9);
insert into applicant_skill (ApplicantID, SkillID, SkillLevel)
values ('15', '49', 10);
insert into applicant_skill (ApplicantID, SkillID, SkillLevel)
values ('42', '50', 7);
insert into applicant_skill (ApplicantID, SkillID, SkillLevel)
values ('5', '13', 5);
insert into applicant_skill (ApplicantID, SkillID, SkillLevel)
values ('49', '25', 6);
insert into applicant_skill (ApplicantID, SkillID, SkillLevel)
values ('18', '33', 5);
insert into applicant_skill (ApplicantID, SkillID, SkillLevel)
values ('6', '26', 9);
insert into applicant_skill (ApplicantID, SkillID, SkillLevel)
values ('23', '24', 8);
insert into applicant_skill (ApplicantID, SkillID, SkillLevel)
values ('34', '19', 2);
insert into applicant_skill (ApplicantID, SkillID, SkillLevel)
values ('35', '11', 10);
insert into applicant_skill (ApplicantID, SkillID, SkillLevel)
values ('40', '12', 10);
insert into applicant_skill (ApplicantID, SkillID, SkillLevel)
values ('3', '46', 5);
insert into applicant_skill (ApplicantID, SkillID, SkillLevel)
values ('24', '38', 5);
insert into applicant_skill (ApplicantID, SkillID, SkillLevel)
values ('21', '20', 2);
insert into applicant_skill (ApplicantID, SkillID, SkillLevel)
values ('39', '4', 7);
insert into applicant_skill (ApplicantID, SkillID, SkillLevel)
values ('42', '3', 6);
insert into applicant_skill (ApplicantID, SkillID, SkillLevel)
values ('17', '16', 10);
insert into applicant_skill (ApplicantID, SkillID, SkillLevel)
values ('12', '18', 6);
insert into applicant_skill (ApplicantID, SkillID, SkillLevel)
values ('31', '27', 2);
insert into applicant_skill (ApplicantID, SkillID, SkillLevel)
values ('1', '37', 6);
insert into applicant_skill (ApplicantID, SkillID, SkillLevel)
values ('13', '10', 7);
insert into applicant_skill (ApplicantID, SkillID, SkillLevel)
values ('45', '1', 6);
insert into applicant_skill (ApplicantID, SkillID, SkillLevel)
values ('14', '42', 4);
insert into applicant_skill (ApplicantID, SkillID, SkillLevel)
values ('37', '22', 3);
insert into applicant_skill (ApplicantID, SkillID, SkillLevel)
values ('30', '21', 6);
insert into applicant_skill (ApplicantID, SkillID, SkillLevel)
values ('25', '7', 4);
insert into applicant_skill (ApplicantID, SkillID, SkillLevel)
values ('22', '49', 8);
insert into applicant_skill (ApplicantID, SkillID, SkillLevel)
values ('29', '6', 7);
insert into applicant_skill (ApplicantID, SkillID, SkillLevel)
values ('9', '34', 4);
insert into applicant_skill (ApplicantID, SkillID, SkillLevel)
values ('7', '50', 1);
insert into applicant_skill (ApplicantID, SkillID, SkillLevel)
values ('41', '15', 4);
insert into applicant_skill (ApplicantID, SkillID, SkillLevel)
values ('11', '17', 1);
insert into applicant_skill (ApplicantID, SkillID, SkillLevel)
values ('20', '48', 5);
insert into applicant_skill (ApplicantID, SkillID, SkillLevel)
values ('8', '45', 4);
insert into applicant_skill (ApplicantID, SkillID, SkillLevel)
values ('19', '41', 9);
insert into applicant_skill (ApplicantID, SkillID, SkillLevel)
values ('16', '14', 9);
insert into applicant_skill (ApplicantID, SkillID, SkillLevel)
values ('50', '44', 4);
insert into applicant_skill (ApplicantID, SkillID, SkillLevel)
values ('32', '32', 1);
insert into applicant_skill (ApplicantID, SkillID, SkillLevel)
values ('48', '35', 5);
insert into applicant_skill (ApplicantID, SkillID, SkillLevel)
values ('36', '5', 6);
insert into applicant_skill (ApplicantID, SkillID, SkillLevel)
values ('44', '23', 8);
insert into applicant_skill (ApplicantID, SkillID, SkillLevel)
values ('38', '40', 3);
insert into applicant_skill (ApplicantID, SkillID, SkillLevel)
values ('46', '36', 8);
insert into applicant_skill (ApplicantID, SkillID, SkillLevel)
values ('27', '31', 1);
insert into applicant_skill (ApplicantID, SkillID, SkillLevel)
values ('28', '29', 8);
insert into applicant_skill (ApplicantID, SkillID, SkillLevel)
values ('10', '2', 8);
insert into applicant_skill (ApplicantID, SkillID, SkillLevel)
values ('2', '9', 2);
insert into applicant_skill (ApplicantID, SkillID, SkillLevel)
values ('4', '43', 4);
insert into applicant_skill (ApplicantID, SkillID, SkillLevel)
values ('43', '39', 4);
insert into applicant_skill (ApplicantID, SkillID, SkillLevel)
values ('26', '28', 1);
insert into applicant_skill (ApplicantID, SkillID, SkillLevel)
values ('15', '30', 2);
insert into applicant_skill (ApplicantID, SkillID, SkillLevel)
values ('47', '8', 5);
insert into applicant_skill (ApplicantID, SkillID, SkillLevel)
values ('20', '10', 10);
insert into applicant_skill (ApplicantID, SkillID, SkillLevel)
values ('38', '5', 4);
insert into applicant_skill (ApplicantID, SkillID, SkillLevel)
values ('15', '48', 5);
insert into applicant_skill (ApplicantID, SkillID, SkillLevel)
values ('1', '49', 5);
insert into applicant_skill (ApplicantID, SkillID, SkillLevel)
values ('29', '38', 2);
insert into applicant_skill (ApplicantID, SkillID, SkillLevel)
values ('11', '18', 9);
insert into applicant_skill (ApplicantID, SkillID, SkillLevel)
values ('8', '19', 3);
insert into applicant_skill (ApplicantID, SkillID, SkillLevel)
values ('7', '12', 9);
insert into applicant_skill (ApplicantID, SkillID, SkillLevel)
values ('40', '50', 3);
insert into applicant_skill (ApplicantID, SkillID, SkillLevel)
values ('19', '39', 9);
insert into applicant_skill (ApplicantID, SkillID, SkillLevel)
values ('9', '3', 3);
insert into applicant_skill (ApplicantID, SkillID, SkillLevel)
values ('35', '14', 2);
insert into applicant_skill (ApplicantID, SkillID, SkillLevel)
values ('27', '34', 8);
insert into applicant_skill (ApplicantID, SkillID, SkillLevel)
values ('3', '37', 4);
insert into applicant_skill (ApplicantID, SkillID, SkillLevel)
values ('22', '41', 4);
insert into applicant_skill (ApplicantID, SkillID, SkillLevel)
values ('41', '24', 6);
insert into applicant_skill (ApplicantID, SkillID, SkillLevel)
values ('6', '33', 6);
insert into applicant_skill (ApplicantID, SkillID, SkillLevel)
values ('39', '15', 8);
insert into applicant_skill (ApplicantID, SkillID, SkillLevel)
values ('45', '35', 1);
insert into applicant_skill (ApplicantID, SkillID, SkillLevel)
values ('42', '27', 6);
insert into applicant_skill (ApplicantID, SkillID, SkillLevel)
values ('14', '44', 6);
insert into applicant_skill (ApplicantID, SkillID, SkillLevel)
values ('44', '42', 9);
insert into applicant_skill (ApplicantID, SkillID, SkillLevel)
values ('30', '40', 9);
insert into applicant_skill (ApplicantID, SkillID, SkillLevel)
values ('36', '6', 6);
insert into applicant_skill (ApplicantID, SkillID, SkillLevel)
values ('10', '17', 9);
insert into applicant_skill (ApplicantID, SkillID, SkillLevel)
values ('16', '16', 8);
insert into applicant_skill (ApplicantID, SkillID, SkillLevel)
values ('25', '11', 10);


-- skill test


insert into skill_test (SkillTestID, SKillID, Name)
values (1, '31', 'integer ac leo');
insert into skill_test (SkillTestID, SKillID, Name)
values (2, '28', 'non velit nec nisi');
insert into skill_test (SkillTestID, SKillID, Name)
values (3, '30', 'aliquet maecenas leo');
insert into skill_test (SkillTestID, SKillID, Name)
values (4, '13', 'id pretium iaculis diam erat');
insert into skill_test (SkillTestID, SKillID, Name)
values (5, '35', 'suspendisse potenti cras in');
insert into skill_test (SkillTestID, SKillID, Name)
values (6, '47', 'cubilia curae duis faucibus accumsan');
insert into skill_test (SkillTestID, SKillID, Name)
values (7, '24', 'ut ultrices vel');
insert into skill_test (SkillTestID, SKillID, Name)
values (8, '27', 'interdum');
insert into skill_test (SkillTestID, SKillID, Name)
values (9, '33', 'nibh in');
insert into skill_test (SkillTestID, SKillID, Name)
values (10, '9', 'lacinia nisi venenatis tristique');
insert into skill_test (SkillTestID, SKillID, Name)
values (11, '46', 'luctus et');
insert into skill_test (SkillTestID, SKillID, Name)
values (12, '40', 'sit');
insert into skill_test (SkillTestID, SKillID, Name)
values (13, '38', 'justo pellentesque viverra pede ac');
insert into skill_test (SkillTestID, SKillID, Name)
values (14, '37', 'sapien cursus vestibulum proin eu');
insert into skill_test (SkillTestID, SKillID, Name)
values (15, '14', 'scelerisque');
insert into skill_test (SkillTestID, SKillID, Name)
values (16, '3', 'ante ipsum primis in');
insert into skill_test (SkillTestID, SKillID, Name)
values (17, '17', 'congue risus semper porta volutpat');
insert into skill_test (SkillTestID, SKillID, Name)
values (18, '42', 'rutrum rutrum neque');
insert into skill_test (SkillTestID, SKillID, Name)
values (19, '19', 'eros suspendisse accumsan tortor');
insert into skill_test (SkillTestID, SKillID, Name)
values (20, '36', 'enim lorem ipsum dolor sit');
insert into skill_test (SkillTestID, SKillID, Name)
values (21, '11', 'in purus eu magna vulputate');
insert into skill_test (SkillTestID, SKillID, Name)
values (22, '12', 'lacinia');
insert into skill_test (SkillTestID, SKillID, Name)
values (23, '23', 'sagittis');
insert into skill_test (SkillTestID, SKillID, Name)
values (24, '32', 'ut');
insert into skill_test (SkillTestID, SKillID, Name)
values (25, '5', 'diam erat fermentum justo nec');
insert into skill_test (SkillTestID, SKillID, Name)
values (26, '7', 'semper interdum mauris ullamcorper purus');
insert into skill_test (SkillTestID, SKillID, Name)
values (27, '48', 'in sagittis dui');
insert into skill_test (SkillTestID, SKillID, Name)
values (28, '29', 'eget');
insert into skill_test (SkillTestID, SKillID, Name)
values (29, '4', 'convallis morbi odio odio');
insert into skill_test (SkillTestID, SKillID, Name)
values (30, '20', 'accumsan felis ut at dolor');
insert into skill_test (SkillTestID, SKillID, Name)
values (31, '39', 'in hac habitasse platea');
insert into skill_test (SkillTestID, SKillID, Name)
values (32, '18', 'sed');
insert into skill_test (SkillTestID, SKillID, Name)
values (33, '25', 'odio odio elementum eu interdum');
insert into skill_test (SkillTestID, SKillID, Name)
values (34, '21', 'dignissim');
insert into skill_test (SkillTestID, SKillID, Name)
values (35, '34', 'sit amet eleifend pede libero');
insert into skill_test (SkillTestID, SKillID, Name)
values (36, '22', 'placerat');
insert into skill_test (SkillTestID, SKillID, Name)
values (37, '15', 'lacinia');
insert into skill_test (SkillTestID, SKillID, Name)
values (38, '50', 'sit');
insert into skill_test (SkillTestID, SKillID, Name)
values (39, '44', 'nulla');
insert into skill_test (SkillTestID, SKillID, Name)
values (40, '2', 'sem');
insert into skill_test (SkillTestID, SKillID, Name)
values (41, '49', 'sapien varius');
insert into skill_test (SkillTestID, SKillID, Name)
values (42, '1', 'ut');
insert into skill_test (SkillTestID, SKillID, Name)
values (43, '6', 'proin');
insert into skill_test (SkillTestID, SKillID, Name)
values (44, '43', 'posuere metus');
insert into skill_test (SkillTestID, SKillID, Name)
values (45, '45', 'in tempus sit amet sem');
insert into skill_test (SkillTestID, SKillID, Name)
values (46, '10', 'primis');
insert into skill_test (SkillTestID, SKillID, Name)
values (47, '41', 'massa tempor');
insert into skill_test (SkillTestID, SKillID, Name)
values (48, '8', 'ut');
insert into skill_test (SkillTestID, SKillID, Name)
values (49, '16', 'est risus');
insert into skill_test (SkillTestID, SKillID, Name)
values (50, '26', 'sit amet');


-- applicant skill test


insert into applicantSkillTests (ApplicantID, SkillTestID, dateTaken, Score) values ('7', '6', '2012-02-29', 21);
insert into applicantSkillTests (ApplicantID, SkillTestID, dateTaken, Score) values ('46', '13', '2006-08-09', 41);
insert into applicantSkillTests (ApplicantID, SkillTestID, dateTaken, Score) values ('4', '32', '2021-06-12', 100);
insert into applicantSkillTests (ApplicantID, SkillTestID, dateTaken, Score) values ('35', '38', '2008-07-18', 62);
insert into applicantSkillTests (ApplicantID, SkillTestID, dateTaken, Score) values ('29', '48', '2015-08-29', 18);
insert into applicantSkillTests (ApplicantID, SkillTestID, dateTaken, Score) values ('31', '17', '2023-01-26', 4);
insert into applicantSkillTests (ApplicantID, SkillTestID, dateTaken, Score) values ('43', '42', '2002-09-05', 74);
insert into applicantSkillTests (ApplicantID, SkillTestID, dateTaken, Score) values ('39', '31', '2014-09-17', 59);
insert into applicantSkillTests (ApplicantID, SkillTestID, dateTaken, Score) values ('13', '34', '2015-04-26', 61);
insert into applicantSkillTests (ApplicantID, SkillTestID, dateTaken, Score) values ('11', '10', '2008-03-13', 20);
insert into applicantSkillTests (ApplicantID, SkillTestID, dateTaken, Score) values ('2', '16', '2019-10-26', 29);
insert into applicantSkillTests (ApplicantID, SkillTestID, dateTaken, Score) values ('3', '25', '2008-01-01', 94);
insert into applicantSkillTests (ApplicantID, SkillTestID, dateTaken, Score) values ('16', '19', '2009-01-06', 32);
insert into applicantSkillTests (ApplicantID, SkillTestID, dateTaken, Score) values ('14', '45', '2014-07-17', 44);
insert into applicantSkillTests (ApplicantID, SkillTestID, dateTaken, Score) values ('5', '28', '2023-04-12', 77);
insert into applicantSkillTests (ApplicantID, SkillTestID, dateTaken, Score) values ('15', '14', '2012-07-02', 72);
insert into applicantSkillTests (ApplicantID, SkillTestID, dateTaken, Score) values ('24', '44', '2015-02-17', 63);
insert into applicantSkillTests (ApplicantID, SkillTestID, dateTaken, Score) values ('41', '43', '2013-10-10', 62);
insert into applicantSkillTests (ApplicantID, SkillTestID, dateTaken, Score) values ('50', '36', '2010-08-16', 96);
insert into applicantSkillTests (ApplicantID, SkillTestID, dateTaken, Score) values ('27', '47', '2003-02-09', 38);
insert into applicantSkillTests (ApplicantID, SkillTestID, dateTaken, Score) values ('21', '4', '2003-01-18', 41);
insert into applicantSkillTests (ApplicantID, SkillTestID, dateTaken, Score) values ('42', '3', '2006-03-17', 33);
insert into applicantSkillTests (ApplicantID, SkillTestID, dateTaken, Score) values ('44', '7', '2000-08-13', 13);
insert into applicantSkillTests (ApplicantID, SkillTestID, dateTaken, Score) values ('48', '41', '2022-06-30', 86);
insert into applicantSkillTests (ApplicantID, SkillTestID, dateTaken, Score) values ('22', '40', '2009-01-07', 29);
insert into applicantSkillTests (ApplicantID, SkillTestID, dateTaken, Score) values ('32', '18', '2010-04-20', 41);
insert into applicantSkillTests (ApplicantID, SkillTestID, dateTaken, Score) values ('1', '24', '2008-04-13', 61);
insert into applicantSkillTests (ApplicantID, SkillTestID, dateTaken, Score) values ('45', '15', '2021-07-03', 35);
insert into applicantSkillTests (ApplicantID, SkillTestID, dateTaken, Score) values ('47', '27', '2011-06-21', 8);
insert into applicantSkillTests (ApplicantID, SkillTestID, dateTaken, Score) values ('36', '37', '2017-12-02', 38);
insert into applicantSkillTests (ApplicantID, SkillTestID, dateTaken, Score) values ('30', '8', '2013-05-29', 36);
insert into applicantSkillTests (ApplicantID, SkillTestID, dateTaken, Score) values ('12', '11', '2009-06-13', 77);
insert into applicantSkillTests (ApplicantID, SkillTestID, dateTaken, Score) values ('25', '33', '2012-06-01', 58);
insert into applicantSkillTests (ApplicantID, SkillTestID, dateTaken, Score) values ('23', '39', '2021-09-30', 13);
insert into applicantSkillTests (ApplicantID, SkillTestID, dateTaken, Score) values ('6', '26', '2021-10-30', 33);
insert into applicantSkillTests (ApplicantID, SkillTestID, dateTaken, Score) values ('9', '5', '2007-10-05', 22);
insert into applicantSkillTests (ApplicantID, SkillTestID, dateTaken, Score) values ('8', '2', '2004-01-20', 55);
insert into applicantSkillTests (ApplicantID, SkillTestID, dateTaken, Score) values ('18', '23', '2016-03-19', 65);
insert into applicantSkillTests (ApplicantID, SkillTestID, dateTaken, Score) values ('19', '30', '2016-08-06', 66);
insert into applicantSkillTests (ApplicantID, SkillTestID, dateTaken, Score) values ('34', '21', '2003-04-28', 61);
insert into applicantSkillTests (ApplicantID, SkillTestID, dateTaken, Score) values ('33', '50', '2022-10-06', 21);
insert into applicantSkillTests (ApplicantID, SkillTestID, dateTaken, Score) values ('20', '35', '2004-07-16', 30);
insert into applicantSkillTests (ApplicantID, SkillTestID, dateTaken, Score) values ('26', '29', '2020-12-17', 34);
insert into applicantSkillTests (ApplicantID, SkillTestID, dateTaken, Score) values ('37', '49', '2001-01-09', 92);
insert into applicantSkillTests (ApplicantID, SkillTestID, dateTaken, Score) values ('49', '22', '2018-12-20', 18);
insert into applicantSkillTests (ApplicantID, SkillTestID, dateTaken, Score) values ('10', '20', '2013-01-15', 53);
insert into applicantSkillTests (ApplicantID, SkillTestID, dateTaken, Score) values ('40', '9', '2002-11-09', 12);
insert into applicantSkillTests (ApplicantID, SkillTestID, dateTaken, Score) values ('38', '1', '2021-08-27', 48);
insert into applicantSkillTests (ApplicantID, SkillTestID, dateTaken, Score) values ('28', '46', '2011-09-01', 11);
insert into applicantSkillTests (ApplicantID, SkillTestID, dateTaken, Score) values ('17', '12', '2012-08-16', 39);
insert into applicantSkillTests (ApplicantID, SkillTestID, dateTaken, Score) values ('46', '44', '2022-11-12', 88);
insert into applicantSkillTests (ApplicantID, SkillTestID, dateTaken, Score) values ('39', '20', '2016-02-15', 89);
insert into applicantSkillTests (ApplicantID, SkillTestID, dateTaken, Score) values ('48', '1', '2013-08-03', 27);
insert into applicantSkillTests (ApplicantID, SkillTestID, dateTaken, Score) values ('17', '41', '2013-06-18', 23);
insert into applicantSkillTests (ApplicantID, SkillTestID, dateTaken, Score) values ('24', '19', '2001-03-11', 17);
insert into applicantSkillTests (ApplicantID, SkillTestID, dateTaken, Score) values ('47', '45', '2001-01-14', 23);
insert into applicantSkillTests (ApplicantID, SkillTestID, dateTaken, Score) values ('28', '13', '2009-02-22', 27);
insert into applicantSkillTests (ApplicantID, SkillTestID, dateTaken, Score) values ('13', '15', '2022-03-31', 39);
insert into applicantSkillTests (ApplicantID, SkillTestID, dateTaken, Score) values ('36', '26', '2010-08-18', 40);
insert into applicantSkillTests (ApplicantID, SkillTestID, dateTaken, Score) values ('40', '12', '2017-10-05', 24);
insert into applicantSkillTests (ApplicantID, SkillTestID, dateTaken, Score) values ('38', '7', '2004-11-12', 18);
insert into applicantSkillTests (ApplicantID, SkillTestID, dateTaken, Score) values ('20', '50', '2018-01-27', 2);
insert into applicantSkillTests (ApplicantID, SkillTestID, dateTaken, Score) values ('45', '38', '2004-10-20', 37);
insert into applicantSkillTests (ApplicantID, SkillTestID, dateTaken, Score) values ('27', '14', '2005-01-30', 79);
insert into applicantSkillTests (ApplicantID, SkillTestID, dateTaken, Score) values ('29', '34', '2018-11-25', 35);
insert into applicantSkillTests (ApplicantID, SkillTestID, dateTaken, Score) values ('2', '30', '2012-12-11', 69);
insert into applicantSkillTests (ApplicantID, SkillTestID, dateTaken, Score) values ('22', '11', '2022-03-21', 74);
insert into applicantSkillTests (ApplicantID, SkillTestID, dateTaken, Score) values ('44', '49', '2023-01-15', 40);
insert into applicantSkillTests (ApplicantID, SkillTestID, dateTaken, Score) values ('31', '48', '2018-04-30', 72);
insert into applicantSkillTests (ApplicantID, SkillTestID, dateTaken, Score) values ('15', '47', '2004-10-15', 68);
insert into applicantSkillTests (ApplicantID, SkillTestID, dateTaken, Score) values ('30', '17', '2019-03-24', 48);
insert into applicantSkillTests (ApplicantID, SkillTestID, dateTaken, Score) values ('18', '28', '2000-07-19', 65);
insert into applicantSkillTests (ApplicantID, SkillTestID, dateTaken, Score) values ('1', '18', '2005-05-19', 42);
insert into applicantSkillTests (ApplicantID, SkillTestID, dateTaken, Score) values ('41', '32', '2023-09-16', 56);
insert into applicantSkillTests (ApplicantID, SkillTestID, dateTaken, Score) values ('34', '46', '2006-02-28', 14);
insert into applicantSkillTests (ApplicantID, SkillTestID, dateTaken, Score) values ('16', '5', '2000-02-14', 50);
insert into applicantSkillTests (ApplicantID, SkillTestID, dateTaken, Score) values ('11', '40', '2022-11-26', 3);
insert into applicantSkillTests (ApplicantID, SkillTestID, dateTaken, Score) values ('32', '2', '2005-11-17', 19);
insert into applicantSkillTests (ApplicantID, SkillTestID, dateTaken, Score) values ('6', '27', '2014-10-12', 45);
insert into applicantSkillTests (ApplicantID, SkillTestID, dateTaken, Score) values ('26', '35', '2016-05-11', 10);
insert into applicantSkillTests (ApplicantID, SkillTestID, dateTaken, Score) values ('42', '36', '2013-06-30', 98);
insert into applicantSkillTests (ApplicantID, SkillTestID, dateTaken, Score) values ('25', '25', '2011-07-27', 27);
insert into applicantSkillTests (ApplicantID, SkillTestID, dateTaken, Score) values ('14', '24', '2007-12-07', 95);
insert into applicantSkillTests (ApplicantID, SkillTestID, dateTaken, Score) values ('19', '3', '2010-03-07', 60);
insert into applicantSkillTests (ApplicantID, SkillTestID, dateTaken, Score) values ('7', '9', '2005-05-04', 58);
insert into applicantSkillTests (ApplicantID, SkillTestID, dateTaken, Score) values ('37', '43', '2007-06-05', 58);
insert into applicantSkillTests (ApplicantID, SkillTestID, dateTaken, Score) values ('8', '22', '2022-10-27', 95);
insert into applicantSkillTests (ApplicantID, SkillTestID, dateTaken, Score) values ('43', '10', '2010-05-14', 52);
insert into applicantSkillTests (ApplicantID, SkillTestID, dateTaken, Score) values ('10', '42', '2013-04-23', 97);
insert into applicantSkillTests (ApplicantID, SkillTestID, dateTaken, Score) values ('49', '16', '2000-03-17', 43);
insert into applicantSkillTests (ApplicantID, SkillTestID, dateTaken, Score) values ('12', '29', '2006-10-24', 67);
insert into applicantSkillTests (ApplicantID, SkillTestID, dateTaken, Score) values ('9', '4', '2003-10-20', 54);
insert into applicantSkillTests (ApplicantID, SkillTestID, dateTaken, Score) values ('35', '37', '2011-08-06', 5);
insert into applicantSkillTests (ApplicantID, SkillTestID, dateTaken, Score) values ('5', '21', '2015-03-30', 14);
insert into applicantSkillTests (ApplicantID, SkillTestID, dateTaken, Score) values ('4', '39', '2003-02-12', 36);
insert into applicantSkillTests (ApplicantID, SkillTestID, dateTaken, Score) values ('21', '31', '2014-04-19', 92);
insert into applicantSkillTests (ApplicantID, SkillTestID, dateTaken, Score) values ('23', '23', '2006-11-30', 4);
insert into applicantSkillTests (ApplicantID, SkillTestID, dateTaken, Score) values ('3', '6', '2016-10-22', 83);
insert into applicantSkillTests (ApplicantID, SkillTestID, dateTaken, Score) values ('50', '33', '2012-04-09', 87);
insert into applicantSkillTests (ApplicantID, SkillTestID, dateTaken, Score) values ('49', '48', '2004-08-30', 30);
insert into applicantSkillTests (ApplicantID, SkillTestID, dateTaken, Score) values ('3', '15', '2000-04-13', 38);
insert into applicantSkillTests (ApplicantID, SkillTestID, dateTaken, Score) values ('41', '11', '2020-12-28', 68);
insert into applicantSkillTests (ApplicantID, SkillTestID, dateTaken, Score) values ('18', '14', '2001-10-28', 58);
insert into applicantSkillTests (ApplicantID, SkillTestID, dateTaken, Score) values ('7', '42', '2008-06-22', 39);
insert into applicantSkillTests (ApplicantID, SkillTestID, dateTaken, Score) values ('10', '19', '2011-09-23', 69);
insert into applicantSkillTests (ApplicantID, SkillTestID, dateTaken, Score) values ('14', '44', '2004-12-04', 32);
insert into applicantSkillTests (ApplicantID, SkillTestID, dateTaken, Score) values ('24', '36', '2005-09-14', 53);
insert into applicantSkillTests (ApplicantID, SkillTestID, dateTaken, Score) values ('25', '30', '2004-12-05', 8);
insert into applicantSkillTests (ApplicantID, SkillTestID, dateTaken, Score) values ('11', '46', '2022-07-22', 50);
insert into applicantSkillTests (ApplicantID, SkillTestID, dateTaken, Score) values ('1', '1', '2017-09-15', 100);
insert into applicantSkillTests (ApplicantID, SkillTestID, dateTaken, Score) values ('35', '41', '2003-07-22', 70);
insert into applicantSkillTests (ApplicantID, SkillTestID, dateTaken, Score) values ('40', '18', '2014-05-12', 91);
insert into applicantSkillTests (ApplicantID, SkillTestID, dateTaken, Score) values ('29', '9', '2011-08-04', 89);
insert into applicantSkillTests (ApplicantID, SkillTestID, dateTaken, Score) values ('15', '5', '2019-11-05', 62);
insert into applicantSkillTests (ApplicantID, SkillTestID, dateTaken, Score) values ('31', '16', '2007-05-31', 21);
insert into applicantSkillTests (ApplicantID, SkillTestID, dateTaken, Score) values ('30', '34', '2004-04-14', 19);
insert into applicantSkillTests (ApplicantID, SkillTestID, dateTaken, Score) values ('45', '31', '2018-02-27', 99);
insert into applicantSkillTests (ApplicantID, SkillTestID, dateTaken, Score) values ('2', '40', '2014-02-25', 35);
insert into applicantSkillTests (ApplicantID, SkillTestID, dateTaken, Score) values ('34', '12', '2021-09-01', 61);
insert into applicantSkillTests (ApplicantID, SkillTestID, dateTaken, Score) values ('4', '26', '2008-01-04', 39);
insert into applicantSkillTests (ApplicantID, SkillTestID, dateTaken, Score) values ('28', '35', '2000-09-25', 18);
insert into applicantSkillTests (ApplicantID, SkillTestID, dateTaken, Score) values ('26', '23', '2004-07-25', 6);
insert into applicantSkillTests (ApplicantID, SkillTestID, dateTaken, Score) values ('9', '27', '2014-10-03', 54);
insert into applicantSkillTests (ApplicantID, SkillTestID, dateTaken, Score) values ('27', '7', '2009-08-12', 99);
insert into applicantSkillTests (ApplicantID, SkillTestID, dateTaken, Score) values ('46', '45', '2003-06-19', 14);
insert into applicantSkillTests (ApplicantID, SkillTestID, dateTaken, Score) values ('39', '21', '2013-12-13', 3);
insert into applicantSkillTests (ApplicantID, SkillTestID, dateTaken, Score) values ('6', '17', '2012-01-28', 11);
insert into applicantSkillTests (ApplicantID, SkillTestID, dateTaken, Score) values ('21', '28', '2014-07-17', 49);
insert into applicantSkillTests (ApplicantID, SkillTestID, dateTaken, Score) values ('22', '24', '2009-10-19', 21);
insert into applicantSkillTests (ApplicantID, SkillTestID, dateTaken, Score) values ('48', '50', '2014-02-28', 43);
insert into applicantSkillTests (ApplicantID, SkillTestID, dateTaken, Score) values ('8', '43', '2018-07-15', 72);
insert into applicantSkillTests (ApplicantID, SkillTestID, dateTaken, Score) values ('44', '4', '2003-08-14', 59);
insert into applicantSkillTests (ApplicantID, SkillTestID, dateTaken, Score) values ('13', '25', '2001-07-21', 73);
insert into applicantSkillTests (ApplicantID, SkillTestID, dateTaken, Score) values ('32', '49', '2012-04-25', 39);
insert into applicantSkillTests (ApplicantID, SkillTestID, dateTaken, Score) values ('20', '32', '2014-11-25', 85);
insert into applicantSkillTests (ApplicantID, SkillTestID, dateTaken, Score) values ('43', '20', '2006-05-30', 79);
insert into applicantSkillTests (ApplicantID, SkillTestID, dateTaken, Score) values ('36', '39', '2010-11-18', 10);
insert into applicantSkillTests (ApplicantID, SkillTestID, dateTaken, Score) values ('37', '38', '2011-12-30', 91);
insert into applicantSkillTests (ApplicantID, SkillTestID, dateTaken, Score) values ('42', '29', '2022-06-12', 77);
insert into applicantSkillTests (ApplicantID, SkillTestID, dateTaken, Score) values ('47', '37', '2007-05-31', 47);
insert into applicantSkillTests (ApplicantID, SkillTestID, dateTaken, Score) values ('23', '6', '2000-06-08', 49);
insert into applicantSkillTests (ApplicantID, SkillTestID, dateTaken, Score) values ('5', '3', '2015-11-22', 35);
insert into applicantSkillTests (ApplicantID, SkillTestID, dateTaken, Score) values ('17', '22', '2003-01-25', 20);
insert into applicantSkillTests (ApplicantID, SkillTestID, dateTaken, Score) values ('12', '33', '2003-11-05', 64);
insert into applicantSkillTests (ApplicantID, SkillTestID, dateTaken, Score) values ('19', '47', '2018-12-16', 36);
insert into applicantSkillTests (ApplicantID, SkillTestID, dateTaken, Score) values ('50', '10', '2017-03-08', 85);
insert into applicantSkillTests (ApplicantID, SkillTestID, dateTaken, Score) values ('33', '8', '2015-02-05', 5);
insert into applicantSkillTests (ApplicantID, SkillTestID, dateTaken, Score) values ('38', '2', '2016-06-21', 64);
insert into applicantSkillTests (ApplicantID, SkillTestID, dateTaken, Score) values ('16', '13', '2012-07-23', 3);
insert into applicantSkillTests (ApplicantID, SkillTestID, dateTaken, Score) values ('7', '35', '2014-11-23', 7);




insert into test_questions (QuestionID, SkillTestID, QuestionText)
values (1, '25', 'nulla nunc purus phasellus in felis donec?');
insert into test_questions (QuestionID, SkillTestID, QuestionText)
values (2, '21',
        'posuere metus vitae ipsum aliquam non mauris morbi non lectus aliquam sit amet diam in magna bibendum?');
insert into test_questions (QuestionID, SkillTestID, QuestionText)
values (3, '37',
        'ante ipsum primis in faucibus orci luctus et ultrices posuere cubilia curae nulla dapibus dolor vel est donec odio justo sollicitudin ut suscipit?');
insert into test_questions (QuestionID, SkillTestID, QuestionText)
values (4, '27',
        'aliquam quis turpis eget elit sodales scelerisque mauris sit amet eros suspendisse accumsan tortor quis turpis sed ante vivamus tortor duis?');
insert into test_questions (QuestionID, SkillTestID, QuestionText)
values (5, '46', 'lobortis est phasellus?');
insert into test_questions (QuestionID, SkillTestID, QuestionText)
values (6, '11',
        'eget elit sodales scelerisque mauris sit amet eros suspendisse accumsan tortor quis turpis sed ante?');
insert into test_questions (QuestionID, SkillTestID, QuestionText)
values (7, '7', 'bibendum morbi non quam nec dui luctus rutrum nulla tellus in sagittis dui?');
insert into test_questions (QuestionID, SkillTestID, QuestionText)
values (8, '47',
        'in purus eu magna vulputate luctus cum sociis natoque penatibus et magnis dis parturient montes nascetur ridiculus mus vivamus vestibulum sagittis sapien cum sociis natoque penatibus et?');
insert into test_questions (QuestionID, SkillTestID, QuestionText)
values (9, '24', 'sed tincidunt eu felis fusce posuere felis sed lacus morbi sem mauris?');
insert into test_questions (QuestionID, SkillTestID, QuestionText)
values (10, '35',
        'lorem id ligula suspendisse ornare consequat lectus in est risus auctor sed tristique in tempus sit amet sem fusce consequat nulla nisl nunc nisl duis bibendum felis sed?');
insert into test_questions (QuestionID, SkillTestID, QuestionText)
values (11, '13',
        'vivamus metus arcu adipiscing molestie hendrerit at vulputate vitae nisl aenean lectus pellentesque eget nunc donec quis orci eget orci vehicula condimentum curabitur in libero ut massa volutpat convallis morbi?');
insert into test_questions (QuestionID, SkillTestID, QuestionText)
values (12, '32',
        'nibh in quis justo maecenas rhoncus aliquam lacus morbi quis tortor id nulla ultrices aliquet maecenas leo odio condimentum id luctus nec molestie sed justo pellentesque viverra pede ac?');
insert into test_questions (QuestionID, SkillTestID, QuestionText)
values (13, '19',
        'gravida nisi at nibh in hac habitasse platea dictumst aliquam augue quam sollicitudin vitae consectetuer eget rutrum at lorem integer tincidunt ante vel ipsum praesent blandit?');
insert into test_questions (QuestionID, SkillTestID, QuestionText)
values (14, '29', 'lobortis sapien sapien non mi integer ac neque duis bibendum morbi non quam nec dui?');
insert into test_questions (QuestionID, SkillTestID, QuestionText)
values (15, '9',
        'diam erat fermentum justo nec condimentum neque sapien placerat ante nulla justo aliquam quis turpis eget elit sodales scelerisque mauris sit amet eros suspendisse accumsan tortor quis turpis sed ante?');
insert into test_questions (QuestionID, SkillTestID, QuestionText)
values (16, '44',
        'justo lacinia eget tincidunt eget tempus vel pede morbi porttitor lorem id ligula suspendisse ornare consequat lectus in?');
insert into test_questions (QuestionID, SkillTestID, QuestionText)
values (17, '5',
        'at feugiat non pretium quis lectus suspendisse potenti in eleifend quam a odio in hac habitasse platea dictumst maecenas ut massa?');
insert into test_questions (QuestionID, SkillTestID, QuestionText)
values (18, '20', 'luctus tincidunt nulla mollis molestie lorem quisque ut erat curabitur gravida nisi at nibh?');
insert into test_questions (QuestionID, SkillTestID, QuestionText)
values (19, '14', 'pede justo eu massa donec dapibus duis at?');
insert into test_questions (QuestionID, SkillTestID, QuestionText)
values (20, '38',
        'id ligula suspendisse ornare consequat lectus in est risus auctor sed tristique in tempus sit amet sem fusce consequat nulla?');
insert into test_questions (QuestionID, SkillTestID, QuestionText)
values (21, '43',
        'luctus ultricies eu nibh quisque id justo sit amet sapien dignissim vestibulum vestibulum ante ipsum primis in faucibus orci?');
insert into test_questions (QuestionID, SkillTestID, QuestionText)
values (22, '45', 'donec posuere metus vitae ipsum aliquam non?');
insert into test_questions (QuestionID, SkillTestID, QuestionText)
values (23, '48',
        'nulla dapibus dolor vel est donec odio justo sollicitudin ut suscipit a feugiat et eros vestibulum ac est lacinia nisi venenatis tristique fusce congue diam id ornare?');
insert into test_questions (QuestionID, SkillTestID, QuestionText)
values (24, '41', 'donec vitae nisi nam ultrices libero non mattis pulvinar nulla pede ullamcorper augue a suscipit?');
insert into test_questions (QuestionID, SkillTestID, QuestionText)
values (25, '50', 'eu interdum eu?');
insert into test_questions (QuestionID, SkillTestID, QuestionText)
values (26, '28',
        'posuere cubilia curae donec pharetra magna vestibulum aliquet ultrices erat tortor sollicitudin mi?');
insert into test_questions (QuestionID, SkillTestID, QuestionText)
values (27, '4',
        'eu est congue elementum in hac habitasse platea dictumst morbi vestibulum velit id pretium iaculis diam erat fermentum justo nec condimentum?');
insert into test_questions (QuestionID, SkillTestID, QuestionText)
values (28, '31',
        'lorem integer tincidunt ante vel ipsum praesent blandit lacinia erat vestibulum sed magna at nunc commodo placerat praesent blandit nam nulla integer pede justo lacinia eget?');
insert into test_questions (QuestionID, SkillTestID, QuestionText)
values (29, '30',
        'vulputate elementum nullam varius nulla facilisi cras non velit nec nisi vulputate nonummy maecenas tincidunt lacus at velit vivamus?');
insert into test_questions (QuestionID, SkillTestID, QuestionText)
values (30, '8', 'pede justo lacinia eget tincidunt eget?');
insert into test_questions (QuestionID, SkillTestID, QuestionText)
values (31, '39',
        'sit amet consectetuer adipiscing elit proin risus praesent lectus vestibulum quam sapien varius ut blandit non interdum in ante vestibulum ante ipsum?');
insert into test_questions (QuestionID, SkillTestID, QuestionText)
values (32, '42', 'orci luctus et ultrices posuere cubilia curae mauris viverra diam vitae quam?');
insert into test_questions (QuestionID, SkillTestID, QuestionText)
values (33, '16',
        'vestibulum ante ipsum primis in faucibus orci luctus et ultrices posuere cubilia curae nulla dapibus dolor vel est donec odio justo sollicitudin ut suscipit a feugiat et eros vestibulum ac?');
insert into test_questions (QuestionID, SkillTestID, QuestionText)
values (34, '6',
        'tristique in tempus sit amet sem fusce consequat nulla nisl nunc nisl duis bibendum felis sed interdum?');
insert into test_questions (QuestionID, SkillTestID, QuestionText)
values (35, '23', 'eget vulputate ut ultrices vel augue vestibulum ante ipsum primis in?');
insert into test_questions (QuestionID, SkillTestID, QuestionText)
values (36, '17', 'convallis nulla neque libero convallis eget eleifend luctus ultricies eu nibh quisque?');
insert into test_questions (QuestionID, SkillTestID, QuestionText)
values (37, '12', 'molestie nibh in lectus pellentesque at nulla suspendisse potenti cras in?');
insert into test_questions (QuestionID, SkillTestID, QuestionText)
values (38, '18',
        'consequat lectus in est risus auctor sed tristique in tempus sit amet sem fusce consequat nulla nisl nunc?');
insert into test_questions (QuestionID, SkillTestID, QuestionText)
values (39, '10',
        'sed nisl nunc rhoncus dui vel sem sed sagittis nam congue risus semper porta volutpat quam pede lobortis ligula sit amet eleifend pede libero quis orci nullam molestie nibh?');
insert into test_questions (QuestionID, SkillTestID, QuestionText)
values (40, '3',
        'sed augue aliquam erat volutpat in congue etiam justo etiam pretium iaculis justo in hac habitasse platea dictumst etiam faucibus cursus urna ut tellus nulla ut erat id mauris?');
insert into test_questions (QuestionID, SkillTestID, QuestionText)
values (41, '49', 'sit amet cursus id turpis integer?');
insert into test_questions (QuestionID, SkillTestID, QuestionText)
values (42, '22', 'aliquam augue quam sollicitudin vitae consectetuer eget rutrum at lorem integer tincidunt?');
insert into test_questions (QuestionID, SkillTestID, QuestionText)
values (43, '2', 'nunc proin at turpis a pede?');
insert into test_questions (QuestionID, SkillTestID, QuestionText)
values (44, '15', 'luctus nec molestie sed justo pellentesque viverra pede ac diam cras?');
insert into test_questions (QuestionID, SkillTestID, QuestionText)
values (45, '33', 'sapien varius ut blandit?');
insert into test_questions (QuestionID, SkillTestID, QuestionText)
values (46, '26',
        'faucibus cursus urna ut tellus nulla ut erat id mauris vulputate elementum nullam varius nulla facilisi cras non velit nec nisi vulputate?');
insert into test_questions (QuestionID, SkillTestID, QuestionText)
values (47, '40',
        'neque libero convallis eget eleifend luctus ultricies eu nibh quisque id justo sit amet sapien dignissim vestibulum vestibulum?');
insert into test_questions (QuestionID, SkillTestID, QuestionText)
values (48, '34', 'molestie lorem quisque ut erat curabitur?');
insert into test_questions (QuestionID, SkillTestID, QuestionText)
values (49, '36', 'metus sapien ut nunc vestibulum ante ipsum primis in faucibus orci luctus?');
insert into test_questions (QuestionID, SkillTestID, QuestionText)
values (50, '1',
        'parturient montes nascetur ridiculus mus etiam vel augue vestibulum rutrum rutrum neque aenean auctor gravida sem?');


-- hires for

insert into hires_for (HiringManagerID, JobID, StartDate) values ('29', '40', '2020-10-16');
insert into hires_for (HiringManagerID, JobID, StartDate) values ('37', '18', '1995-12-06');
insert into hires_for (HiringManagerID, JobID, StartDate) values ('16', '37', '1973-11-16');
insert into hires_for (HiringManagerID, JobID, StartDate) values ('32', '7', '2000-01-05');
insert into hires_for (HiringManagerID, JobID, StartDate) values ('24', '28', '1977-10-05');
insert into hires_for (HiringManagerID, JobID, StartDate) values ('39', '29', '1996-09-19');
insert into hires_for (HiringManagerID, JobID, StartDate) values ('14', '10', '1977-05-15');
insert into hires_for (HiringManagerID, JobID, StartDate) values ('45', '31', '2004-07-08');
insert into hires_for (HiringManagerID, JobID, StartDate) values ('41', '21', '2016-09-23');
insert into hires_for (HiringManagerID, JobID, StartDate) values ('13', '39', '2018-08-25');
insert into hires_for (HiringManagerID, JobID, StartDate) values ('36', '20', '1975-01-29');
insert into hires_for (HiringManagerID, JobID, StartDate) values ('10', '15', '1986-01-17');
insert into hires_for (HiringManagerID, JobID, StartDate) values ('6', '14', '2007-05-31');
insert into hires_for (HiringManagerID, JobID, StartDate) values ('19', '33', '2020-12-16');
insert into hires_for (HiringManagerID, JobID, StartDate) values ('21', '16', '1968-11-05');
insert into hires_for (HiringManagerID, JobID, StartDate) values ('7', '8', '2014-01-06');
insert into hires_for (HiringManagerID, JobID, StartDate) values ('18', '4', '1999-03-19');
insert into hires_for (HiringManagerID, JobID, StartDate) values ('8', '32', '2003-02-28');
insert into hires_for (HiringManagerID, JobID, StartDate) values ('43', '47', '1982-12-08');
insert into hires_for (HiringManagerID, JobID, StartDate) values ('9', '6', '1993-04-26');
insert into hires_for (HiringManagerID, JobID, StartDate) values ('25', '41', '1979-01-25');
insert into hires_for (HiringManagerID, JobID, StartDate) values ('26', '27', '1992-07-07');
insert into hires_for (HiringManagerID, JobID, StartDate) values ('49', '50', '1975-11-02');
insert into hires_for (HiringManagerID, JobID, StartDate) values ('17', '45', '2008-04-01');
insert into hires_for (HiringManagerID, JobID, StartDate) values ('12', '38', '1989-04-20');
insert into hires_for (HiringManagerID, JobID, StartDate) values ('23', '12', '2008-08-07');
insert into hires_for (HiringManagerID, JobID, StartDate) values ('42', '13', '1995-01-30');
insert into hires_for (HiringManagerID, JobID, StartDate) values ('5', '11', '1993-07-26');
insert into hires_for (HiringManagerID, JobID, StartDate) values ('44', '19', '1962-08-22');
insert into hires_for (HiringManagerID, JobID, StartDate) values ('46', '43', '1968-12-03');
insert into hires_for (HiringManagerID, JobID, StartDate) values ('28', '3', '1991-09-14');
insert into hires_for (HiringManagerID, JobID, StartDate) values ('34', '1', '2022-02-20');
insert into hires_for (HiringManagerID, JobID, StartDate) values ('47', '22', '1985-09-15');
insert into hires_for (HiringManagerID, JobID, StartDate) values ('1', '46', '1973-09-24');
insert into hires_for (HiringManagerID, JobID, StartDate) values ('50', '25', '2018-02-25');
insert into hires_for (HiringManagerID, JobID, StartDate) values ('48', '9', '2008-09-14');
insert into hires_for (HiringManagerID, JobID, StartDate) values ('33', '26', '1965-01-16');
insert into hires_for (HiringManagerID, JobID, StartDate) values ('38', '17', '1994-12-20');
insert into hires_for (HiringManagerID, JobID, StartDate) values ('2', '2', '1966-11-21');
insert into hires_for (HiringManagerID, JobID, StartDate) values ('11', '48', '2002-05-18');
insert into hires_for (HiringManagerID, JobID, StartDate) values ('3', '24', '2007-01-15');
insert into hires_for (HiringManagerID, JobID, StartDate) values ('20', '36', '1967-02-07');
insert into hires_for (HiringManagerID, JobID, StartDate) values ('31', '5', '1973-10-31');
insert into hires_for (HiringManagerID, JobID, StartDate) values ('35', '23', '1974-01-09');
insert into hires_for (HiringManagerID, JobID, StartDate) values ('27', '34', '2005-07-06');
insert into hires_for (HiringManagerID, JobID, StartDate) values ('4', '42', '1985-07-10');
insert into hires_for (HiringManagerID, JobID, StartDate) values ('22', '44', '1967-08-08');
insert into hires_for (HiringManagerID, JobID, StartDate) values ('30', '35', '2011-09-11');
insert into hires_for (HiringManagerID, JobID, StartDate) values ('40', '49', '1965-05-03');
insert into hires_for (HiringManagerID, JobID, StartDate) values ('15', '30', '1983-11-05');
insert into hires_for (HiringManagerID, JobID, StartDate) values ('37', '34', '1987-04-26');
insert into hires_for (HiringManagerID, JobID, StartDate) values ('36', '2', '2003-06-15');
insert into hires_for (HiringManagerID, JobID, StartDate) values ('19', '7', '1970-09-30');
insert into hires_for (HiringManagerID, JobID, StartDate) values ('21', '22', '1995-05-07');
insert into hires_for (HiringManagerID, JobID, StartDate) values ('32', '29', '1975-05-12');
insert into hires_for (HiringManagerID, JobID, StartDate) values ('30', '41', '2014-04-05');
insert into hires_for (HiringManagerID, JobID, StartDate) values ('26', '25', '2018-03-02');
insert into hires_for (HiringManagerID, JobID, StartDate) values ('16', '38', '2003-04-27');
insert into hires_for (HiringManagerID, JobID, StartDate) values ('18', '8', '1965-07-08');
insert into hires_for (HiringManagerID, JobID, StartDate) values ('3', '42', '1977-03-12');
insert into hires_for (HiringManagerID, JobID, StartDate) values ('31', '21', '1976-12-03');
insert into hires_for (HiringManagerID, JobID, StartDate) values ('22', '5', '1990-08-11');
insert into hires_for (HiringManagerID, JobID, StartDate) values ('49', '39', '2000-12-31');
insert into hires_for (HiringManagerID, JobID, StartDate) values ('7', '19', '1960-05-02');
insert into hires_for (HiringManagerID, JobID, StartDate) values ('45', '27', '2008-10-13');
insert into hires_for (HiringManagerID, JobID, StartDate) values ('6', '10', '1964-07-07');
insert into hires_for (HiringManagerID, JobID, StartDate) values ('23', '16', '1987-01-07');
insert into hires_for (HiringManagerID, JobID, StartDate) values ('2', '30', '2003-04-15');
insert into hires_for (HiringManagerID, JobID, StartDate) values ('34', '37', '2018-01-12');
insert into hires_for (HiringManagerID, JobID, StartDate) values ('15', '48', '2009-02-07');
insert into hires_for (HiringManagerID, JobID, StartDate) values ('13', '49', '1978-05-18');
insert into hires_for (HiringManagerID, JobID, StartDate) values ('35', '43', '1967-09-14');
insert into hires_for (HiringManagerID, JobID, StartDate) values ('31', '13', '1997-10-24');
insert into hires_for (HiringManagerID, JobID, StartDate) values ('9', '11', '1972-11-04');
insert into hires_for (HiringManagerID, JobID, StartDate) values ('11', '3', '1976-08-12');
insert into hires_for (HiringManagerID, JobID, StartDate) values ('5', '45', '1996-02-08');
insert into hires_for (HiringManagerID, JobID, StartDate) values ('39', '46', '1966-05-10');
insert into hires_for (HiringManagerID, JobID, StartDate) values ('24', '18', '2023-07-30');
insert into hires_for (HiringManagerID, JobID, StartDate) values ('20', '6', '1978-01-04');
insert into hires_for (HiringManagerID, JobID, StartDate) values ('40', '1', '1975-02-11');
insert into hires_for (HiringManagerID, JobID, StartDate) values ('46', '28', '2012-02-03');
insert into hires_for (HiringManagerID, JobID, StartDate) values ('25', '17', '1964-02-11');
insert into hires_for (HiringManagerID, JobID, StartDate) values ('38', '14', '1999-11-28');
insert into hires_for (HiringManagerID, JobID, StartDate) values ('48', '32', '2023-04-28');
insert into hires_for (HiringManagerID, JobID, StartDate) values ('33', '50', '2010-09-23');
insert into hires_for (HiringManagerID, JobID, StartDate) values ('12', '47', '1996-10-13');
insert into hires_for (HiringManagerID, JobID, StartDate) values ('14', '12', '2011-08-11');
insert into hires_for (HiringManagerID, JobID, StartDate) values ('1', '9', '1989-02-25');
insert into hires_for (HiringManagerID, JobID, StartDate) values ('28', '33', '2007-12-18');
insert into hires_for (HiringManagerID, JobID, StartDate) values ('4', '35', '2000-08-08');
insert into hires_for (HiringManagerID, JobID, StartDate) values ('29', '44', '2015-11-22');
insert into hires_for (HiringManagerID, JobID, StartDate) values ('42', '31', '1981-05-06');
insert into hires_for (HiringManagerID, JobID, StartDate) values ('17', '15', '2020-03-04');
insert into hires_for (HiringManagerID, JobID, StartDate) values ('47', '24', '1989-03-10');
insert into hires_for (HiringManagerID, JobID, StartDate) values ('27', '40', '2016-01-31');
insert into hires_for (HiringManagerID, JobID, StartDate) values ('10', '26', '2013-12-23');
insert into hires_for (HiringManagerID, JobID, StartDate) values ('43', '4', '1996-11-14');
insert into hires_for (HiringManagerID, JobID, StartDate) values ('50', '36', '1983-12-19');
insert into hires_for (HiringManagerID, JobID, StartDate) values ('8', '23', '1971-10-15');
insert into hires_for (HiringManagerID, JobID, StartDate) values ('44', '20', '2002-12-05');
insert into hires_for (HiringManagerID, JobID, StartDate) values ('43', '2', '2001-02-26');
insert into hires_for (HiringManagerID, JobID, StartDate) values ('12', '40', '2019-03-08');


-- applicant views job


-- insert into applicant_views_job (ApplicantID, JobID, ViewDate)
-- values ('34', '14', '12/9/1960');
-- insert into applicant_views_job (ApplicantID, JobID, ViewDate)
-- values ('46', '4', '10/9/1985');
-- insert into applicant_views_job (ApplicantID, JobID, ViewDate)
-- values ('23', '1', '1/29/2003');
-- insert into applicant_views_job (ApplicantID, JobID, ViewDate)
-- values ('11', '21', '12/12/1962');
-- insert into applicant_views_job (ApplicantID, JobID, ViewDate)
-- values ('38', '49', '3/18/2004');
-- insert into applicant_views_job (ApplicantID, JobID, ViewDate)
-- values ('14', '19', '2/3/1967');
-- insert into applicant_views_job (ApplicantID, JobID, ViewDate)
-- values ('16', '34', '11/21/2006');
-- insert into applicant_views_job (ApplicantID, JobID, ViewDate)
-- values ('47', '42', '5/24/2022');
-- insert into applicant_views_job (ApplicantID, JobID, ViewDate)
-- values ('26', '5', '2/22/1984');
-- insert into applicant_views_job (ApplicantID, JobID, ViewDate)
-- values ('28', '20', '11/13/2010');
-- insert into applicant_views_job (ApplicantID, JobID, ViewDate)
-- values ('45', '26', '5/30/1983');
-- insert into applicant_views_job (ApplicantID, JobID, ViewDate)
-- values ('43', '39', '9/23/1994');
-- insert into applicant_views_job (ApplicantID, JobID, ViewDate)
-- values ('32', '10', '2/7/2020');
-- insert into applicant_views_job (ApplicantID, JobID, ViewDate)
-- values ('29', '37', '4/14/1966');
-- insert into applicant_views_job (ApplicantID, JobID, ViewDate)
-- values ('41', '38', '5/25/1975');
-- insert into applicant_views_job (ApplicantID, JobID, ViewDate)
-- values ('22', '17', '2/3/1985');
-- insert into applicant_views_job (ApplicantID, JobID, ViewDate)
-- values ('8', '9', '2/11/1994');
-- insert into applicant_views_job (ApplicantID, JobID, ViewDate)
-- values ('24', '32', '8/14/1988');
-- insert into applicant_views_job (ApplicantID, JobID, ViewDate)
-- values ('36', '27', '5/24/1982');
-- insert into applicant_views_job (ApplicantID, JobID, ViewDate)
-- values ('18', '41', '4/23/2013');
-- insert into applicant_views_job (ApplicantID, JobID, ViewDate)
-- values ('10', '7', '11/4/1997');
-- insert into applicant_views_job (ApplicantID, JobID, ViewDate)
-- values ('42', '13', '7/18/2017');
-- insert into applicant_views_job (ApplicantID, JobID, ViewDate)
-- values ('3', '44', '12/26/1977');
-- insert into applicant_views_job (ApplicantID, JobID, ViewDate)
-- values ('5', '48', '8/16/2007');
-- insert into applicant_views_job (ApplicantID, JobID, ViewDate)
-- values ('50', '16', '9/16/1972');
-- insert into applicant_views_job (ApplicantID, JobID, ViewDate)
-- values ('6', '8', '12/1/2002');
-- insert into applicant_views_job (ApplicantID, JobID, ViewDate)
-- values ('7', '28', '5/19/1964');
-- insert into applicant_views_job (ApplicantID, JobID, ViewDate)
-- values ('33', '31', '7/24/1961');
-- insert into applicant_views_job (ApplicantID, JobID, ViewDate)
-- values ('13', '18', '6/4/1980');
-- insert into applicant_views_job (ApplicantID, JobID, ViewDate)
-- values ('15', '23', '12/20/1978');
-- insert into applicant_views_job (ApplicantID, JobID, ViewDate)
-- values ('4', '33', '4/30/1991');
-- insert into applicant_views_job (ApplicantID, JobID, ViewDate)
-- values ('12', '36', '4/27/2016');
-- insert into applicant_views_job (ApplicantID, JobID, ViewDate)
-- values ('37', '6', '5/18/1979');
-- insert into applicant_views_job (ApplicantID, JobID, ViewDate)
-- values ('44', '29', '12/12/1980');
-- insert into applicant_views_job (ApplicantID, JobID, ViewDate)
-- values ('40', '50', '6/18/1971');
-- insert into applicant_views_job (ApplicantID, JobID, ViewDate)
-- values ('39', '46', '9/1/1989');
-- insert into applicant_views_job (ApplicantID, JobID, ViewDate)
-- values ('27', '2', '11/2/1985');
-- insert into applicant_views_job (ApplicantID, JobID, ViewDate)
-- values ('19', '45', '8/7/1966');
-- insert into applicant_views_job (ApplicantID, JobID, ViewDate)
-- values ('48', '3', '4/8/2023');
-- insert into applicant_views_job (ApplicantID, JobID, ViewDate)
-- values ('20', '24', '9/1/1973');
-- insert into applicant_views_job (ApplicantID, JobID, ViewDate)
-- values ('30', '25', '12/17/1985');
-- insert into applicant_views_job (ApplicantID, JobID, ViewDate)
-- values ('21', '11', '8/1/1986');
-- insert into applicant_views_job (ApplicantID, JobID, ViewDate)
-- values ('35', '47', '8/23/1966');
-- insert into applicant_views_job (ApplicantID, JobID, ViewDate)
-- values ('17', '43', '2/9/2017');
-- insert into applicant_views_job (ApplicantID, JobID, ViewDate)
-- values ('31', '15', '1/17/1962');
-- insert into applicant_views_job (ApplicantID, JobID, ViewDate)
-- values ('2', '35', '11/29/2003');
-- insert into applicant_views_job (ApplicantID, JobID, ViewDate)
-- values ('9', '40', '4/16/1990');
-- insert into applicant_views_job (ApplicantID, JobID, ViewDate)
-- values ('1', '22', '3/13/1990');
-- insert into applicant_views_job (ApplicantID, JobID, ViewDate)
-- values ('49', '12', '2/7/1962');
-- insert into applicant_views_job (ApplicantID, JobID, ViewDate)
-- values ('25', '30', '2/8/1997');
-- insert into applicant_views_job (ApplicantID, JobID, ViewDate)
-- values ('43', '37', '10/21/2008');
-- insert into applicant_views_job (ApplicantID, JobID, ViewDate)
-- values ('8', '42', '7/25/2011');
-- insert into applicant_views_job (ApplicantID, JobID, ViewDate)
-- values ('50', '7', '6/4/2010');
-- insert into applicant_views_job (ApplicantID, JobID, ViewDate)
-- values ('36', '40', '6/13/2001');
-- insert into applicant_views_job (ApplicantID, JobID, ViewDate)
-- values ('22', '47', '2/13/1967');
-- insert into applicant_views_job (ApplicantID, JobID, ViewDate)
-- values ('16', '21', '7/20/1965');
-- insert into applicant_views_job (ApplicantID, JobID, ViewDate)
-- values ('6', '35', '2/3/2022');
-- insert into applicant_views_job (ApplicantID, JobID, ViewDate)
-- values ('35', '31', '6/9/1962');
-- insert into applicant_views_job (ApplicantID, JobID, ViewDate)
-- values ('39', '39', '7/19/1976');
-- insert into applicant_views_job (ApplicantID, JobID, ViewDate)
-- values ('38', '34', '7/18/1960');
-- insert into applicant_views_job (ApplicantID, JobID, ViewDate)
-- values ('5', '46', '7/4/2023');
-- insert into applicant_views_job (ApplicantID, JobID, ViewDate)
-- values ('34', '28', '2/16/1978');
-- insert into applicant_views_job (ApplicantID, JobID, ViewDate)
-- values ('9', '1', '12/5/2012');
-- insert into applicant_views_job (ApplicantID, JobID, ViewDate)
-- values ('28', '43', '5/31/1994');
-- insert into applicant_views_job (ApplicantID, JobID, ViewDate)
-- values ('15', '22', '1/14/2023');
-- insert into applicant_views_job (ApplicantID, JobID, ViewDate)
-- values ('42', '19', '6/24/1974');
-- insert into applicant_views_job (ApplicantID, JobID, ViewDate)
-- values ('44', '4', '5/6/1961');
-- insert into applicant_views_job (ApplicantID, JobID, ViewDate)
-- values ('4', '12', '2/27/1997');
-- insert into applicant_views_job (ApplicantID, JobID, ViewDate)
-- values ('19', '16', '12/2/1979');
-- insert into applicant_views_job (ApplicantID, JobID, ViewDate)
-- values ('20', '32', '10/9/1962');
-- insert into applicant_views_job (ApplicantID, JobID, ViewDate)
-- values ('48', '11', '3/1/2008');
-- insert into applicant_views_job (ApplicantID, JobID, ViewDate)
-- values ('17', '48', '2/21/1971');
-- insert into applicant_views_job (ApplicantID, JobID, ViewDate)
-- values ('37', '13', '4/23/2023');
-- insert into applicant_views_job (ApplicantID, JobID, ViewDate)
-- values ('31', '30', '9/23/1960');
-- insert into applicant_views_job (ApplicantID, JobID, ViewDate)
-- values ('49', '26', '3/17/2004');
-- insert into applicant_views_job (ApplicantID, JobID, ViewDate)
-- values ('18', '36', '8/18/1979');
-- insert into applicant_views_job (ApplicantID, JobID, ViewDate)
-- values ('12', '20', '6/11/1990');
-- insert into applicant_views_job (ApplicantID, JobID, ViewDate)
-- values ('46', '45', '3/17/1978');
-- insert into applicant_views_job (ApplicantID, JobID, ViewDate)
-- values ('40', '23', '2/17/1963');
-- insert into applicant_views_job (ApplicantID, JobID, ViewDate)
-- values ('7', '5', '5/14/1982');
-- insert into applicant_views_job (ApplicantID, JobID, ViewDate)
-- values ('13', '14', '1/12/2019');
-- insert into applicant_views_job (ApplicantID, JobID, ViewDate)
-- values ('29', '8', '8/5/1992');
-- insert into applicant_views_job (ApplicantID, JobID, ViewDate)
-- values ('2', '3', '5/12/1968');
-- insert into applicant_views_job (ApplicantID, JobID, ViewDate)
-- values ('1', '41', '2/27/1975');
-- insert into applicant_views_job (ApplicantID, JobID, ViewDate)
-- values ('14', '38', '8/26/2014');
-- insert into applicant_views_job (ApplicantID, JobID, ViewDate)
-- values ('27', '33', '8/1/1995');
-- insert into applicant_views_job (ApplicantID, JobID, ViewDate)
-- values ('23', '10', '5/29/1987');
-- insert into applicant_views_job (ApplicantID, JobID, ViewDate)
-- values ('33', '9', '1/22/1973');
-- insert into applicant_views_job (ApplicantID, JobID, ViewDate)
-- values ('10', '24', '12/23/1989');
-- insert into applicant_views_job (ApplicantID, JobID, ViewDate)
-- values ('21', '50', '12/9/1971');
-- insert into applicant_views_job (ApplicantID, JobID, ViewDate)
-- values ('11', '29', '8/18/2006');
-- insert into applicant_views_job (ApplicantID, JobID, ViewDate)
-- values ('25', '25', '1/23/2005');
-- insert into applicant_views_job (ApplicantID, JobID, ViewDate)
-- values ('30', '49', '2/28/1968');
-- insert into applicant_views_job (ApplicantID, JobID, ViewDate)
-- values ('24', '2', '7/29/2006');
-- insert into applicant_views_job (ApplicantID, JobID, ViewDate)
-- values ('45', '15', '4/6/1984');
-- insert into applicant_views_job (ApplicantID, JobID, ViewDate)
-- values ('26', '44', '1/21/1995');
-- insert into applicant_views_job (ApplicantID, JobID, ViewDate)
-- values ('32', '6', '10/16/1977');
-- insert into applicant_views_job (ApplicantID, JobID, ViewDate)
-- values ('47', '17', '7/30/2023');
-- insert into applicant_views_job (ApplicantID, JobID, ViewDate)
-- values ('41', '18', '6/3/2006');
-- insert into applicant_views_job (ApplicantID, JobID, ViewDate)
-- values ('3', '27', '7/16/1994');
-- insert into applicant_views_job (ApplicantID, JobID, ViewDate)
-- values ('47', '26', '12/6/1996');
-- insert into applicant_views_job (ApplicantID, JobID, ViewDate)
-- values ('25', '10', '12/21/1986');
-- insert into applicant_views_job (ApplicantID, JobID, ViewDate)
-- values ('4', '5', '1/12/1964');
-- insert into applicant_views_job (ApplicantID, JobID, ViewDate)
-- values ('10', '24', '6/12/1963');
-- insert into applicant_views_job (ApplicantID, JobID, ViewDate)
-- values ('24', '49', '3/21/2004');
-- insert into applicant_views_job (ApplicantID, JobID, ViewDate)
-- values ('37', '41', '1/22/2021');
-- insert into applicant_views_job (ApplicantID, JobID, ViewDate)
-- values ('9', '2', '7/23/2017');
-- insert into applicant_views_job (ApplicantID, JobID, ViewDate)
-- values ('30', '16', '3/7/1971');
-- insert into applicant_views_job (ApplicantID, JobID, ViewDate)
-- values ('18', '34', '11/1/1996');
-- insert into applicant_views_job (ApplicantID, JobID, ViewDate)
-- values ('44', '15', '5/4/2022');
-- insert into applicant_views_job (ApplicantID, JobID, ViewDate)
-- values ('2', '38', '1/1/1963');
-- insert into applicant_views_job (ApplicantID, JobID, ViewDate)
-- values ('1', '42', '6/24/1986');
-- insert into applicant_views_job (ApplicantID, JobID, ViewDate)
-- values ('23', '20', '11/22/1974');
-- insert into applicant_views_job (ApplicantID, JobID, ViewDate)
-- values ('41', '40', '2/29/1964');
-- insert into applicant_views_job (ApplicantID, JobID, ViewDate)
-- values ('16', '39', '11/1/2014');
-- insert into applicant_views_job (ApplicantID, JobID, ViewDate)
-- values ('49', '37', '10/28/1975');
-- insert into applicant_views_job (ApplicantID, JobID, ViewDate)
-- values ('19', '44', '5/16/1992');
-- insert into applicant_views_job (ApplicantID, JobID, ViewDate)
-- values ('31', '47', '3/22/2022');
-- insert into applicant_views_job (ApplicantID, JobID, ViewDate)
-- values ('35', '9', '7/21/1994');
-- insert into applicant_views_job (ApplicantID, JobID, ViewDate)
-- values ('36', '17', '1/18/1969');
-- insert into applicant_views_job (ApplicantID, JobID, ViewDate)
-- values ('3', '6', '4/21/2017');
-- insert into applicant_views_job (ApplicantID, JobID, ViewDate)
-- values ('50', '23', '1/11/1962');
-- insert into applicant_views_job (ApplicantID, JobID, ViewDate)
-- values ('26', '35', '10/1/1969');
-- insert into applicant_views_job (ApplicantID, JobID, ViewDate)
-- values ('48', '46', '8/16/1970');
-- insert into applicant_views_job (ApplicantID, JobID, ViewDate)
-- values ('27', '50', '11/18/1991');
-- insert into applicant_views_job (ApplicantID, JobID, ViewDate)
-- values ('46', '45', '12/11/1965');
-- insert into applicant_views_job (ApplicantID, JobID, ViewDate)
-- values ('20', '19', '4/30/1992');
-- insert into applicant_views_job (ApplicantID, JobID, ViewDate)
-- values ('12', '12', '7/19/1961');
-- insert into applicant_views_job (ApplicantID, JobID, ViewDate)
-- values ('40', '48', '4/23/2007');
-- insert into applicant_views_job (ApplicantID, JobID, ViewDate)
-- values ('32', '33', '2/6/2009');
-- insert into applicant_views_job (ApplicantID, JobID, ViewDate)
-- values ('5', '43', '8/10/2000');
-- insert into applicant_views_job (ApplicantID, JobID, ViewDate)
-- values ('38', '13', '6/25/1990');
-- insert into applicant_views_job (ApplicantID, JobID, ViewDate)
-- values ('33', '1', '7/18/1979');
-- insert into applicant_views_job (ApplicantID, JobID, ViewDate)
-- values ('6', '21', '7/1/2003');
-- insert into applicant_views_job (ApplicantID, JobID, ViewDate)
-- values ('8', '27', '10/1/1990');
-- insert into applicant_views_job (ApplicantID, JobID, ViewDate)
-- values ('13', '7', '3/11/1966');
-- insert into applicant_views_job (ApplicantID, JobID, ViewDate)
-- values ('45', '31', '4/13/1968');
-- insert into applicant_views_job (ApplicantID, JobID, ViewDate)
-- values ('15', '3', '12/6/2006');
-- insert into applicant_views_job (ApplicantID, JobID, ViewDate)
-- values ('11', '14', '6/15/1973');
-- insert into applicant_views_job (ApplicantID, JobID, ViewDate)
-- values ('39', '28', '10/25/2016');
-- insert into applicant_views_job (ApplicantID, JobID, ViewDate)
-- values ('7', '30', '7/14/1979');
-- insert into applicant_views_job (ApplicantID, JobID, ViewDate)
-- values ('28', '22', '1/10/1999');
-- insert into applicant_views_job (ApplicantID, JobID, ViewDate)
-- values ('14', '32', '8/19/1969');
-- insert into applicant_views_job (ApplicantID, JobID, ViewDate)
-- values ('22', '8', '10/17/1998');
-- insert into applicant_views_job (ApplicantID, JobID, ViewDate)
-- values ('42', '11', '2/29/1972');
-- insert into applicant_views_job (ApplicantID, JobID, ViewDate)
-- values ('43', '36', '11/16/2006');
-- insert into applicant_views_job (ApplicantID, JobID, ViewDate)
-- values ('21', '25', '8/22/1965');
-- insert into applicant_views_job (ApplicantID, JobID, ViewDate)
-- values ('34', '4', '3/21/1968');
-- insert into applicant_views_job (ApplicantID, JobID, ViewDate)
-- values ('29', '29', '8/13/1994');
-- insert into applicant_views_job (ApplicantID, JobID, ViewDate)
-- values ('17', '18', '1/19/1970');
-- insert into applicant_views_job (ApplicantID, JobID, ViewDate)
-- values ('31', '44', '7/11/1967');
-- insert into applicant_views_job (ApplicantID, JobID, ViewDate)
-- values ('46', '50', '9/9/1960');
-- insert into applicant_views_job (ApplicantID, JobID, ViewDate)
-- values ('6', '33', '8/10/2003');
-- insert into applicant_views_job (ApplicantID, JobID, ViewDate)
-- values ('41', '38', '4/2/1974');
-- insert into applicant_views_job (ApplicantID, JobID, ViewDate)
-- values ('47', '25', '6/13/1995');
-- insert into applicant_views_job (ApplicantID, JobID, ViewDate)
-- values ('36', '18', '3/24/1988');
-- insert into applicant_views_job (ApplicantID, JobID, ViewDate)
-- values ('26', '46', '1/11/2018');
-- insert into applicant_views_job (ApplicantID, JobID, ViewDate)
-- values ('38', '28', '6/18/1973');
-- insert into applicant_views_job (ApplicantID, JobID, ViewDate)
-- values ('32', '32', '5/18/2012');
-- insert into applicant_views_job (ApplicantID, JobID, ViewDate)
-- values ('43', '49', '1/3/1990');
-- insert into applicant_views_job (ApplicantID, JobID, ViewDate)
-- values ('16', '45', '12/24/2017');
-- insert into applicant_views_job (ApplicantID, JobID, ViewDate)
-- values ('21', '13', '12/8/2004');
-- insert into applicant_views_job (ApplicantID, JobID, ViewDate)
-- values ('18', '31', '9/21/2016');
-- insert into applicant_views_job (ApplicantID, JobID, ViewDate)
-- values ('45', '3', '12/11/1984');
-- insert into applicant_views_job (ApplicantID, JobID, ViewDate)
-- values ('10', '8', '1/10/1988');
-- insert into applicant_views_job (ApplicantID, JobID, ViewDate)
-- values ('12', '21', '4/15/1966');
-- insert into applicant_views_job (ApplicantID, JobID, ViewDate)
-- values ('7', '1', '5/1/1999');
-- insert into applicant_views_job (ApplicantID, JobID, ViewDate)
-- values ('24', '22', '11/26/2015');
-- insert into applicant_views_job (ApplicantID, JobID, ViewDate)
-- values ('19', '43', '8/30/2012');
-- insert into applicant_views_job (ApplicantID, JobID, ViewDate)
-- values ('35', '2', '1/11/1985');
-- insert into applicant_views_job (ApplicantID, JobID, ViewDate)
-- values ('13', '41', '7/16/1972');
-- insert into applicant_views_job (ApplicantID, JobID, ViewDate)
-- values ('17', '5', '4/1/2009');
-- insert into applicant_views_job (ApplicantID, JobID, ViewDate)
-- values ('33', '7', '10/27/2018');
-- insert into applicant_views_job (ApplicantID, JobID, ViewDate)
-- values ('11', '26', '12/5/1990');
-- insert into applicant_views_job (ApplicantID, JobID, ViewDate)
-- values ('49', '9', '9/7/2018');
-- insert into applicant_views_job (ApplicantID, JobID, ViewDate)
-- values ('25', '10', '12/6/2004');
-- insert into applicant_views_job (ApplicantID, JobID, ViewDate)
-- values ('20', '14', '3/25/1963');
-- insert into applicant_views_job (ApplicantID, JobID, ViewDate)
-- values ('27', '20', '4/27/1987');
-- insert into applicant_views_job (ApplicantID, JobID, ViewDate)
-- values ('30', '34', '4/24/1962');
-- insert into applicant_views_job (ApplicantID, JobID, ViewDate)
-- values ('8', '4', '8/9/2019');
-- insert into applicant_views_job (ApplicantID, JobID, ViewDate)
-- values ('44', '12', '12/8/1988');
-- insert into applicant_views_job (ApplicantID, JobID, ViewDate)
-- values ('39', '11', '9/13/1978');
-- insert into applicant_views_job (ApplicantID, JobID, ViewDate)
-- values ('14', '40', '9/10/1999');
-- insert into applicant_views_job (ApplicantID, JobID, ViewDate)
-- values ('23', '16', '12/23/1981');
-- insert into applicant_views_job (ApplicantID, JobID, ViewDate)
-- values ('22', '37', '3/5/2017');
-- insert into applicant_views_job (ApplicantID, JobID, ViewDate)
-- values ('50', '6', '1/27/1976');
-- insert into applicant_views_job (ApplicantID, JobID, ViewDate)
-- values ('48', '36', '5/21/1967');
-- insert into applicant_views_job (ApplicantID, JobID, ViewDate)
-- values ('2', '29', '7/31/2010');
-- insert into applicant_views_job (ApplicantID, JobID, ViewDate)
-- values ('40', '19', '5/21/1983');
-- insert into applicant_views_job (ApplicantID, JobID, ViewDate)
-- values ('4', '47', '5/15/2002');
-- insert into applicant_views_job (ApplicantID, JobID, ViewDate)
-- values ('34', '27', '6/29/1996');
-- insert into applicant_views_job (ApplicantID, JobID, ViewDate)
-- values ('1', '23', '12/12/1990');
-- insert into applicant_views_job (ApplicantID, JobID, ViewDate)
-- values ('28', '35', '1/5/1962');
-- insert into applicant_views_job (ApplicantID, JobID, ViewDate)
-- values ('42', '39', '10/2/2003');
-- insert into applicant_views_job (ApplicantID, JobID, ViewDate)
-- values ('9', '24', '2/20/2019');
-- insert into applicant_views_job (ApplicantID, JobID, ViewDate)
-- values ('3', '15', '4/18/1998');
-- insert into applicant_views_job (ApplicantID, JobID, ViewDate)
-- values ('37', '48', '8/28/1991');
-- insert into applicant_views_job (ApplicantID, JobID, ViewDate)
-- values ('5', '42', '9/11/2022');
-- insert into applicant_views_job (ApplicantID, JobID, ViewDate)
-- values ('29', '30', '5/19/1975');
-- insert into applicant_views_job (ApplicantID, JobID, ViewDate)
-- values ('15', '17', '3/31/1990');


