-- post
use jobboard;

insert into post (PostID, CompanyID, Title, Description)
values (1, '19', 'ut ultrices vel augue', 'Aenean fermentum. Donec ut mauris eget massa tempor convallis.');
insert into post (PostID, CompanyID, Title, Description)
values (2, '47', 'enim in tempor turpis nec',
        'Mauris sit amet eros. Suspendisse accumsan tortor quis turpis. Sed ante. Vivamus tortor. Duis mattis egestas metus.');
insert into post (PostID, CompanyID, Title, Description)
values (3, '42', 'volutpat erat quisque erat',
        'Nunc nisl. Duis bibendum, felis sed interdum venenatis, turpis enim blandit mi, in porttitor pede justo eu massa.');
insert into post (PostID, CompanyID, Title, Description)
values (4, '39', 'auctor sed',
        'Aenean auctor gravida sem. Praesent id massa id nisl venenatis lacinia. Aenean sit amet justo.');
insert into post (PostID, CompanyID, Title, Description)
values (5, '50', 'ultrices phasellus id sapien',
        'Nam congue, risus semper porta volutpat, quam pede lobortis ligula, sit amet eleifend pede libero quis orci.');
insert into post (PostID, CompanyID, Title, Description)
values (6, '20', 'eget nunc donec quis', 'Morbi a ipsum. Integer a nibh. In quis justo.');
insert into post (PostID, CompanyID, Title, Description)
values (7, '18', 'turpis eget elit sodales',
        'Morbi sem mauris, laoreet ut, rhoncus aliquet, pulvinar sed, nisl. Nunc rhoncus dui vel sem. Sed sagittis.');
insert into post (PostID, CompanyID, Title, Description)
values (8, '6', 'dapibus nulla suscipit', 'Nulla nisl.');
insert into post (PostID, CompanyID, Title, Description)
values (9, '28', 'turpis enim',
        'Vestibulum ac est lacinia nisi venenatis tristique. Fusce congue, diam id ornare imperdiet, sapien urna pretium nisl, ut volutpat sapien arcu sed augue.');
insert into post (PostID, CompanyID, Title, Description)
values (10, '13', 'nibh fusce lacus', 'Maecenas leo odio, condimentum id, luctus nec, molestie sed, justo.');
insert into post (PostID, CompanyID, Title, Description)
values (11, '22', 'justo in', 'Nulla ac enim.');
insert into post (PostID, CompanyID, Title, Description)
values (12, '21', 'dui proin leo odio', 'Ut tellus. Nulla ut erat id mauris vulputate elementum. Nullam varius.');
insert into post (PostID, CompanyID, Title, Description)
values (13, '14', 'leo rhoncus sed vestibulum',
        'Integer ac leo. Pellentesque ultrices mattis odio. Donec vitae nisi. Nam ultrices, libero non mattis pulvinar, nulla pede ullamcorper augue, a suscipit nulla elit ac nulla.');
insert into post (PostID, CompanyID, Title, Description)
values (14, '7', 'quis tortor id nulla ultrices',
        'Phasellus sit amet erat. Nulla tempus. Vivamus in felis eu sapien cursus vestibulum. Proin eu mi. Nulla ac enim.');
insert into post (PostID, CompanyID, Title, Description)
values (15, '37', 'vitae',
        'Vivamus vel nulla eget eros elementum pellentesque. Quisque porta volutpat erat. Quisque erat eros, viverra eget, congue eget, semper rutrum, nulla. Nunc purus.');
insert into post (PostID, CompanyID, Title, Description)
values (16, '5', 'elementum', 'Ut tellus. Nulla ut erat id mauris vulputate elementum. Nullam varius.');
insert into post (PostID, CompanyID, Title, Description)
values (17, '8', 'eget eleifend', 'Donec dapibus. Duis at velit eu est congue elementum.');
insert into post (PostID, CompanyID, Title, Description)
values (18, '31', 'eu',
        'Vestibulum ante ipsum primis in faucibus orci luctus et ultrices posuere cubilia Curae; Duis faucibus accumsan odio. Curabitur convallis. Duis consequat dui nec nisi volutpat eleifend. Donec ut dolor.');
insert into post (PostID, CompanyID, Title, Description)
values (19, '26', 'donec diam neque vestibulum eget',
        'Morbi a ipsum. Integer a nibh. In quis justo. Maecenas rhoncus aliquam lacus.');
insert into post (PostID, CompanyID, Title, Description)
values (20, '1', 'adipiscing molestie', 'Integer non velit.');
insert into post (PostID, CompanyID, Title, Description)
values (21, '14', 'nunc rhoncus dui vel sem', 'Quisque id justo sit amet sapien dignissim vestibulum.');
insert into post (PostID, CompanyID, Title, Description)
values (22, '14', 'pellentesque at nulla suspendisse',
        'Donec dapibus. Duis at velit eu est congue elementum. In hac habitasse platea dictumst. Morbi vestibulum, velit id pretium iaculis, diam erat fermentum justo, nec condimentum neque sapien placerat ante.');
insert into post (PostID, CompanyID, Title, Description)
values (23, '35', 'eu mi nulla',
        'Aenean lectus. Pellentesque eget nunc. Donec quis orci eget orci vehicula condimentum. Curabitur in libero ut massa volutpat convallis.');
insert into post (PostID, CompanyID, Title, Description)
values (24, '41', 'maecenas tristique est et',
        'Aenean lectus. Pellentesque eget nunc. Donec quis orci eget orci vehicula condimentum. Curabitur in libero ut massa volutpat convallis.');
insert into post (PostID, CompanyID, Title, Description)
values (25, '29', 'nisl duis ac nibh',
        'Nunc nisl. Duis bibendum, felis sed interdum venenatis, turpis enim blandit mi, in porttitor pede justo eu massa. Donec dapibus. Duis at velit eu est congue elementum. In hac habitasse platea dictumst.');
insert into post (PostID, CompanyID, Title, Description)
values (26, '10', 'dapibus duis at', 'Sed accumsan felis.');
insert into post (PostID, CompanyID, Title, Description)
values (27, '48', 'sapien a',
        'Nulla mollis molestie lorem. Quisque ut erat. Curabitur gravida nisi at nibh. In hac habitasse platea dictumst. Aliquam augue quam, sollicitudin vitae, consectetuer eget, rutrum at, lorem.');
insert into post (PostID, CompanyID, Title, Description)
values (28, '11', 'ligula pellentesque',
        'In hac habitasse platea dictumst. Etiam faucibus cursus urna. Ut tellus. Nulla ut erat id mauris vulputate elementum. Nullam varius.');
insert into post (PostID, CompanyID, Title, Description)
values (29, '2', 'justo',
        'Morbi vestibulum, velit id pretium iaculis, diam erat fermentum justo, nec condimentum neque sapien placerat ante. Nulla justo. Aliquam quis turpis eget elit sodales scelerisque. Mauris sit amet eros.');
insert into post (PostID, CompanyID, Title, Description)
values (30, '30', 'ultricies eu nibh',
        'Nam nulla. Integer pede justo, lacinia eget, tincidunt eget, tempus vel, pede. Morbi porttitor lorem id ligula. Suspendisse ornare consequat lectus.');
insert into post (PostID, CompanyID, Title, Description)
values (31, '32', 'eros',
        'Morbi non quam nec dui luctus rutrum. Nulla tellus. In sagittis dui vel nisl. Duis ac nibh.');
insert into post (PostID, CompanyID, Title, Description)
values (32, '49', 'eleifend luctus ultricies eu nibh', 'Nulla tellus. In sagittis dui vel nisl.');
insert into post (PostID, CompanyID, Title, Description)
values (33, '40', 'tempus vivamus',
        'Vestibulum ante ipsum primis in faucibus orci luctus et ultrices posuere cubilia Curae; Mauris viverra diam vitae quam. Suspendisse potenti. Nullam porttitor lacus at turpis. Donec posuere metus vitae ipsum.');
insert into post (PostID, CompanyID, Title, Description)
values (34, '33', 'cras pellentesque volutpat',
        'Vivamus metus arcu, adipiscing molestie, hendrerit at, vulputate vitae, nisl. Aenean lectus. Pellentesque eget nunc. Donec quis orci eget orci vehicula condimentum.');
insert into post (PostID, CompanyID, Title, Description)
values (35, '34', 'vel pede morbi',
        'Praesent lectus. Vestibulum quam sapien, varius ut, blandit non, interdum in, ante. Vestibulum ante ipsum primis in faucibus orci luctus et ultrices posuere cubilia Curae; Duis faucibus accumsan odio.');
insert into post (PostID, CompanyID, Title, Description)
values (36, '23', 'pede lobortis ligula sit',
        'Nulla neque libero, convallis eget, eleifend luctus, ultricies eu, nibh. Quisque id justo sit amet sapien dignissim vestibulum.');
insert into post (PostID, CompanyID, Title, Description)
values (37, '25', 'arcu', 'Pellentesque eget nunc. Donec quis orci eget orci vehicula condimentum.');
insert into post (PostID, CompanyID, Title, Description)
values (38, '44', 'non velit donec diam neque',
        'Vestibulum ante ipsum primis in faucibus orci luctus et ultrices posuere cubilia Curae; Duis faucibus accumsan odio. Curabitur convallis.');
insert into post (PostID, CompanyID, Title, Description)
values (39, '46', 'vivamus vel', 'In sagittis dui vel nisl. Duis ac nibh.');
insert into post (PostID, CompanyID, Title, Description)
values (40, '16', 'ligula sit',
        'Donec dapibus. Duis at velit eu est congue elementum. In hac habitasse platea dictumst. Morbi vestibulum, velit id pretium iaculis, diam erat fermentum justo, nec condimentum neque sapien placerat ante. Nulla justo.');
insert into post (PostID, CompanyID, Title, Description)
values (41, '17', 'faucibus', 'Aliquam erat volutpat. In congue. Etiam justo.');
insert into post (PostID, CompanyID, Title, Description)
values (42, '38', 'lacus curabitur at',
        'Curabitur at ipsum ac tellus semper interdum. Mauris ullamcorper purus sit amet nulla. Quisque arcu libero, rutrum ac, lobortis vel, dapibus at, diam. Nam tristique tortor eu pede.');
insert into post (PostID, CompanyID, Title, Description)
values (43, '3', 'lobortis sapien sapien non mi',
        'Cras mi pede, malesuada in, imperdiet et, commodo vulputate, justo. In blandit ultrices enim.');
insert into post (PostID, CompanyID, Title, Description)
values (44, '3', 'parturient', 'Duis mattis egestas metus.');
insert into post (PostID, CompanyID, Title, Description)
values (45, '3', 'felis donec',
        'In blandit ultrices enim. Lorem ipsum dolor sit amet, consectetuer adipiscing elit. Proin interdum mauris non ligula pellentesque ultrices. Phasellus id sapien in sapien iaculis congue.');
insert into post (PostID, CompanyID, Title, Description)
values (46, '3', 'imperdiet sapien', 'Sed vel enim sit amet nunc viverra dapibus.');
insert into post (PostID, CompanyID, Title, Description)
values (47, '3', 'nec molestie sed justo', 'Quisque porta volutpat erat.');
insert into post (PostID, CompanyID, Title, Description)
values (48, '3', 'potenti in eleifend quam', 'Maecenas pulvinar lobortis est. Phasellus sit amet erat. Nulla tempus.');
insert into post (PostID, CompanyID, Title, Description)
values (49, '3', 'felis eu sapien cursus vestibulum',
        'Proin at turpis a pede posuere nonummy. Integer non velit. Donec diam neque, vestibulum eget, vulputate ut, ultrices vel, augue. Vestibulum ante ipsum primis in faucibus orci luctus et ultrices posuere cubilia Curae; Donec pharetra, magna vestibulum aliquet ultrices, erat tortor sollicitudin mi, sit amet lobortis sapien sapien non mi.');
insert into post (PostID, CompanyID, Title, Description)
values (50, '9', 'leo odio condimentum id',
        'Etiam pretium iaculis justo. In hac habitasse platea dictumst. Etiam faucibus cursus urna. Ut tellus.');



-- photo


insert into photo (PhotoID, PostID, ImageFilename)
values (1, '9', 'diam.png');
insert into photo (PhotoID, PostID, ImageFilename)
values (2, '37', 'sed.png');
insert into photo (PhotoID, PostID, ImageFilename)
values (3, '40', 'congue.png');
insert into photo (PhotoID, PostID, ImageFilename)
values (4, '35', 'ultrices.png');
insert into photo (PhotoID, PostID, ImageFilename)
values (5, '48', 'justo.png');
insert into photo (PhotoID, PostID, ImageFilename)
values (6, '38', 'amet.png');
insert into photo (PhotoID, PostID, ImageFilename)
values (7, '31', 'placerat.png');
insert into photo (PhotoID, PostID, ImageFilename)
values (8, '33', 'nullam.png');
insert into photo (PhotoID, PostID, ImageFilename)
values (9, '18', 'dapibus.png');
insert into photo (PhotoID, PostID, ImageFilename)
values (10, '7', 'maecenas.png');
insert into photo (PhotoID, PostID, ImageFilename)
values (11, '25', 'integer.png');
insert into photo (PhotoID, PostID, ImageFilename)
values (12, '39', 'in.png');
insert into photo (PhotoID, PostID, ImageFilename)
values (13, '5', 'hac.png');
insert into photo (PhotoID, PostID, ImageFilename)
values (14, '21', 'mi.png');
insert into photo (PhotoID, PostID, ImageFilename)
values (15, '14', 'hac.png');
insert into photo (PhotoID, PostID, ImageFilename)
values (16, '28', 'vivamus.png');
insert into photo (PhotoID, PostID, ImageFilename)
values (17, '17', 'massa.png');
insert into photo (PhotoID, PostID, ImageFilename)
values (18, '6', 'erat.png');
insert into photo (PhotoID, PostID, ImageFilename)
values (19, '32', 'luctus.png');
insert into photo (PhotoID, PostID, ImageFilename)
values (20, '34', 'nonummy.png');
insert into photo (PhotoID, PostID, ImageFilename)
values (21, '19', 'diam.png');
insert into photo (PhotoID, PostID, ImageFilename)
values (22, '46', 'vitae.png');
insert into photo (PhotoID, PostID, ImageFilename)
values (23, '13', 'sit.png');
insert into photo (PhotoID, PostID, ImageFilename)
values (24, '26', 'tincidunt.png');
insert into photo (PhotoID, PostID, ImageFilename)
values (25, '45', 'mauris.png');
insert into photo (PhotoID, PostID, ImageFilename)
values (26, '29', 'ipsum.png');
insert into photo (PhotoID, PostID, ImageFilename)
values (27, '44', 'in.png');
insert into photo (PhotoID, PostID, ImageFilename)
values (28, '49', 'facilisi.png');
insert into photo (PhotoID, PostID, ImageFilename)
values (29, '10', 'non.png');
insert into photo (PhotoID, PostID, ImageFilename)
values (30, '50', 'nulla.png');
insert into photo (PhotoID, PostID, ImageFilename)
values (31, '47', 'in.png');
insert into photo (PhotoID, PostID, ImageFilename)
values (32, '43', 'eget.png');
insert into photo (PhotoID, PostID, ImageFilename)
values (33, '16', 'faucibus.png');
insert into photo (PhotoID, PostID, ImageFilename)
values (34, '42', 'in.png');
insert into photo (PhotoID, PostID, ImageFilename)
values (35, '3', 'sed.png');
insert into photo (PhotoID, PostID, ImageFilename)
values (36, '2', 'sed.png');
insert into photo (PhotoID, PostID, ImageFilename)
values (37, '15', 'ante.png');
insert into photo (PhotoID, PostID, ImageFilename)
values (38, '30', 'pede.png');
insert into photo (PhotoID, PostID, ImageFilename)
values (39, '27', 'in.png');
insert into photo (PhotoID, PostID, ImageFilename)
values (40, '41', 'orci.png');
insert into photo (PhotoID, PostID, ImageFilename)
values (41, '23', 'lobortis.png');
insert into photo (PhotoID, PostID, ImageFilename)
values (42, '24', 'tincidunt.png');
insert into photo (PhotoID, PostID, ImageFilename)
values (43, '4', 'tincidunt.png');
insert into photo (PhotoID, PostID, ImageFilename)
values (44, '1', 'at.png');
insert into photo (PhotoID, PostID, ImageFilename)
values (45, '11', 'blandit.png');
insert into photo (PhotoID, PostID, ImageFilename)
values (46, '12', 'iaculis.png');
insert into photo (PhotoID, PostID, ImageFilename)
values (47, '22', 'eleifend.png');
insert into photo (PhotoID, PostID, ImageFilename)
values (48, '20', 'sapien.png');
insert into photo (PhotoID, PostID, ImageFilename)
values (49, '8', 'adipiscing.png');
insert into photo (PhotoID, PostID, ImageFilename)
values (50, '36', 'adipiscing.png');


-- applicant-views post

insert into applicant_views_post (ApplicantID, PostID, ViewDate) values ('29', '44', '2007-04-29');
insert into applicant_views_post (ApplicantID, PostID, ViewDate) values ('39', '9', '2020-12-26');
insert into applicant_views_post (ApplicantID, PostID, ViewDate) values ('7', '6', '2001-10-10');
insert into applicant_views_post (ApplicantID, PostID, ViewDate) values ('17', '43', '2000-07-04');
insert into applicant_views_post (ApplicantID, PostID, ViewDate) values ('21', '27', '2012-02-03');
insert into applicant_views_post (ApplicantID, PostID, ViewDate) values ('5', '22', '2012-07-15');
insert into applicant_views_post (ApplicantID, PostID, ViewDate) values ('8', '42', '2004-01-29');
insert into applicant_views_post (ApplicantID, PostID, ViewDate) values ('23', '48', '2004-10-18');
insert into applicant_views_post (ApplicantID, PostID, ViewDate) values ('50', '35', '2005-04-26');
insert into applicant_views_post (ApplicantID, PostID, ViewDate) values ('42', '49', '2005-06-02');
insert into applicant_views_post (ApplicantID, PostID, ViewDate) values ('47', '13', '2020-04-11');
insert into applicant_views_post (ApplicantID, PostID, ViewDate) values ('9', '46', '2011-06-05');
insert into applicant_views_post (ApplicantID, PostID, ViewDate) values ('15', '8', '2013-01-02');
insert into applicant_views_post (ApplicantID, PostID, ViewDate) values ('3', '11', '2010-05-15');
insert into applicant_views_post (ApplicantID, PostID, ViewDate) values ('40', '18', '2014-08-16');
insert into applicant_views_post (ApplicantID, PostID, ViewDate) values ('27', '17', '2018-03-19');
insert into applicant_views_post (ApplicantID, PostID, ViewDate) values ('41', '19', '2010-10-05');
insert into applicant_views_post (ApplicantID, PostID, ViewDate) values ('2', '39', '2005-11-14');
insert into applicant_views_post (ApplicantID, PostID, ViewDate) values ('24', '41', '2023-11-14');
insert into applicant_views_post (ApplicantID, PostID, ViewDate) values ('34', '7', '2009-05-05');
insert into applicant_views_post (ApplicantID, PostID, ViewDate) values ('30', '2', '2006-09-18');
insert into applicant_views_post (ApplicantID, PostID, ViewDate) values ('10', '31', '2018-12-16');
insert into applicant_views_post (ApplicantID, PostID, ViewDate) values ('6', '40', '2009-02-14');
insert into applicant_views_post (ApplicantID, PostID, ViewDate) values ('20', '15', '2001-08-01');
insert into applicant_views_post (ApplicantID, PostID, ViewDate) values ('1', '32', '2014-10-06');
insert into applicant_views_post (ApplicantID, PostID, ViewDate) values ('14', '14', '2006-12-05');
insert into applicant_views_post (ApplicantID, PostID, ViewDate) values ('18', '26', '2018-09-19');
insert into applicant_views_post (ApplicantID, PostID, ViewDate) values ('44', '36', '2021-06-28');
insert into applicant_views_post (ApplicantID, PostID, ViewDate) values ('13', '45', '2004-07-30');
insert into applicant_views_post (ApplicantID, PostID, ViewDate) values ('25', '4', '2006-04-12');
insert into applicant_views_post (ApplicantID, PostID, ViewDate) values ('37', '30', '2002-07-21');
insert into applicant_views_post (ApplicantID, PostID, ViewDate) values ('19', '47', '2007-01-25');
insert into applicant_views_post (ApplicantID, PostID, ViewDate) values ('33', '3', '2000-11-03');
insert into applicant_views_post (ApplicantID, PostID, ViewDate) values ('38', '16', '2009-02-17');
insert into applicant_views_post (ApplicantID, PostID, ViewDate) values ('12', '24', '2012-10-07');
insert into applicant_views_post (ApplicantID, PostID, ViewDate) values ('43', '29', '2006-06-02');
insert into applicant_views_post (ApplicantID, PostID, ViewDate) values ('48', '33', '2006-09-29');
insert into applicant_views_post (ApplicantID, PostID, ViewDate) values ('36', '5', '2017-04-14');
insert into applicant_views_post (ApplicantID, PostID, ViewDate) values ('45', '1', '2006-05-09');
insert into applicant_views_post (ApplicantID, PostID, ViewDate) values ('32', '38', '2019-11-10');
insert into applicant_views_post (ApplicantID, PostID, ViewDate) values ('31', '20', '2018-02-27');
insert into applicant_views_post (ApplicantID, PostID, ViewDate) values ('11', '10', '2023-09-30');
insert into applicant_views_post (ApplicantID, PostID, ViewDate) values ('16', '34', '2007-09-13');
insert into applicant_views_post (ApplicantID, PostID, ViewDate) values ('35', '25', '2012-02-20');
insert into applicant_views_post (ApplicantID, PostID, ViewDate) values ('46', '37', '2011-02-01');
insert into applicant_views_post (ApplicantID, PostID, ViewDate) values ('26', '50', '2016-07-18');
insert into applicant_views_post (ApplicantID, PostID, ViewDate) values ('49', '21', '2012-08-21');
insert into applicant_views_post (ApplicantID, PostID, ViewDate) values ('22', '12', '2014-04-07');
insert into applicant_views_post (ApplicantID, PostID, ViewDate) values ('4', '28', '2015-12-30');
insert into applicant_views_post (ApplicantID, PostID, ViewDate) values ('28', '23', '2012-12-18');
insert into applicant_views_post (ApplicantID, PostID, ViewDate) values ('23', '1', '2008-03-12');
insert into applicant_views_post (ApplicantID, PostID, ViewDate) values ('43', '36', '2000-03-07');
insert into applicant_views_post (ApplicantID, PostID, ViewDate) values ('18', '11', '2000-01-14');
insert into applicant_views_post (ApplicantID, PostID, ViewDate) values ('12', '28', '2012-03-27');
insert into applicant_views_post (ApplicantID, PostID, ViewDate) values ('29', '40', '2010-12-14');
insert into applicant_views_post (ApplicantID, PostID, ViewDate) values ('46', '19', '2017-04-10');
insert into applicant_views_post (ApplicantID, PostID, ViewDate) values ('21', '9', '2019-02-05');
insert into applicant_views_post (ApplicantID, PostID, ViewDate) values ('45', '16', '2009-10-01');
insert into applicant_views_post (ApplicantID, PostID, ViewDate) values ('8', '29', '2022-09-25');
insert into applicant_views_post (ApplicantID, PostID, ViewDate) values ('20', '45', '2017-03-01');
insert into applicant_views_post (ApplicantID, PostID, ViewDate) values ('27', '23', '2005-05-13');
insert into applicant_views_post (ApplicantID, PostID, ViewDate) values ('7', '26', '2011-09-13');
insert into applicant_views_post (ApplicantID, PostID, ViewDate) values ('17', '12', '2019-02-01');
insert into applicant_views_post (ApplicantID, PostID, ViewDate) values ('28', '31', '2001-09-19');
insert into applicant_views_post (ApplicantID, PostID, ViewDate) values ('19', '14', '2017-07-29');
insert into applicant_views_post (ApplicantID, PostID, ViewDate) values ('26', '18', '2005-09-09');
insert into applicant_views_post (ApplicantID, PostID, ViewDate) values ('48', '37', '2018-02-22');
insert into applicant_views_post (ApplicantID, PostID, ViewDate) values ('6', '46', '2009-08-02');
insert into applicant_views_post (ApplicantID, PostID, ViewDate) values ('11', '27', '2008-07-23');
insert into applicant_views_post (ApplicantID, PostID, ViewDate) values ('37', '43', '2021-03-27');
insert into applicant_views_post (ApplicantID, PostID, ViewDate) values ('47', '25', '2007-10-22');
insert into applicant_views_post (ApplicantID, PostID, ViewDate) values ('16', '22', '2000-08-31');
insert into applicant_views_post (ApplicantID, PostID, ViewDate) values ('5', '50', '2022-01-31');
insert into applicant_views_post (ApplicantID, PostID, ViewDate) values ('24', '8', '2017-12-05');
insert into applicant_views_post (ApplicantID, PostID, ViewDate) values ('36', '34', '2017-01-08');
insert into applicant_views_post (ApplicantID, PostID, ViewDate) values ('34', '35', '2019-01-27');
insert into applicant_views_post (ApplicantID, PostID, ViewDate) values ('30', '44', '2022-09-16');
insert into applicant_views_post (ApplicantID, PostID, ViewDate) values ('42', '39', '2013-09-22');
insert into applicant_views_post (ApplicantID, PostID, ViewDate) values ('10', '15', '2021-01-16');
insert into applicant_views_post (ApplicantID, PostID, ViewDate) values ('15', '41', '2009-03-13');
insert into applicant_views_post (ApplicantID, PostID, ViewDate) values ('50', '32', '2000-08-08');
insert into applicant_views_post (ApplicantID, PostID, ViewDate) values ('4', '49', '2012-06-25');
insert into applicant_views_post (ApplicantID, PostID, ViewDate) values ('40', '33', '2013-04-22');
insert into applicant_views_post (ApplicantID, PostID, ViewDate) values ('49', '17', '2018-08-24');
insert into applicant_views_post (ApplicantID, PostID, ViewDate) values ('33', '42', '2002-09-25');
insert into applicant_views_post (ApplicantID, PostID, ViewDate) values ('25', '48', '2020-05-10');
insert into applicant_views_post (ApplicantID, PostID, ViewDate) values ('22', '20', '2009-10-03');
insert into applicant_views_post (ApplicantID, PostID, ViewDate) values ('41', '21', '2006-07-26');
insert into applicant_views_post (ApplicantID, PostID, ViewDate) values ('39', '5', '2017-06-03');
insert into applicant_views_post (ApplicantID, PostID, ViewDate) values ('31', '38', '2007-09-02');
insert into applicant_views_post (ApplicantID, PostID, ViewDate) values ('2', '10', '2014-12-14');
insert into applicant_views_post (ApplicantID, PostID, ViewDate) values ('35', '47', '2017-05-31');
insert into applicant_views_post (ApplicantID, PostID, ViewDate) values ('38', '2', '2006-09-27');
insert into applicant_views_post (ApplicantID, PostID, ViewDate) values ('14', '30', '2003-01-26');
insert into applicant_views_post (ApplicantID, PostID, ViewDate) values ('32', '4', '2005-08-10');
insert into applicant_views_post (ApplicantID, PostID, ViewDate) values ('44', '13', '2023-07-03');
insert into applicant_views_post (ApplicantID, PostID, ViewDate) values ('9', '6', '2003-07-26');
insert into applicant_views_post (ApplicantID, PostID, ViewDate) values ('13', '24', '2017-06-03');
insert into applicant_views_post (ApplicantID, PostID, ViewDate) values ('1', '7', '2010-05-07');
insert into applicant_views_post (ApplicantID, PostID, ViewDate) values ('3', '3', '2018-01-30');
insert into applicant_views_post (ApplicantID, PostID, ViewDate) values ('1', '30', '2017-08-12');
insert into applicant_views_post (ApplicantID, PostID, ViewDate) values ('30', '6', '2004-01-20');
insert into applicant_views_post (ApplicantID, PostID, ViewDate) values ('22', '35', '2016-08-03');
insert into applicant_views_post (ApplicantID, PostID, ViewDate) values ('4', '40', '2010-01-03');
insert into applicant_views_post (ApplicantID, PostID, ViewDate) values ('27', '36', '2013-09-04');
insert into applicant_views_post (ApplicantID, PostID, ViewDate) values ('23', '34', '2019-12-14');
insert into applicant_views_post (ApplicantID, PostID, ViewDate) values ('28', '46', '2004-06-04');
insert into applicant_views_post (ApplicantID, PostID, ViewDate) values ('48', '27', '2007-10-31');
insert into applicant_views_post (ApplicantID, PostID, ViewDate) values ('47', '50', '2006-06-21');
insert into applicant_views_post (ApplicantID, PostID, ViewDate) values ('34', '38', '2010-08-29');
insert into applicant_views_post (ApplicantID, PostID, ViewDate) values ('45', '43', '2021-01-07');
insert into applicant_views_post (ApplicantID, PostID, ViewDate) values ('2', '2', '2021-12-15');
insert into applicant_views_post (ApplicantID, PostID, ViewDate) values ('25', '26', '2020-02-19');
insert into applicant_views_post (ApplicantID, PostID, ViewDate) values ('20', '33', '2013-04-10');
insert into applicant_views_post (ApplicantID, PostID, ViewDate) values ('29', '25', '2022-11-05');
insert into applicant_views_post (ApplicantID, PostID, ViewDate) values ('11', '8', '2006-08-13');
insert into applicant_views_post (ApplicantID, PostID, ViewDate) values ('49', '19', '2008-02-19');
insert into applicant_views_post (ApplicantID, PostID, ViewDate) values ('5', '4', '2000-04-29');
insert into applicant_views_post (ApplicantID, PostID, ViewDate) values ('21', '20', '2000-12-20');
insert into applicant_views_post (ApplicantID, PostID, ViewDate) values ('36', '31', '2008-04-02');
insert into applicant_views_post (ApplicantID, PostID, ViewDate) values ('8', '17', '2007-02-09');
insert into applicant_views_post (ApplicantID, PostID, ViewDate) values ('6', '48', '2018-07-20');
insert into applicant_views_post (ApplicantID, PostID, ViewDate) values ('38', '15', '2017-06-21');
insert into applicant_views_post (ApplicantID, PostID, ViewDate) values ('10', '41', '2009-11-10');
insert into applicant_views_post (ApplicantID, PostID, ViewDate) values ('31', '23', '2019-11-29');
insert into applicant_views_post (ApplicantID, PostID, ViewDate) values ('12', '45', '2015-08-13');
insert into applicant_views_post (ApplicantID, PostID, ViewDate) values ('17', '32', '2009-08-29');
insert into applicant_views_post (ApplicantID, PostID, ViewDate) values ('37', '37', '2013-07-29');
insert into applicant_views_post (ApplicantID, PostID, ViewDate) values ('35', '28', '2002-04-10');
insert into applicant_views_post (ApplicantID, PostID, ViewDate) values ('13', '44', '2022-10-17');
insert into applicant_views_post (ApplicantID, PostID, ViewDate) values ('32', '24', '2008-12-10');
insert into applicant_views_post (ApplicantID, PostID, ViewDate) values ('15', '21', '2018-08-30');
insert into applicant_views_post (ApplicantID, PostID, ViewDate) values ('16', '1', '2003-10-04');
insert into applicant_views_post (ApplicantID, PostID, ViewDate) values ('44', '3', '2023-03-15');
insert into applicant_views_post (ApplicantID, PostID, ViewDate) values ('24', '49', '2012-03-06');
insert into applicant_views_post (ApplicantID, PostID, ViewDate) values ('39', '39', '2023-03-05');
insert into applicant_views_post (ApplicantID, PostID, ViewDate) values ('50', '10', '2009-09-05');
insert into applicant_views_post (ApplicantID, PostID, ViewDate) values ('26', '12', '2013-06-30');
insert into applicant_views_post (ApplicantID, PostID, ViewDate) values ('9', '18', '2000-06-10');
insert into applicant_views_post (ApplicantID, PostID, ViewDate) values ('33', '47', '2002-12-05');
insert into applicant_views_post (ApplicantID, PostID, ViewDate) values ('7', '29', '2018-01-09');
insert into applicant_views_post (ApplicantID, PostID, ViewDate) values ('42', '16', '2013-02-13');
insert into applicant_views_post (ApplicantID, PostID, ViewDate) values ('46', '5', '2021-09-17');
insert into applicant_views_post (ApplicantID, PostID, ViewDate) values ('41', '14', '2013-09-15');
insert into applicant_views_post (ApplicantID, PostID, ViewDate) values ('40', '7', '2011-07-30');
insert into applicant_views_post (ApplicantID, PostID, ViewDate) values ('14', '11', '2015-10-27');
insert into applicant_views_post (ApplicantID, PostID, ViewDate) values ('18', '13', '2020-08-11');
insert into applicant_views_post (ApplicantID, PostID, ViewDate) values ('43', '9', '2012-11-26');
insert into applicant_views_post (ApplicantID, PostID, ViewDate) values ('3', '42', '2002-05-18');
insert into applicant_views_post (ApplicantID, PostID, ViewDate) values ('19', '22', '2016-10-16');
insert into applicant_views_post (ApplicantID, PostID, ViewDate) values ('44', '43', '2013-11-04');
insert into applicant_views_post (ApplicantID, PostID, ViewDate) values ('18', '37', '2012-01-24');
insert into applicant_views_post (ApplicantID, PostID, ViewDate) values ('6', '33', '2023-11-22');
insert into applicant_views_post (ApplicantID, PostID, ViewDate) values ('3', '42', '2006-01-22');
insert into applicant_views_post (ApplicantID, PostID, ViewDate) values ('2', '32', '2007-08-25');
insert into applicant_views_post (ApplicantID, PostID, ViewDate) values ('41', '45', '2007-03-23');
insert into applicant_views_post (ApplicantID, PostID, ViewDate) values ('27', '38', '2021-08-25');
insert into applicant_views_post (ApplicantID, PostID, ViewDate) values ('34', '15', '2007-09-25');
insert into applicant_views_post (ApplicantID, PostID, ViewDate) values ('29', '46', '2015-09-07');
insert into applicant_views_post (ApplicantID, PostID, ViewDate) values ('45', '12', '2020-10-21');
insert into applicant_views_post (ApplicantID, PostID, ViewDate) values ('15', '11', '2010-08-14');
insert into applicant_views_post (ApplicantID, PostID, ViewDate) values ('25', '2', '2004-07-20');
insert into applicant_views_post (ApplicantID, PostID, ViewDate) values ('14', '17', '2015-09-17');
insert into applicant_views_post (ApplicantID, PostID, ViewDate) values ('38', '16', '2005-07-21');
insert into applicant_views_post (ApplicantID, PostID, ViewDate) values ('28', '22', '2008-09-03');
insert into applicant_views_post (ApplicantID, PostID, ViewDate) values ('22', '50', '2022-08-09');
insert into applicant_views_post (ApplicantID, PostID, ViewDate) values ('26', '14', '2020-10-25');
insert into applicant_views_post (ApplicantID, PostID, ViewDate) values ('1', '35', '2015-03-16');
insert into applicant_views_post (ApplicantID, PostID, ViewDate) values ('35', '47', '2021-09-20');
insert into applicant_views_post (ApplicantID, PostID, ViewDate) values ('40', '39', '2004-07-06');
insert into applicant_views_post (ApplicantID, PostID, ViewDate) values ('39', '3', '2020-07-10');
insert into applicant_views_post (ApplicantID, PostID, ViewDate) values ('32', '44', '2021-07-18');
insert into applicant_views_post (ApplicantID, PostID, ViewDate) values ('19', '7', '2003-11-02');
insert into applicant_views_post (ApplicantID, PostID, ViewDate) values ('37', '4', '2012-04-27');
insert into applicant_views_post (ApplicantID, PostID, ViewDate) values ('9', '36', '2008-12-04');
insert into applicant_views_post (ApplicantID, PostID, ViewDate) values ('43', '8', '2002-08-05');
insert into applicant_views_post (ApplicantID, PostID, ViewDate) values ('46', '49', '2019-10-27');
insert into applicant_views_post (ApplicantID, PostID, ViewDate) values ('20', '21', '2019-06-19');
insert into applicant_views_post (ApplicantID, PostID, ViewDate) values ('36', '25', '2000-01-29');
insert into applicant_views_post (ApplicantID, PostID, ViewDate) values ('33', '5', '2022-05-08');
insert into applicant_views_post (ApplicantID, PostID, ViewDate) values ('8', '40', '2006-11-14');
insert into applicant_views_post (ApplicantID, PostID, ViewDate) values ('17', '48', '2007-09-06');
insert into applicant_views_post (ApplicantID, PostID, ViewDate) values ('13', '29', '2000-12-05');
insert into applicant_views_post (ApplicantID, PostID, ViewDate) values ('7', '31', '2000-04-05');
insert into applicant_views_post (ApplicantID, PostID, ViewDate) values ('4', '34', '2006-04-11');
insert into applicant_views_post (ApplicantID, PostID, ViewDate) values ('11', '10', '2009-09-10');
insert into applicant_views_post (ApplicantID, PostID, ViewDate) values ('47', '9', '2003-01-07');
insert into applicant_views_post (ApplicantID, PostID, ViewDate) values ('31', '26', '2022-12-28');
insert into applicant_views_post (ApplicantID, PostID, ViewDate) values ('5', '23', '2018-06-24');
insert into applicant_views_post (ApplicantID, PostID, ViewDate) values ('30', '1', '2018-12-29');
insert into applicant_views_post (ApplicantID, PostID, ViewDate) values ('49', '18', '2006-07-29');
insert into applicant_views_post (ApplicantID, PostID, ViewDate) values ('48', '27', '2012-01-03');
insert into applicant_views_post (ApplicantID, PostID, ViewDate) values ('16', '13', '2010-05-18');
insert into applicant_views_post (ApplicantID, PostID, ViewDate) values ('24', '30', '2016-07-29');
insert into applicant_views_post (ApplicantID, PostID, ViewDate) values ('23', '6', '2013-01-11');
insert into applicant_views_post (ApplicantID, PostID, ViewDate) values ('42', '41', '2022-09-19');
insert into applicant_views_post (ApplicantID, PostID, ViewDate) values ('10', '19', '2012-03-27');
insert into applicant_views_post (ApplicantID, PostID, ViewDate) values ('21', '28', '2019-08-09');
insert into applicant_views_post (ApplicantID, PostID, ViewDate) values ('50', '20', '2012-08-26');
insert into applicant_views_post (ApplicantID, PostID, ViewDate) values ('12', '24', '2007-06-01');
